
> dev
> lerna run dev:viewer --stream

lerna notice cli v7.4.2

> @ohif/app:"dev:viewer"

(node:134596) [DEP0060] DeprecationWarning: The `util._extend` API is deprecated. Please use Object.assign() instead.
(Use `node --trace-deprecation ...` to show where the warning was created)
@ohif/app: [2K[1G@ohif/app: [1myarn run v1.22.22[22m
@ohif/app: [2K[1G[2m$ yarn run dev[22m
@ohif/app: [2K[1G@ohif/app: [2m$ cross-env NODE_ENV=development WEBPACK_SERVE=true webpack serve --config .webpack/webpack.pwa.js[22m
@ohif/app: Browserslist: browsers data (caniuse-lite) is 7 months old. Please run:
@ohif/app:   npx update-browserslist-db@latest
@ohif/app:   Why you should do it regularly: https://github.com/browserslist/update-db#readme
@ohif/app: (node:69856) [DEP_WEBPACK_DEV_SERVER_PROXY_ROUTES_ARGUMENT] DeprecationWarning: Invalid proxy configuration:
@ohif/app: {
@ohif/app:   "/dicomweb": "http://localhost:5000",
@ohif/app:   "logLevel": "info"
@ohif/app: }
@ohif/app: The use of proxy object notation as proxy routes has been removed.
@ohif/app: Please use the 'router' or 'context' options. Read more at https://github.com/chimurai/http-proxy-middleware/tree/v2.0.6#http-proxy-middleware-options
@ohif/app: (Use `node --trace-deprecation ...` to show where the warning was created)
@ohif/app: <i> [webpack-dev-server] Project is running at:
@ohif/app: <i> [webpack-dev-server] Loopback: [36mhttp://localhost:3000/[39m, [36mhttp://[::1]:3000/[39m
@ohif/app: <i> [webpack-dev-server] On Your Network (IPv4): [36mhttp://192.168.10.150:3000/[39m
@ohif/app: <i> [webpack-dev-server] Content not from webpack is served from '[36m../../testdata[39m' directory
@ohif/app: <i> [webpack-dev-server] 404s will fallback to '[36m/index.html[39m'
@ohif/app: <i> [webpack-dev-middleware] wait until bundle finished: /
@ohif/app: <w> [webpack.cache.PackFileCacheStrategy] Restoring failed for ResolverCachePlugin|normal|default|fullySpecified=|false|dependencyType=|esm|path=|D:\OHIF_MP\Viewers_v2\platform\app\src|request=|./pluginImports from pack: Error: Cannot find module 'D:\OHIF_MP\Viewers_v2\node_modules\mini-css-extract-plugin\dist\CssDependency'
@ohif/app: <w> Require stack:
@ohif/app: <w> - D:\OHIF_MP\Viewers_v2\node_modules\webpack\lib\serialization\ObjectMiddleware.js
@ohif/app: <w> - D:\OHIF_MP\Viewers_v2\node_modules\webpack\lib\util\serialization.js
@ohif/app: <w> - D:\OHIF_MP\Viewers_v2\node_modules\webpack\lib\util\makeSerializable.js
@ohif/app: <w> - D:\OHIF_MP\Viewers_v2\node_modules\webpack\lib\dependencies\EntryDependency.js
@ohif/app: <w> - D:\OHIF_MP\Viewers_v2\node_modules\webpack\lib\EntryPlugin.js
@ohif/app: <w> - D:\OHIF_MP\Viewers_v2\node_modules\webpack\lib\index.js
@ohif/app: <w> - D:\OHIF_MP\Viewers_v2\node_modules\webpack-cli\lib\webpack-cli.js
@ohif/app: <w> - D:\OHIF_MP\Viewers_v2\node_modules\webpack-cli\lib\bootstrap.js
@ohif/app: <w> - D:\OHIF_MP\Viewers_v2\node_modules\webpack-cli\bin\cli.js
@ohif/app: <w> - D:\OHIF_MP\Viewers_v2\node_modules\webpack\bin\webpack.js
@ohif/app: <w> (during deserialization of Array)
@ohif/app: <w> (during deserialization of webpack/lib/NormalModule)
@ohif/app: <w> (during deserialization of Map)
@ohif/app: <w> (during deserialization of webpack/lib/cache/PackFileCacheStrategy PackContentItems)
@ohif/app: <w> [webpack.cache.PackFileCacheStrategy] Restoring failed for Compilation/modules|D:\OHIF_MP\Viewers_v2\node_modules\babel-loader\lib\index.js??ruleSet[1].rules[0]!D:\OHIF_MP\Viewers_v2\node_modules\babel-loader\lib\index.js??ruleSet[1].rules[2]!D:\OHIF_MP\Viewers_v2\platform\app\src\pluginImports.js from pack: Error: Cannot find module 'D:\OHIF_MP\Viewers_v2\node_modules\mini-css-extract-plugin\dist\CssDependency'
@ohif/app: <w> Require stack:
@ohif/app: <w> - D:\OHIF_MP\Viewers_v2\node_modules\webpack\lib\serialization\ObjectMiddleware.js
@ohif/app: <w> - D:\OHIF_MP\Viewers_v2\node_modules\webpack\lib\util\serialization.js
@ohif/app: <w> - D:\OHIF_MP\Viewers_v2\node_modules\webpack\lib\util\makeSerializable.js
@ohif/app: <w> - D:\OHIF_MP\Viewers_v2\node_modules\webpack\lib\dependencies\EntryDependency.js
@ohif/app: <w> - D:\OHIF_MP\Viewers_v2\node_modules\webpack\lib\EntryPlugin.js
@ohif/app: <w> - D:\OHIF_MP\Viewers_v2\node_modules\webpack\lib\index.js
@ohif/app: <w> - D:\OHIF_MP\Viewers_v2\node_modules\webpack-cli\lib\webpack-cli.js
@ohif/app: <w> - D:\OHIF_MP\Viewers_v2\node_modules\webpack-cli\lib\bootstrap.js
@ohif/app: <w> - D:\OHIF_MP\Viewers_v2\node_modules\webpack-cli\bin\cli.js
@ohif/app: <w> - D:\OHIF_MP\Viewers_v2\node_modules\webpack\bin\webpack.js
@ohif/app: <w> (during deserialization of Array)
@ohif/app: <w> (during deserialization of webpack/lib/NormalModule)
@ohif/app: <w> (during deserialization of Map)
@ohif/app: <w> (during deserialization of webpack/lib/cache/PackFileCacheStrategy PackContentItems)
@ohif/app: <w> [webpack.cache.PackFileCacheStrategy] Restoring failed for ResolverCachePlugin|normal|default|dependencyType=|commonjs|path=|D:\OHIF_MP\Viewers_v2\node_modules\moment\locale|request=|./af from pack: Error: Cannot find module 'D:\OHIF_MP\Viewers_v2\node_modules\mini-css-extract-plugin\dist\CssDependency'
@ohif/app: <w> Require stack:
@ohif/app: <w> - D:\OHIF_MP\Viewers_v2\node_modules\webpack\lib\serialization\ObjectMiddleware.js
@ohif/app: <w> - D:\OHIF_MP\Viewers_v2\node_modules\webpack\lib\util\serialization.js
@ohif/app: <w> - D:\OHIF_MP\Viewers_v2\node_modules\webpack\lib\util\makeSerializable.js
@ohif/app: <w> - D:\OHIF_MP\Viewers_v2\node_modules\webpack\lib\dependencies\EntryDependency.js
@ohif/app: <w> - D:\OHIF_MP\Viewers_v2\node_modules\webpack\lib\EntryPlugin.js
@ohif/app: <w> - D:\OHIF_MP\Viewers_v2\node_modules\webpack\lib\index.js
@ohif/app: <w> - D:\OHIF_MP\Viewers_v2\node_modules\webpack-cli\lib\webpack-cli.js
@ohif/app: <w> - D:\OHIF_MP\Viewers_v2\node_modules\webpack-cli\lib\bootstrap.js
@ohif/app: <w> - D:\OHIF_MP\Viewers_v2\node_modules\webpack-cli\bin\cli.js
@ohif/app: <w> - D:\OHIF_MP\Viewers_v2\node_modules\webpack\bin\webpack.js
@ohif/app: <w> (during deserialization of Array)
@ohif/app: <w> (during deserialization of webpack/lib/NormalModule)
@ohif/app: <w> (during deserialization of Map)
@ohif/app: <w> (during deserialization of webpack/lib/cache/PackFileCacheStrategy PackContentItems)
@ohif/app: <w> [webpack.cache.PackFileCacheStrategy] Restoring failed for ResolverCachePlugin|normal|default|dependencyType=|commonjs|path=|D:\OHIF_MP\Viewers_v2\node_modules\moment\locale|request=|./af.js from pack: Error: Cannot find module 'D:\OHIF_MP\Viewers_v2\node_modules\mini-css-extract-plugin\dist\CssDependency'
@ohif/app: <w> Require stack:
@ohif/app: <w> - D:\OHIF_MP\Viewers_v2\node_modules\webpack\lib\serialization\ObjectMiddleware.js
@ohif/app: <w> - D:\OHIF_MP\Viewers_v2\node_modules\webpack\lib\util\serialization.js
@ohif/app: <w> - D:\OHIF_MP\Viewers_v2\node_modules\webpack\lib\util\makeSerializable.js
@ohif/app: <w> - D:\OHIF_MP\Viewers_v2\node_modules\webpack\lib\dependencies\EntryDependency.js
@ohif/app: <w> - D:\OHIF_MP\Viewers_v2\node_modules\webpack\lib\EntryPlugin.js
@ohif/app: <w> - D:\OHIF_MP\Viewers_v2\node_modules\webpack\lib\index.js
@ohif/app: <w> - D:\OHIF_MP\Viewers_v2\node_modules\webpack-cli\lib\webpack-cli.js
@ohif/app: <w> - D:\OHIF_MP\Viewers_v2\node_modules\webpack-cli\lib\bootstrap.js
@ohif/app: <w> - D:\OHIF_MP\Viewers_v2\node_modules\webpack-cli\bin\cli.js
@ohif/app: <w> - D:\OHIF_MP\Viewers_v2\node_modules\webpack\bin\webpack.js
@ohif/app: <w> (during deserialization of Array)
@ohif/app: <w> (during deserialization of webpack/lib/NormalModule)
@ohif/app: <w> (during deserialization of Map)
@ohif/app: <w> (during deserialization of webpack/lib/cache/PackFileCacheStrategy PackContentItems)
@ohif/app: <w> [webpack.cache.PackFileCacheStrategy] Restoring failed for ResolverCachePlugin|normal|default|dependencyType=|commonjs|path=|D:\OHIF_MP\Viewers_v2\node_modules\moment\locale|request=|./ar from pack: Error: Cannot find module 'D:\OHIF_MP\Viewers_v2\node_modules\mini-css-extract-plugin\dist\CssDependency'
@ohif/app: <w> Require stack:
@ohif/app: <w> - D:\OHIF_MP\Viewers_v2\node_modules\webpack\lib\serialization\ObjectMiddleware.js
@ohif/app: <w> - D:\OHIF_MP\Viewers_v2\node_modules\webpack\lib\util\serialization.js
@ohif/app: <w> - D:\OHIF_MP\Viewers_v2\node_modules\webpack\lib\util\makeSerializable.js
@ohif/app: <w> - D:\OHIF_MP\Viewers_v2\node_modules\webpack\lib\dependencies\EntryDependency.js
@ohif/app: <w> - D:\OHIF_MP\Viewers_v2\node_modules\webpack\lib\EntryPlugin.js
@ohif/app: <w> - D:\OHIF_MP\Viewers_v2\node_modules\webpack\lib\index.js
@ohif/app: <w> - D:\OHIF_MP\Viewers_v2\node_modules\webpack-cli\lib\webpack-cli.js
@ohif/app: <w> - D:\OHIF_MP\Viewers_v2\node_modules\webpack-cli\lib\bootstrap.js
@ohif/app: <w> - D:\OHIF_MP\Viewers_v2\node_modules\webpack-cli\bin\cli.js
@ohif/app: <w> - D:\OHIF_MP\Viewers_v2\node_modules\webpack\bin\webpack.js
@ohif/app: <w> (during deserialization of Array)
@ohif/app: <w> (during deserialization of webpack/lib/NormalModule)
@ohif/app: <w> (during deserialization of Map)
@ohif/app: <w> (during deserialization of webpack/lib/cache/PackFileCacheStrategy PackContentItems)
@ohif/app: <w> [webpack.cache.PackFileCacheStrategy] Restoring failed for ResolverCachePlugin|normal|default|dependencyType=|commonjs|path=|D:\OHIF_MP\Viewers_v2\node_modules\moment\locale|request=|./ar-dz from pack: Error: Cannot find module 'D:\OHIF_MP\Viewers_v2\node_modules\mini-css-extract-plugin\dist\CssDependency'
@ohif/app: <w> Require stack:
@ohif/app: <w> - D:\OHIF_MP\Viewers_v2\node_modules\webpack\lib\serialization\ObjectMiddleware.js
@ohif/app: <w> - D:\OHIF_MP\Viewers_v2\node_modules\webpack\lib\util\serialization.js
@ohif/app: <w> - D:\OHIF_MP\Viewers_v2\node_modules\webpack\lib\util\makeSerializable.js
@ohif/app: <w> - D:\OHIF_MP\Viewers_v2\node_modules\webpack\lib\dependencies\EntryDependency.js
@ohif/app: <w> - D:\OHIF_MP\Viewers_v2\node_modules\webpack\lib\EntryPlugin.js
@ohif/app: <w> - D:\OHIF_MP\Viewers_v2\node_modules\webpack\lib\index.js
@ohif/app: <w> - D:\OHIF_MP\Viewers_v2\node_modules\webpack-cli\lib\webpack-cli.js
@ohif/app: <w> - D:\OHIF_MP\Viewers_v2\node_modules\webpack-cli\lib\bootstrap.js
@ohif/app: <w> - D:\OHIF_MP\Viewers_v2\node_modules\webpack-cli\bin\cli.js
@ohif/app: <w> - D:\OHIF_MP\Viewers_v2\node_modules\webpack\bin\webpack.js
@ohif/app: <w> (during deserialization of Array)
@ohif/app: <w> (during deserialization of webpack/lib/NormalModule)
@ohif/app: <w> (during deserialization of Map)
@ohif/app: <w> (during deserialization of webpack/lib/cache/PackFileCacheStrategy PackContentItems)
@ohif/app: <w> [webpack.cache.PackFileCacheStrategy] Restoring failed for ResolverCachePlugin|normal|default|dependencyType=|commonjs|path=|D:\OHIF_MP\Viewers_v2\node_modules\moment\locale|request=|./ar-dz.js from pack: Error: Cannot find module 'D:\OHIF_MP\Viewers_v2\node_modules\mini-css-extract-plugin\dist\CssDependency'
@ohif/app: <w> Require stack:
@ohif/app: <w> - D:\OHIF_MP\Viewers_v2\node_modules\webpack\lib\serialization\ObjectMiddleware.js
@ohif/app: <w> - D:\OHIF_MP\Viewers_v2\node_modules\webpack\lib\util\serialization.js
@ohif/app: <w> - D:\OHIF_MP\Viewers_v2\node_modules\webpack\lib\util\makeSerializable.js
@ohif/app: <w> - D:\OHIF_MP\Viewers_v2\node_modules\webpack\lib\dependencies\EntryDependency.js
@ohif/app: <w> - D:\OHIF_MP\Viewers_v2\node_modules\webpack\lib\EntryPlugin.js
@ohif/app: <w> - D:\OHIF_MP\Viewers_v2\node_modules\webpack\lib\index.js
@ohif/app: <w> - D:\OHIF_MP\Viewers_v2\node_modules\webpack-cli\lib\webpack-cli.js
@ohif/app: <w> - D:\OHIF_MP\Viewers_v2\node_modules\webpack-cli\lib\bootstrap.js
@ohif/app: <w> - D:\OHIF_MP\Viewers_v2\node_modules\webpack-cli\bin\cli.js
@ohif/app: <w> - D:\OHIF_MP\Viewers_v2\node_modules\webpack\bin\webpack.js
@ohif/app: <w> (during deserialization of Array)
@ohif/app: <w> (during deserialization of webpack/lib/NormalModule)
@ohif/app: <w> (during deserialization of Map)
@ohif/app: <w> (during deserialization of webpack/lib/cache/PackFileCacheStrategy PackContentItems)
@ohif/app: <w> [webpack.cache.PackFileCacheStrategy] Restoring failed for ResolverCachePlugin|normal|default|dependencyType=|commonjs|path=|D:\OHIF_MP\Viewers_v2\node_modules\moment\locale|request=|./ar-kw from pack: Error: Cannot find module 'D:\OHIF_MP\Viewers_v2\node_modules\mini-css-extract-plugin\dist\CssDependency'
@ohif/app: <w> Require stack:
@ohif/app: <w> - D:\OHIF_MP\Viewers_v2\node_modules\webpack\lib\serialization\ObjectMiddleware.js
@ohif/app: <w> - D:\OHIF_MP\Viewers_v2\node_modules\webpack\lib\util\serialization.js
@ohif/app: <w> - D:\OHIF_MP\Viewers_v2\node_modules\webpack\lib\util\makeSerializable.js
@ohif/app: <w> - D:\OHIF_MP\Viewers_v2\node_modules\webpack\lib\dependencies\EntryDependency.js
@ohif/app: <w> - D:\OHIF_MP\Viewers_v2\node_modules\webpack\lib\EntryPlugin.js
@ohif/app: <w> - D:\OHIF_MP\Viewers_v2\node_modules\webpack\lib\index.js
@ohif/app: <w> - D:\OHIF_MP\Viewers_v2\node_modules\webpack-cli\lib\webpack-cli.js
@ohif/app: <w> - D:\OHIF_MP\Viewers_v2\node_modules\webpack-cli\lib\bootstrap.js
@ohif/app: <w> - D:\OHIF_MP\Viewers_v2\node_modules\webpack-cli\bin\cli.js
@ohif/app: <w> - D:\OHIF_MP\Viewers_v2\node_modules\webpack\bin\webpack.js
@ohif/app: <w> (during deserialization of Array)
@ohif/app: <w> (during deserialization of webpack/lib/NormalModule)
@ohif/app: <w> (during deserialization of Map)
@ohif/app: <w> (during deserialization of webpack/lib/cache/PackFileCacheStrategy PackContentItems)
@ohif/app: <w> [webpack.cache.PackFileCacheStrategy] Restoring failed for ResolverCachePlugin|normal|default|dependencyType=|commonjs|path=|D:\OHIF_MP\Viewers_v2\node_modules\moment\locale|request=|./ar-kw.js from pack: Error: Cannot find module 'D:\OHIF_MP\Viewers_v2\node_modules\mini-css-extract-plugin\dist\CssDependency'
@ohif/app: <w> Require stack:
@ohif/app: <w> - D:\OHIF_MP\Viewers_v2\node_modules\webpack\lib\serialization\ObjectMiddleware.js
@ohif/app: <w> - D:\OHIF_MP\Viewers_v2\node_modules\webpack\lib\util\serialization.js
@ohif/app: <w> - D:\OHIF_MP\Viewers_v2\node_modules\webpack\lib\util\makeSerializable.js
@ohif/app: <w> - D:\OHIF_MP\Viewers_v2\node_modules\webpack\lib\dependencies\EntryDependency.js
@ohif/app: <w> - D:\OHIF_MP\Viewers_v2\node_modules\webpack\lib\EntryPlugin.js
@ohif/app: <w> - D:\OHIF_MP\Viewers_v2\node_modules\webpack\lib\index.js
@ohif/app: <w> - D:\OHIF_MP\Viewers_v2\node_modules\webpack-cli\lib\webpack-cli.js
@ohif/app: <w> - D:\OHIF_MP\Viewers_v2\node_modules\webpack-cli\lib\bootstrap.js
@ohif/app: <w> - D:\OHIF_MP\Viewers_v2\node_modules\webpack-cli\bin\cli.js
@ohif/app: <w> - D:\OHIF_MP\Viewers_v2\node_modules\webpack\bin\webpack.js
@ohif/app: <w> (during deserialization of Array)
@ohif/app: <w> (during deserialization of webpack/lib/NormalModule)
@ohif/app: <w> (during deserialization of Map)
@ohif/app: <w> (during deserialization of webpack/lib/cache/PackFileCacheStrategy PackContentItems)
@ohif/app: <w> [webpack.cache.PackFileCacheStrategy] Restoring failed for ResolverCachePlugin|normal|default|dependencyType=|commonjs|path=|D:\OHIF_MP\Viewers_v2\node_modules\moment\locale|request=|./ar-ly from pack: Error: Cannot find module 'D:\OHIF_MP\Viewers_v2\node_modules\mini-css-extract-plugin\dist\CssDependency'
@ohif/app: <w> Require stack:
@ohif/app: <w> - D:\OHIF_MP\Viewers_v2\node_modules\webpack\lib\serialization\ObjectMiddleware.js
@ohif/app: <w> - D:\OHIF_MP\Viewers_v2\node_modules\webpack\lib\util\serialization.js
@ohif/app: <w> - D:\OHIF_MP\Viewers_v2\node_modules\webpack\lib\util\makeSerializable.js
@ohif/app: <w> - D:\OHIF_MP\Viewers_v2\node_modules\webpack\lib\dependencies\EntryDependency.js
@ohif/app: <w> - D:\OHIF_MP\Viewers_v2\node_modules\webpack\lib\EntryPlugin.js
@ohif/app: <w> - D:\OHIF_MP\Viewers_v2\node_modules\webpack\lib\index.js
@ohif/app: <w> - D:\OHIF_MP\Viewers_v2\node_modules\webpack-cli\lib\webpack-cli.js
@ohif/app: <w> - D:\OHIF_MP\Viewers_v2\node_modules\webpack-cli\lib\bootstrap.js
@ohif/app: <w> - D:\OHIF_MP\Viewers_v2\node_modules\webpack-cli\bin\cli.js
@ohif/app: <w> - D:\OHIF_MP\Viewers_v2\node_modules\webpack\bin\webpack.js
@ohif/app: <w> (during deserialization of Array)
@ohif/app: <w> (during deserialization of webpack/lib/NormalModule)
@ohif/app: <w> (during deserialization of Map)
@ohif/app: <w> (during deserialization of webpack/lib/cache/PackFileCacheStrategy PackContentItems)
@ohif/app: <w> [webpack.cache.PackFileCacheStrategy] Restoring failed for ResolverCachePlugin|normal|default|dependencyType=|commonjs|path=|D:\OHIF_MP\Viewers_v2\node_modules\moment\locale|request=|./ar-ly.js from pack: Error: Cannot find module 'D:\OHIF_MP\Viewers_v2\node_modules\mini-css-extract-plugin\dist\CssDependency'
@ohif/app: <w> Require stack:
@ohif/app: <w> - D:\OHIF_MP\Viewers_v2\node_modules\webpack\lib\serialization\ObjectMiddleware.js
@ohif/app: <w> - D:\OHIF_MP\Viewers_v2\node_modules\webpack\lib\util\serialization.js
@ohif/app: <w> - D:\OHIF_MP\Viewers_v2\node_modules\webpack\lib\util\makeSerializable.js
@ohif/app: <w> - D:\OHIF_MP\Viewers_v2\node_modules\webpack\lib\dependencies\EntryDependency.js
@ohif/app: <w> - D:\OHIF_MP\Viewers_v2\node_modules\webpack\lib\EntryPlugin.js
@ohif/app: <w> - D:\OHIF_MP\Viewers_v2\node_modules\webpack\lib\index.js
@ohif/app: <w> - D:\OHIF_MP\Viewers_v2\node_modules\webpack-cli\lib\webpack-cli.js
@ohif/app: <w> - D:\OHIF_MP\Viewers_v2\node_modules\webpack-cli\lib\bootstrap.js
@ohif/app: <w> - D:\OHIF_MP\Viewers_v2\node_modules\webpack-cli\bin\cli.js
@ohif/app: <w> - D:\OHIF_MP\Viewers_v2\node_modules\webpack\bin\webpack.js
@ohif/app: <w> (during deserialization of Array)
@ohif/app: <w> (during deserialization of webpack/lib/NormalModule)
@ohif/app: <w> (during deserialization of Map)
@ohif/app: <w> (during deserialization of webpack/lib/cache/PackFileCacheStrategy PackContentItems)
@ohif/app: <w> [webpack.cache.PackFileCacheStrategy] Restoring failed for ResolverCachePlugin|normal|default|dependencyType=|commonjs|path=|D:\OHIF_MP\Viewers_v2\node_modules\moment\locale|request=|./ar-ma from pack: Error: Cannot find module 'D:\OHIF_MP\Viewers_v2\node_modules\mini-css-extract-plugin\dist\CssDependency'
@ohif/app: <w> Require stack:
@ohif/app: <w> - D:\OHIF_MP\Viewers_v2\node_modules\webpack\lib\serialization\ObjectMiddleware.js
@ohif/app: <w> - D:\OHIF_MP\Viewers_v2\node_modules\webpack\lib\util\serialization.js
@ohif/app: <w> - D:\OHIF_MP\Viewers_v2\node_modules\webpack\lib\util\makeSerializable.js
@ohif/app: <w> - D:\OHIF_MP\Viewers_v2\node_modules\webpack\lib\dependencies\EntryDependency.js
@ohif/app: <w> - D:\OHIF_MP\Viewers_v2\node_modules\webpack\lib\EntryPlugin.js
@ohif/app: <w> - D:\OHIF_MP\Viewers_v2\node_modules\webpack\lib\index.js
@ohif/app: <w> - D:\OHIF_MP\Viewers_v2\node_modules\webpack-cli\lib\webpack-cli.js
@ohif/app: <w> - D:\OHIF_MP\Viewers_v2\node_modules\webpack-cli\lib\bootstrap.js
@ohif/app: <w> - D:\OHIF_MP\Viewers_v2\node_modules\webpack-cli\bin\cli.js
@ohif/app: <w> - D:\OHIF_MP\Viewers_v2\node_modules\webpack\bin\webpack.js
@ohif/app: <w> (during deserialization of Array)
@ohif/app: <w> (during deserialization of webpack/lib/NormalModule)
@ohif/app: <w> (during deserialization of Map)
@ohif/app: <w> (during deserialization of webpack/lib/cache/PackFileCacheStrategy PackContentItems)
@ohif/app: <w> [webpack.cache.PackFileCacheStrategy] Restoring failed for ResolverCachePlugin|normal|default|dependencyType=|commonjs|path=|D:\OHIF_MP\Viewers_v2\node_modules\moment\locale|request=|./ar-ma.js from pack: Error: Cannot find module 'D:\OHIF_MP\Viewers_v2\node_modules\mini-css-extract-plugin\dist\CssDependency'
@ohif/app: <w> Require stack:
@ohif/app: <w> - D:\OHIF_MP\Viewers_v2\node_modules\webpack\lib\serialization\ObjectMiddleware.js
@ohif/app: <w> - D:\OHIF_MP\Viewers_v2\node_modules\webpack\lib\util\serialization.js
@ohif/app: <w> - D:\OHIF_MP\Viewers_v2\node_modules\webpack\lib\util\makeSerializable.js
@ohif/app: <w> - D:\OHIF_MP\Viewers_v2\node_modules\webpack\lib\dependencies\EntryDependency.js
@ohif/app: <w> - D:\OHIF_MP\Viewers_v2\node_modules\webpack\lib\EntryPlugin.js
@ohif/app: <w> - D:\OHIF_MP\Viewers_v2\node_modules\webpack\lib\index.js
@ohif/app: <w> - D:\OHIF_MP\Viewers_v2\node_modules\webpack-cli\lib\webpack-cli.js
@ohif/app: <w> - D:\OHIF_MP\Viewers_v2\node_modules\webpack-cli\lib\bootstrap.js
@ohif/app: <w> - D:\OHIF_MP\Viewers_v2\node_modules\webpack-cli\bin\cli.js
@ohif/app: <w> - D:\OHIF_MP\Viewers_v2\node_modules\webpack\bin\webpack.js
@ohif/app: <w> (during deserialization of Array)
@ohif/app: <w> (during deserialization of webpack/lib/NormalModule)
@ohif/app: <w> (during deserialization of Map)
@ohif/app: <w> (during deserialization of webpack/lib/cache/PackFileCacheStrategy PackContentItems)
@ohif/app: <w> [webpack.cache.PackFileCacheStrategy] Restoring failed for ResolverCachePlugin|normal|default|dependencyType=|commonjs|path=|D:\OHIF_MP\Viewers_v2\node_modules\moment\locale|request=|./ar-ps from pack: Error: Cannot find module 'D:\OHIF_MP\Viewers_v2\node_modules\mini-css-extract-plugin\dist\CssDependency'
@ohif/app: <w> Require stack:
@ohif/app: <w> - D:\OHIF_MP\Viewers_v2\node_modules\webpack\lib\serialization\ObjectMiddleware.js
@ohif/app: <w> - D:\OHIF_MP\Viewers_v2\node_modules\webpack\lib\util\serialization.js
@ohif/app: <w> - D:\OHIF_MP\Viewers_v2\node_modules\webpack\lib\util\makeSerializable.js
@ohif/app: <w> - D:\OHIF_MP\Viewers_v2\node_modules\webpack\lib\dependencies\EntryDependency.js
@ohif/app: <w> - D:\OHIF_MP\Viewers_v2\node_modules\webpack\lib\EntryPlugin.js
@ohif/app: <w> - D:\OHIF_MP\Viewers_v2\node_modules\webpack\lib\index.js
@ohif/app: <w> - D:\OHIF_MP\Viewers_v2\node_modules\webpack-cli\lib\webpack-cli.js
@ohif/app: <w> - D:\OHIF_MP\Viewers_v2\node_modules\webpack-cli\lib\bootstrap.js
@ohif/app: <w> - D:\OHIF_MP\Viewers_v2\node_modules\webpack-cli\bin\cli.js
@ohif/app: <w> - D:\OHIF_MP\Viewers_v2\node_modules\webpack\bin\webpack.js
@ohif/app: <w> (during deserialization of Array)
@ohif/app: <w> (during deserialization of webpack/lib/NormalModule)
@ohif/app: <w> (during deserialization of Map)
@ohif/app: <w> (during deserialization of webpack/lib/cache/PackFileCacheStrategy PackContentItems)
@ohif/app: <w> [webpack.cache.PackFileCacheStrategy] Restoring failed for ResolverCachePlugin|normal|default|dependencyType=|commonjs|path=|D:\OHIF_MP\Viewers_v2\node_modules\moment\locale|request=|./ar-ps.js from pack: Error: Cannot find module 'D:\OHIF_MP\Viewers_v2\node_modules\mini-css-extract-plugin\dist\CssDependency'
@ohif/app: <w> Require stack:
@ohif/app: <w> - D:\OHIF_MP\Viewers_v2\node_modules\webpack\lib\serialization\ObjectMiddleware.js
@ohif/app: <w> - D:\OHIF_MP\Viewers_v2\node_modules\webpack\lib\util\serialization.js
@ohif/app: <w> - D:\OHIF_MP\Viewers_v2\node_modules\webpack\lib\util\makeSerializable.js
@ohif/app: <w> - D:\OHIF_MP\Viewers_v2\node_modules\webpack\lib\dependencies\EntryDependency.js
@ohif/app: <w> - D:\OHIF_MP\Viewers_v2\node_modules\webpack\lib\EntryPlugin.js
@ohif/app: <w> - D:\OHIF_MP\Viewers_v2\node_modules\webpack\lib\index.js
@ohif/app: <w> - D:\OHIF_MP\Viewers_v2\node_modules\webpack-cli\lib\webpack-cli.js
@ohif/app: <w> - D:\OHIF_MP\Viewers_v2\node_modules\webpack-cli\lib\bootstrap.js
@ohif/app: <w> - D:\OHIF_MP\Viewers_v2\node_modules\webpack-cli\bin\cli.js
@ohif/app: <w> - D:\OHIF_MP\Viewers_v2\node_modules\webpack\bin\webpack.js
@ohif/app: <w> (during deserialization of Array)
@ohif/app: <w> (during deserialization of webpack/lib/NormalModule)
@ohif/app: <w> (during deserialization of Map)
@ohif/app: <w> (during deserialization of webpack/lib/cache/PackFileCacheStrategy PackContentItems)
@ohif/app: <w> [webpack.cache.PackFileCacheStrategy] Restoring failed for ResolverCachePlugin|normal|default|dependencyType=|commonjs|path=|D:\OHIF_MP\Viewers_v2\node_modules\moment\locale|request=|./ar-sa from pack: Error: Cannot find module 'D:\OHIF_MP\Viewers_v2\node_modules\mini-css-extract-plugin\dist\CssDependency'
@ohif/app: <w> Require stack:
@ohif/app: <w> - D:\OHIF_MP\Viewers_v2\node_modules\webpack\lib\serialization\ObjectMiddleware.js
@ohif/app: <w> - D:\OHIF_MP\Viewers_v2\node_modules\webpack\lib\util\serialization.js
@ohif/app: <w> - D:\OHIF_MP\Viewers_v2\node_modules\webpack\lib\util\makeSerializable.js
@ohif/app: <w> - D:\OHIF_MP\Viewers_v2\node_modules\webpack\lib\dependencies\EntryDependency.js
@ohif/app: <w> - D:\OHIF_MP\Viewers_v2\node_modules\webpack\lib\EntryPlugin.js
@ohif/app: <w> - D:\OHIF_MP\Viewers_v2\node_modules\webpack\lib\index.js
@ohif/app: <w> - D:\OHIF_MP\Viewers_v2\node_modules\webpack-cli\lib\webpack-cli.js
@ohif/app: <w> - D:\OHIF_MP\Viewers_v2\node_modules\webpack-cli\lib\bootstrap.js
@ohif/app: <w> - D:\OHIF_MP\Viewers_v2\node_modules\webpack-cli\bin\cli.js
@ohif/app: <w> - D:\OHIF_MP\Viewers_v2\node_modules\webpack\bin\webpack.js
@ohif/app: <w> (during deserialization of Array)
@ohif/app: <w> (during deserialization of webpack/lib/NormalModule)
@ohif/app: <w> (during deserialization of Map)
@ohif/app: <w> (during deserialization of webpack/lib/cache/PackFileCacheStrategy PackContentItems)
@ohif/app: <w> [webpack.cache.PackFileCacheStrategy] Restoring failed for ResolverCachePlugin|normal|default|dependencyType=|commonjs|path=|D:\OHIF_MP\Viewers_v2\node_modules\moment\locale|request=|./ar-sa.js from pack: Error: Cannot find module 'D:\OHIF_MP\Viewers_v2\node_modules\mini-css-extract-plugin\dist\CssDependency'
@ohif/app: <w> Require stack:
@ohif/app: <w> - D:\OHIF_MP\Viewers_v2\node_modules\webpack\lib\serialization\ObjectMiddleware.js
@ohif/app: <w> - D:\OHIF_MP\Viewers_v2\node_modules\webpack\lib\util\serialization.js
@ohif/app: <w> - D:\OHIF_MP\Viewers_v2\node_modules\webpack\lib\util\makeSerializable.js
@ohif/app: <w> - D:\OHIF_MP\Viewers_v2\node_modules\webpack\lib\dependencies\EntryDependency.js
@ohif/app: <w> - D:\OHIF_MP\Viewers_v2\node_modules\webpack\lib\EntryPlugin.js
@ohif/app: <w> - D:\OHIF_MP\Viewers_v2\node_modules\webpack\lib\index.js
@ohif/app: <w> - D:\OHIF_MP\Viewers_v2\node_modules\webpack-cli\lib\webpack-cli.js
@ohif/app: <w> - D:\OHIF_MP\Viewers_v2\node_modules\webpack-cli\lib\bootstrap.js
@ohif/app: <w> - D:\OHIF_MP\Viewers_v2\node_modules\webpack-cli\bin\cli.js
@ohif/app: <w> - D:\OHIF_MP\Viewers_v2\node_modules\webpack\bin\webpack.js
@ohif/app: <w> (during deserialization of Array)
@ohif/app: <w> (during deserialization of webpack/lib/NormalModule)
@ohif/app: <w> (during deserialization of Map)
@ohif/app: <w> (during deserialization of webpack/lib/cache/PackFileCacheStrategy PackContentItems)
@ohif/app: <w> [webpack.cache.PackFileCacheStrategy] Restoring failed for ResolverCachePlugin|normal|default|dependencyType=|commonjs|path=|D:\OHIF_MP\Viewers_v2\node_modules\moment\locale|request=|./ar-tn from pack: Error: Cannot find module 'D:\OHIF_MP\Viewers_v2\node_modules\mini-css-extract-plugin\dist\CssDependency'
@ohif/app: <w> Require stack:
@ohif/app: <w> - D:\OHIF_MP\Viewers_v2\node_modules\webpack\lib\serialization\ObjectMiddleware.js
@ohif/app: <w> - D:\OHIF_MP\Viewers_v2\node_modules\webpack\lib\util\serialization.js
@ohif/app: <w> - D:\OHIF_MP\Viewers_v2\node_modules\webpack\lib\util\makeSerializable.js
@ohif/app: <w> - D:\OHIF_MP\Viewers_v2\node_modules\webpack\lib\dependencies\EntryDependency.js
@ohif/app: <w> - D:\OHIF_MP\Viewers_v2\node_modules\webpack\lib\EntryPlugin.js
@ohif/app: <w> - D:\OHIF_MP\Viewers_v2\node_modules\webpack\lib\index.js
@ohif/app: <w> - D:\OHIF_MP\Viewers_v2\node_modules\webpack-cli\lib\webpack-cli.js
@ohif/app: <w> - D:\OHIF_MP\Viewers_v2\node_modules\webpack-cli\lib\bootstrap.js
@ohif/app: <w> - D:\OHIF_MP\Viewers_v2\node_modules\webpack-cli\bin\cli.js
@ohif/app: <w> - D:\OHIF_MP\Viewers_v2\node_modules\webpack\bin\webpack.js
@ohif/app: <w> (during deserialization of Array)
@ohif/app: <w> (during deserialization of webpack/lib/NormalModule)
@ohif/app: <w> (during deserialization of Map)
@ohif/app: <w> (during deserialization of webpack/lib/cache/PackFileCacheStrategy PackContentItems)
@ohif/app: <w> [webpack.cache.PackFileCacheStrategy] Restoring failed for ResolverCachePlugin|normal|default|dependencyType=|commonjs|path=|D:\OHIF_MP\Viewers_v2\node_modules\moment\locale|request=|./ar-tn.js from pack: Error: Cannot find module 'D:\OHIF_MP\Viewers_v2\node_modules\mini-css-extract-plugin\dist\CssDependency'
@ohif/app: <w> Require stack:
@ohif/app: <w> - D:\OHIF_MP\Viewers_v2\node_modules\webpack\lib\serialization\ObjectMiddleware.js
@ohif/app: <w> - D:\OHIF_MP\Viewers_v2\node_modules\webpack\lib\util\serialization.js
@ohif/app: <w> - D:\OHIF_MP\Viewers_v2\node_modules\webpack\lib\util\makeSerializable.js
@ohif/app: <w> - D:\OHIF_MP\Viewers_v2\node_modules\webpack\lib\dependencies\EntryDependency.js
@ohif/app: <w> - D:\OHIF_MP\Viewers_v2\node_modules\webpack\lib\EntryPlugin.js
@ohif/app: <w> - D:\OHIF_MP\Viewers_v2\node_modules\webpack\lib\index.js
@ohif/app: <w> - D:\OHIF_MP\Viewers_v2\node_modules\webpack-cli\lib\webpack-cli.js
@ohif/app: <w> - D:\OHIF_MP\Viewers_v2\node_modules\webpack-cli\lib\bootstrap.js
@ohif/app: <w> - D:\OHIF_MP\Viewers_v2\node_modules\webpack-cli\bin\cli.js
@ohif/app: <w> - D:\OHIF_MP\Viewers_v2\node_modules\webpack\bin\webpack.js
@ohif/app: <w> (during deserialization of Array)
@ohif/app: <w> (during deserialization of webpack/lib/NormalModule)
@ohif/app: <w> (during deserialization of Map)
@ohif/app: <w> (during deserialization of webpack/lib/cache/PackFileCacheStrategy PackContentItems)
@ohif/app: <w> [webpack.cache.PackFileCacheStrategy] Restoring failed for ResolverCachePlugin|normal|default|dependencyType=|commonjs|path=|D:\OHIF_MP\Viewers_v2\node_modules\moment\locale|request=|./ar.js from pack: Error: Cannot find module 'D:\OHIF_MP\Viewers_v2\node_modules\mini-css-extract-plugin\dist\CssDependency'
@ohif/app: <w> Require stack:
@ohif/app: <w> - D:\OHIF_MP\Viewers_v2\node_modules\webpack\lib\serialization\ObjectMiddleware.js
@ohif/app: <w> - D:\OHIF_MP\Viewers_v2\node_modules\webpack\lib\util\serialization.js
@ohif/app: <w> - D:\OHIF_MP\Viewers_v2\node_modules\webpack\lib\util\makeSerializable.js
@ohif/app: <w> - D:\OHIF_MP\Viewers_v2\node_modules\webpack\lib\dependencies\EntryDependency.js
@ohif/app: <w> - D:\OHIF_MP\Viewers_v2\node_modules\webpack\lib\EntryPlugin.js
@ohif/app: <w> - D:\OHIF_MP\Viewers_v2\node_modules\webpack\lib\index.js
@ohif/app: <w> - D:\OHIF_MP\Viewers_v2\node_modules\webpack-cli\lib\webpack-cli.js
@ohif/app: <w> - D:\OHIF_MP\Viewers_v2\node_modules\webpack-cli\lib\bootstrap.js
@ohif/app: <w> - D:\OHIF_MP\Viewers_v2\node_modules\webpack-cli\bin\cli.js
@ohif/app: <w> - D:\OHIF_MP\Viewers_v2\node_modules\webpack\bin\webpack.js
@ohif/app: <w> (during deserialization of Array)
@ohif/app: <w> (during deserialization of webpack/lib/NormalModule)
@ohif/app: <w> (during deserialization of Map)
@ohif/app: <w> (during deserialization of webpack/lib/cache/PackFileCacheStrategy PackContentItems)
@ohif/app: <w> [webpack.cache.PackFileCacheStrategy] Restoring failed for ResolverCachePlugin|normal|default|dependencyType=|commonjs|path=|D:\OHIF_MP\Viewers_v2\node_modules\moment\locale|request=|./az from pack: Error: Cannot find module 'D:\OHIF_MP\Viewers_v2\node_modules\mini-css-extract-plugin\dist\CssDependency'
@ohif/app: <w> Require stack:
@ohif/app: <w> - D:\OHIF_MP\Viewers_v2\node_modules\webpack\lib\serialization\ObjectMiddleware.js
@ohif/app: <w> - D:\OHIF_MP\Viewers_v2\node_modules\webpack\lib\util\serialization.js
@ohif/app: <w> - D:\OHIF_MP\Viewers_v2\node_modules\webpack\lib\util\makeSerializable.js
@ohif/app: <w> - D:\OHIF_MP\Viewers_v2\node_modules\webpack\lib\dependencies\EntryDependency.js
@ohif/app: <w> - D:\OHIF_MP\Viewers_v2\node_modules\webpack\lib\EntryPlugin.js
@ohif/app: <w> - D:\OHIF_MP\Viewers_v2\node_modules\webpack\lib\index.js
@ohif/app: <w> - D:\OHIF_MP\Viewers_v2\node_modules\webpack-cli\lib\webpack-cli.js
@ohif/app: <w> - D:\OHIF_MP\Viewers_v2\node_modules\webpack-cli\lib\bootstrap.js
@ohif/app: <w> - D:\OHIF_MP\Viewers_v2\node_modules\webpack-cli\bin\cli.js
@ohif/app: <w> - D:\OHIF_MP\Viewers_v2\node_modules\webpack\bin\webpack.js
@ohif/app: <w> (during deserialization of Array)
@ohif/app: <w> (during deserialization of webpack/lib/NormalModule)
@ohif/app: <w> (during deserialization of Map)
@ohif/app: <w> (during deserialization of webpack/lib/cache/PackFileCacheStrategy PackContentItems)
@ohif/app: <w> [webpack.cache.PackFileCacheStrategy] Restoring failed for ResolverCachePlugin|normal|default|dependencyType=|commonjs|path=|D:\OHIF_MP\Viewers_v2\node_modules\moment\locale|request=|./az.js from pack: Error: Cannot find module 'D:\OHIF_MP\Viewers_v2\node_modules\mini-css-extract-plugin\dist\CssDependency'
@ohif/app: <w> Require stack:
@ohif/app: <w> - D:\OHIF_MP\Viewers_v2\node_modules\webpack\lib\serialization\ObjectMiddleware.js
@ohif/app: <w> - D:\OHIF_MP\Viewers_v2\node_modules\webpack\lib\util\serialization.js
@ohif/app: <w> - D:\OHIF_MP\Viewers_v2\node_modules\webpack\lib\util\makeSerializable.js
@ohif/app: <w> - D:\OHIF_MP\Viewers_v2\node_modules\webpack\lib\dependencies\EntryDependency.js
@ohif/app: <w> - D:\OHIF_MP\Viewers_v2\node_modules\webpack\lib\EntryPlugin.js
@ohif/app: <w> - D:\OHIF_MP\Viewers_v2\node_modules\webpack\lib\index.js
@ohif/app: <w> - D:\OHIF_MP\Viewers_v2\node_modules\webpack-cli\lib\webpack-cli.js
@ohif/app: <w> - D:\OHIF_MP\Viewers_v2\node_modules\webpack-cli\lib\bootstrap.js
@ohif/app: <w> - D:\OHIF_MP\Viewers_v2\node_modules\webpack-cli\bin\cli.js
@ohif/app: <w> - D:\OHIF_MP\Viewers_v2\node_modules\webpack\bin\webpack.js
@ohif/app: <w> (during deserialization of Array)
@ohif/app: <w> (during deserialization of webpack/lib/NormalModule)
@ohif/app: <w> (during deserialization of Map)
@ohif/app: <w> (during deserialization of webpack/lib/cache/PackFileCacheStrategy PackContentItems)
@ohif/app: <w> [webpack.cache.PackFileCacheStrategy] Restoring failed for ResolverCachePlugin|normal|default|dependencyType=|commonjs|path=|D:\OHIF_MP\Viewers_v2\node_modules\moment\locale|request=|./be from pack: Error: Cannot find module 'D:\OHIF_MP\Viewers_v2\node_modules\mini-css-extract-plugin\dist\CssDependency'
@ohif/app: <w> Require stack:
@ohif/app: <w> - D:\OHIF_MP\Viewers_v2\node_modules\webpack\lib\serialization\ObjectMiddleware.js
@ohif/app: <w> - D:\OHIF_MP\Viewers_v2\node_modules\webpack\lib\util\serialization.js
@ohif/app: <w> - D:\OHIF_MP\Viewers_v2\node_modules\webpack\lib\util\makeSerializable.js
@ohif/app: <w> - D:\OHIF_MP\Viewers_v2\node_modules\webpack\lib\dependencies\EntryDependency.js
@ohif/app: <w> - D:\OHIF_MP\Viewers_v2\node_modules\webpack\lib\EntryPlugin.js
@ohif/app: <w> - D:\OHIF_MP\Viewers_v2\node_modules\webpack\lib\index.js
@ohif/app: <w> - D:\OHIF_MP\Viewers_v2\node_modules\webpack-cli\lib\webpack-cli.js
@ohif/app: <w> - D:\OHIF_MP\Viewers_v2\node_modules\webpack-cli\lib\bootstrap.js
@ohif/app: <w> - D:\OHIF_MP\Viewers_v2\node_modules\webpack-cli\bin\cli.js
@ohif/app: <w> - D:\OHIF_MP\Viewers_v2\node_modules\webpack\bin\webpack.js
@ohif/app: <w> (during deserialization of Array)
@ohif/app: <w> (during deserialization of webpack/lib/NormalModule)
@ohif/app: <w> (during deserialization of Map)
@ohif/app: <w> (during deserialization of webpack/lib/cache/PackFileCacheStrategy PackContentItems)
@ohif/app: <w> [webpack.cache.PackFileCacheStrategy] Restoring failed for ResolverCachePlugin|normal|default|dependencyType=|commonjs|path=|D:\OHIF_MP\Viewers_v2\node_modules\moment\locale|request=|./be.js from pack: Error: Cannot find module 'D:\OHIF_MP\Viewers_v2\node_modules\mini-css-extract-plugin\dist\CssDependency'
@ohif/app: <w> Require stack:
@ohif/app: <w> - D:\OHIF_MP\Viewers_v2\node_modules\webpack\lib\serialization\ObjectMiddleware.js
@ohif/app: <w> - D:\OHIF_MP\Viewers_v2\node_modules\webpack\lib\util\serialization.js
@ohif/app: <w> - D:\OHIF_MP\Viewers_v2\node_modules\webpack\lib\util\makeSerializable.js
@ohif/app: <w> - D:\OHIF_MP\Viewers_v2\node_modules\webpack\lib\dependencies\EntryDependency.js
@ohif/app: <w> - D:\OHIF_MP\Viewers_v2\node_modules\webpack\lib\EntryPlugin.js
@ohif/app: <w> - D:\OHIF_MP\Viewers_v2\node_modules\webpack\lib\index.js
@ohif/app: <w> - D:\OHIF_MP\Viewers_v2\node_modules\webpack-cli\lib\webpack-cli.js
@ohif/app: <w> - D:\OHIF_MP\Viewers_v2\node_modules\webpack-cli\lib\bootstrap.js
@ohif/app: <w> - D:\OHIF_MP\Viewers_v2\node_modules\webpack-cli\bin\cli.js
@ohif/app: <w> - D:\OHIF_MP\Viewers_v2\node_modules\webpack\bin\webpack.js
@ohif/app: <w> (during deserialization of Array)
@ohif/app: <w> (during deserialization of webpack/lib/NormalModule)
@ohif/app: <w> (during deserialization of Map)
@ohif/app: <w> (during deserialization of webpack/lib/cache/PackFileCacheStrategy PackContentItems)
@ohif/app: <w> [webpack.cache.PackFileCacheStrategy] Restoring failed for ResolverCachePlugin|normal|default|dependencyType=|commonjs|path=|D:\OHIF_MP\Viewers_v2\node_modules\moment\locale|request=|./bg from pack: Error: Cannot find module 'D:\OHIF_MP\Viewers_v2\node_modules\mini-css-extract-plugin\dist\CssDependency'
@ohif/app: <w> Require stack:
@ohif/app: <w> - D:\OHIF_MP\Viewers_v2\node_modules\webpack\lib\serialization\ObjectMiddleware.js
@ohif/app: <w> - D:\OHIF_MP\Viewers_v2\node_modules\webpack\lib\util\serialization.js
@ohif/app: <w> - D:\OHIF_MP\Viewers_v2\node_modules\webpack\lib\util\makeSerializable.js
@ohif/app: <w> - D:\OHIF_MP\Viewers_v2\node_modules\webpack\lib\dependencies\EntryDependency.js
@ohif/app: <w> - D:\OHIF_MP\Viewers_v2\node_modules\webpack\lib\EntryPlugin.js
@ohif/app: <w> - D:\OHIF_MP\Viewers_v2\node_modules\webpack\lib\index.js
@ohif/app: <w> - D:\OHIF_MP\Viewers_v2\node_modules\webpack-cli\lib\webpack-cli.js
@ohif/app: <w> - D:\OHIF_MP\Viewers_v2\node_modules\webpack-cli\lib\bootstrap.js
@ohif/app: <w> - D:\OHIF_MP\Viewers_v2\node_modules\webpack-cli\bin\cli.js
@ohif/app: <w> - D:\OHIF_MP\Viewers_v2\node_modules\webpack\bin\webpack.js
@ohif/app: <w> (during deserialization of Array)
@ohif/app: <w> (during deserialization of webpack/lib/NormalModule)
@ohif/app: <w> (during deserialization of Map)
@ohif/app: <w> (during deserialization of webpack/lib/cache/PackFileCacheStrategy PackContentItems)
@ohif/app: <w> [webpack.cache.PackFileCacheStrategy] Restoring failed for ResolverCachePlugin|normal|default|dependencyType=|commonjs|path=|D:\OHIF_MP\Viewers_v2\node_modules\moment\locale|request=|./bg.js from pack: Error: Cannot find module 'D:\OHIF_MP\Viewers_v2\node_modules\mini-css-extract-plugin\dist\CssDependency'
@ohif/app: <w> Require stack:
@ohif/app: <w> - D:\OHIF_MP\Viewers_v2\node_modules\webpack\lib\serialization\ObjectMiddleware.js
@ohif/app: <w> - D:\OHIF_MP\Viewers_v2\node_modules\webpack\lib\util\serialization.js
@ohif/app: <w> - D:\OHIF_MP\Viewers_v2\node_modules\webpack\lib\util\makeSerializable.js
@ohif/app: <w> - D:\OHIF_MP\Viewers_v2\node_modules\webpack\lib\dependencies\EntryDependency.js
@ohif/app: <w> - D:\OHIF_MP\Viewers_v2\node_modules\webpack\lib\EntryPlugin.js
@ohif/app: <w> - D:\OHIF_MP\Viewers_v2\node_modules\webpack\lib\index.js
@ohif/app: <w> - D:\OHIF_MP\Viewers_v2\node_modules\webpack-cli\lib\webpack-cli.js
@ohif/app: <w> - D:\OHIF_MP\Viewers_v2\node_modules\webpack-cli\lib\bootstrap.js
@ohif/app: <w> - D:\OHIF_MP\Viewers_v2\node_modules\webpack-cli\bin\cli.js
@ohif/app: <w> - D:\OHIF_MP\Viewers_v2\node_modules\webpack\bin\webpack.js
@ohif/app: <w> (during deserialization of Array)
@ohif/app: <w> (during deserialization of webpack/lib/NormalModule)
@ohif/app: <w> (during deserialization of Map)
@ohif/app: <w> (during deserialization of webpack/lib/cache/PackFileCacheStrategy PackContentItems)
@ohif/app: <w> [webpack.cache.PackFileCacheStrategy] Restoring failed for ResolverCachePlugin|normal|default|dependencyType=|commonjs|path=|D:\OHIF_MP\Viewers_v2\node_modules\moment\locale|request=|./bm from pack: Error: Cannot find module 'D:\OHIF_MP\Viewers_v2\node_modules\mini-css-extract-plugin\dist\CssDependency'
@ohif/app: <w> Require stack:
@ohif/app: <w> - D:\OHIF_MP\Viewers_v2\node_modules\webpack\lib\serialization\ObjectMiddleware.js
@ohif/app: <w> - D:\OHIF_MP\Viewers_v2\node_modules\webpack\lib\util\serialization.js
@ohif/app: <w> - D:\OHIF_MP\Viewers_v2\node_modules\webpack\lib\util\makeSerializable.js
@ohif/app: <w> - D:\OHIF_MP\Viewers_v2\node_modules\webpack\lib\dependencies\EntryDependency.js
@ohif/app: <w> - D:\OHIF_MP\Viewers_v2\node_modules\webpack\lib\EntryPlugin.js
@ohif/app: <w> - D:\OHIF_MP\Viewers_v2\node_modules\webpack\lib\index.js
@ohif/app: <w> - D:\OHIF_MP\Viewers_v2\node_modules\webpack-cli\lib\webpack-cli.js
@ohif/app: <w> - D:\OHIF_MP\Viewers_v2\node_modules\webpack-cli\lib\bootstrap.js
@ohif/app: <w> - D:\OHIF_MP\Viewers_v2\node_modules\webpack-cli\bin\cli.js
@ohif/app: <w> - D:\OHIF_MP\Viewers_v2\node_modules\webpack\bin\webpack.js
@ohif/app: <w> (during deserialization of Array)
@ohif/app: <w> (during deserialization of webpack/lib/NormalModule)
@ohif/app: <w> (during deserialization of Map)
@ohif/app: <w> (during deserialization of webpack/lib/cache/PackFileCacheStrategy PackContentItems)
@ohif/app: <w> [webpack.cache.PackFileCacheStrategy] Restoring failed for ResolverCachePlugin|normal|default|dependencyType=|commonjs|path=|D:\OHIF_MP\Viewers_v2\node_modules\moment\locale|request=|./bm.js from pack: Error: Cannot find module 'D:\OHIF_MP\Viewers_v2\node_modules\mini-css-extract-plugin\dist\CssDependency'
@ohif/app: <w> Require stack:
@ohif/app: <w> - D:\OHIF_MP\Viewers_v2\node_modules\webpack\lib\serialization\ObjectMiddleware.js
@ohif/app: <w> - D:\OHIF_MP\Viewers_v2\node_modules\webpack\lib\util\serialization.js
@ohif/app: <w> - D:\OHIF_MP\Viewers_v2\node_modules\webpack\lib\util\makeSerializable.js
@ohif/app: <w> - D:\OHIF_MP\Viewers_v2\node_modules\webpack\lib\dependencies\EntryDependency.js
@ohif/app: <w> - D:\OHIF_MP\Viewers_v2\node_modules\webpack\lib\EntryPlugin.js
@ohif/app: <w> - D:\OHIF_MP\Viewers_v2\node_modules\webpack\lib\index.js
@ohif/app: <w> - D:\OHIF_MP\Viewers_v2\node_modules\webpack-cli\lib\webpack-cli.js
@ohif/app: <w> - D:\OHIF_MP\Viewers_v2\node_modules\webpack-cli\lib\bootstrap.js
@ohif/app: <w> - D:\OHIF_MP\Viewers_v2\node_modules\webpack-cli\bin\cli.js
@ohif/app: <w> - D:\OHIF_MP\Viewers_v2\node_modules\webpack\bin\webpack.js
@ohif/app: <w> (during deserialization of Array)
@ohif/app: <w> (during deserialization of webpack/lib/NormalModule)
@ohif/app: <w> (during deserialization of Map)
@ohif/app: <w> (during deserialization of webpack/lib/cache/PackFileCacheStrategy PackContentItems)
@ohif/app: <w> [webpack.cache.PackFileCacheStrategy] Restoring failed for ResolverCachePlugin|normal|default|dependencyType=|commonjs|path=|D:\OHIF_MP\Viewers_v2\node_modules\moment\locale|request=|./bn from pack: Error: Cannot find module 'D:\OHIF_MP\Viewers_v2\node_modules\mini-css-extract-plugin\dist\CssDependency'
@ohif/app: <w> Require stack:
@ohif/app: <w> - D:\OHIF_MP\Viewers_v2\node_modules\webpack\lib\serialization\ObjectMiddleware.js
@ohif/app: <w> - D:\OHIF_MP\Viewers_v2\node_modules\webpack\lib\util\serialization.js
@ohif/app: <w> - D:\OHIF_MP\Viewers_v2\node_modules\webpack\lib\util\makeSerializable.js
@ohif/app: <w> - D:\OHIF_MP\Viewers_v2\node_modules\webpack\lib\dependencies\EntryDependency.js
@ohif/app: <w> - D:\OHIF_MP\Viewers_v2\node_modules\webpack\lib\EntryPlugin.js
@ohif/app: <w> - D:\OHIF_MP\Viewers_v2\node_modules\webpack\lib\index.js
@ohif/app: <w> - D:\OHIF_MP\Viewers_v2\node_modules\webpack-cli\lib\webpack-cli.js
@ohif/app: <w> - D:\OHIF_MP\Viewers_v2\node_modules\webpack-cli\lib\bootstrap.js
@ohif/app: <w> - D:\OHIF_MP\Viewers_v2\node_modules\webpack-cli\bin\cli.js
@ohif/app: <w> - D:\OHIF_MP\Viewers_v2\node_modules\webpack\bin\webpack.js
@ohif/app: <w> (during deserialization of Array)
@ohif/app: <w> (during deserialization of webpack/lib/NormalModule)
@ohif/app: <w> (during deserialization of Map)
@ohif/app: <w> (during deserialization of webpack/lib/cache/PackFileCacheStrategy PackContentItems)
@ohif/app: <w> [webpack.cache.PackFileCacheStrategy] Restoring failed for ResolverCachePlugin|normal|default|dependencyType=|commonjs|path=|D:\OHIF_MP\Viewers_v2\node_modules\moment\locale|request=|./bn-bd from pack: Error: Cannot find module 'D:\OHIF_MP\Viewers_v2\node_modules\mini-css-extract-plugin\dist\CssDependency'
@ohif/app: <w> Require stack:
@ohif/app: <w> - D:\OHIF_MP\Viewers_v2\node_modules\webpack\lib\serialization\ObjectMiddleware.js
@ohif/app: <w> - D:\OHIF_MP\Viewers_v2\node_modules\webpack\lib\util\serialization.js
@ohif/app: <w> - D:\OHIF_MP\Viewers_v2\node_modules\webpack\lib\util\makeSerializable.js
@ohif/app: <w> - D:\OHIF_MP\Viewers_v2\node_modules\webpack\lib\dependencies\EntryDependency.js
@ohif/app: <w> - D:\OHIF_MP\Viewers_v2\node_modules\webpack\lib\EntryPlugin.js
@ohif/app: <w> - D:\OHIF_MP\Viewers_v2\node_modules\webpack\lib\index.js
@ohif/app: <w> - D:\OHIF_MP\Viewers_v2\node_modules\webpack-cli\lib\webpack-cli.js
@ohif/app: <w> - D:\OHIF_MP\Viewers_v2\node_modules\webpack-cli\lib\bootstrap.js
@ohif/app: <w> - D:\OHIF_MP\Viewers_v2\node_modules\webpack-cli\bin\cli.js
@ohif/app: <w> - D:\OHIF_MP\Viewers_v2\node_modules\webpack\bin\webpack.js
@ohif/app: <w> (during deserialization of Array)
@ohif/app: <w> (during deserialization of webpack/lib/NormalModule)
@ohif/app: <w> (during deserialization of Map)
@ohif/app: <w> (during deserialization of webpack/lib/cache/PackFileCacheStrategy PackContentItems)
@ohif/app: <w> [webpack.cache.PackFileCacheStrategy] Restoring failed for ResolverCachePlugin|normal|default|dependencyType=|commonjs|path=|D:\OHIF_MP\Viewers_v2\node_modules\moment\locale|request=|./bn-bd.js from pack: Error: Cannot find module 'D:\OHIF_MP\Viewers_v2\node_modules\mini-css-extract-plugin\dist\CssDependency'
@ohif/app: <w> Require stack:
@ohif/app: <w> - D:\OHIF_MP\Viewers_v2\node_modules\webpack\lib\serialization\ObjectMiddleware.js
@ohif/app: <w> - D:\OHIF_MP\Viewers_v2\node_modules\webpack\lib\util\serialization.js
@ohif/app: <w> - D:\OHIF_MP\Viewers_v2\node_modules\webpack\lib\util\makeSerializable.js
@ohif/app: <w> - D:\OHIF_MP\Viewers_v2\node_modules\webpack\lib\dependencies\EntryDependency.js
@ohif/app: <w> - D:\OHIF_MP\Viewers_v2\node_modules\webpack\lib\EntryPlugin.js
@ohif/app: <w> - D:\OHIF_MP\Viewers_v2\node_modules\webpack\lib\index.js
@ohif/app: <w> - D:\OHIF_MP\Viewers_v2\node_modules\webpack-cli\lib\webpack-cli.js
@ohif/app: <w> - D:\OHIF_MP\Viewers_v2\node_modules\webpack-cli\lib\bootstrap.js
@ohif/app: <w> - D:\OHIF_MP\Viewers_v2\node_modules\webpack-cli\bin\cli.js
@ohif/app: <w> - D:\OHIF_MP\Viewers_v2\node_modules\webpack\bin\webpack.js
@ohif/app: <w> (during deserialization of Array)
@ohif/app: <w> (during deserialization of webpack/lib/NormalModule)
@ohif/app: <w> (during deserialization of Map)
@ohif/app: <w> (during deserialization of webpack/lib/cache/PackFileCacheStrategy PackContentItems)
@ohif/app: <w> [webpack.cache.PackFileCacheStrategy] Restoring failed for ResolverCachePlugin|normal|default|dependencyType=|commonjs|path=|D:\OHIF_MP\Viewers_v2\node_modules\moment\locale|request=|./bn.js from pack: Error: Cannot find module 'D:\OHIF_MP\Viewers_v2\node_modules\mini-css-extract-plugin\dist\CssDependency'
@ohif/app: <w> Require stack:
@ohif/app: <w> - D:\OHIF_MP\Viewers_v2\node_modules\webpack\lib\serialization\ObjectMiddleware.js
@ohif/app: <w> - D:\OHIF_MP\Viewers_v2\node_modules\webpack\lib\util\serialization.js
@ohif/app: <w> - D:\OHIF_MP\Viewers_v2\node_modules\webpack\lib\util\makeSerializable.js
@ohif/app: <w> - D:\OHIF_MP\Viewers_v2\node_modules\webpack\lib\dependencies\EntryDependency.js
@ohif/app: <w> - D:\OHIF_MP\Viewers_v2\node_modules\webpack\lib\EntryPlugin.js
@ohif/app: <w> - D:\OHIF_MP\Viewers_v2\node_modules\webpack\lib\index.js
@ohif/app: <w> - D:\OHIF_MP\Viewers_v2\node_modules\webpack-cli\lib\webpack-cli.js
@ohif/app: <w> - D:\OHIF_MP\Viewers_v2\node_modules\webpack-cli\lib\bootstrap.js
@ohif/app: <w> - D:\OHIF_MP\Viewers_v2\node_modules\webpack-cli\bin\cli.js
@ohif/app: <w> - D:\OHIF_MP\Viewers_v2\node_modules\webpack\bin\webpack.js
@ohif/app: <w> (during deserialization of Array)
@ohif/app: <w> (during deserialization of webpack/lib/NormalModule)
@ohif/app: <w> (during deserialization of Map)
@ohif/app: <w> (during deserialization of webpack/lib/cache/PackFileCacheStrategy PackContentItems)
@ohif/app: <w> [webpack.cache.PackFileCacheStrategy] Restoring failed for ResolverCachePlugin|normal|default|dependencyType=|commonjs|path=|D:\OHIF_MP\Viewers_v2\node_modules\moment\locale|request=|./bo from pack: Error: Cannot find module 'D:\OHIF_MP\Viewers_v2\node_modules\mini-css-extract-plugin\dist\CssDependency'
@ohif/app: <w> Require stack:
@ohif/app: <w> - D:\OHIF_MP\Viewers_v2\node_modules\webpack\lib\serialization\ObjectMiddleware.js
@ohif/app: <w> - D:\OHIF_MP\Viewers_v2\node_modules\webpack\lib\util\serialization.js
@ohif/app: <w> - D:\OHIF_MP\Viewers_v2\node_modules\webpack\lib\util\makeSerializable.js
@ohif/app: <w> - D:\OHIF_MP\Viewers_v2\node_modules\webpack\lib\dependencies\EntryDependency.js
@ohif/app: <w> - D:\OHIF_MP\Viewers_v2\node_modules\webpack\lib\EntryPlugin.js
@ohif/app: <w> - D:\OHIF_MP\Viewers_v2\node_modules\webpack\lib\index.js
@ohif/app: <w> - D:\OHIF_MP\Viewers_v2\node_modules\webpack-cli\lib\webpack-cli.js
@ohif/app: <w> - D:\OHIF_MP\Viewers_v2\node_modules\webpack-cli\lib\bootstrap.js
@ohif/app: <w> - D:\OHIF_MP\Viewers_v2\node_modules\webpack-cli\bin\cli.js
@ohif/app: <w> - D:\OHIF_MP\Viewers_v2\node_modules\webpack\bin\webpack.js
@ohif/app: <w> (during deserialization of Array)
@ohif/app: <w> (during deserialization of webpack/lib/NormalModule)
@ohif/app: <w> (during deserialization of Map)
@ohif/app: <w> (during deserialization of webpack/lib/cache/PackFileCacheStrategy PackContentItems)
@ohif/app: <w> [webpack.cache.PackFileCacheStrategy] Restoring failed for ResolverCachePlugin|normal|default|dependencyType=|commonjs|path=|D:\OHIF_MP\Viewers_v2\node_modules\moment\locale|request=|./bo.js from pack: Error: Cannot find module 'D:\OHIF_MP\Viewers_v2\node_modules\mini-css-extract-plugin\dist\CssDependency'
@ohif/app: <w> Require stack:
@ohif/app: <w> - D:\OHIF_MP\Viewers_v2\node_modules\webpack\lib\serialization\ObjectMiddleware.js
@ohif/app: <w> - D:\OHIF_MP\Viewers_v2\node_modules\webpack\lib\util\serialization.js
@ohif/app: <w> - D:\OHIF_MP\Viewers_v2\node_modules\webpack\lib\util\makeSerializable.js
@ohif/app: <w> - D:\OHIF_MP\Viewers_v2\node_modules\webpack\lib\dependencies\EntryDependency.js
@ohif/app: <w> - D:\OHIF_MP\Viewers_v2\node_modules\webpack\lib\EntryPlugin.js
@ohif/app: <w> - D:\OHIF_MP\Viewers_v2\node_modules\webpack\lib\index.js
@ohif/app: <w> - D:\OHIF_MP\Viewers_v2\node_modules\webpack-cli\lib\webpack-cli.js
@ohif/app: <w> - D:\OHIF_MP\Viewers_v2\node_modules\webpack-cli\lib\bootstrap.js
@ohif/app: <w> - D:\OHIF_MP\Viewers_v2\node_modules\webpack-cli\bin\cli.js
@ohif/app: <w> - D:\OHIF_MP\Viewers_v2\node_modules\webpack\bin\webpack.js
@ohif/app: <w> (during deserialization of Array)
@ohif/app: <w> (during deserialization of webpack/lib/NormalModule)
@ohif/app: <w> (during deserialization of Map)
@ohif/app: <w> (during deserialization of webpack/lib/cache/PackFileCacheStrategy PackContentItems)
@ohif/app: <w> [webpack.cache.PackFileCacheStrategy] Restoring failed for ResolverCachePlugin|normal|default|dependencyType=|commonjs|path=|D:\OHIF_MP\Viewers_v2\node_modules\moment\locale|request=|./br from pack: Error: Cannot find module 'D:\OHIF_MP\Viewers_v2\node_modules\mini-css-extract-plugin\dist\CssDependency'
@ohif/app: <w> Require stack:
@ohif/app: <w> - D:\OHIF_MP\Viewers_v2\node_modules\webpack\lib\serialization\ObjectMiddleware.js
@ohif/app: <w> - D:\OHIF_MP\Viewers_v2\node_modules\webpack\lib\util\serialization.js
@ohif/app: <w> - D:\OHIF_MP\Viewers_v2\node_modules\webpack\lib\util\makeSerializable.js
@ohif/app: <w> - D:\OHIF_MP\Viewers_v2\node_modules\webpack\lib\dependencies\EntryDependency.js
@ohif/app: <w> - D:\OHIF_MP\Viewers_v2\node_modules\webpack\lib\EntryPlugin.js
@ohif/app: <w> - D:\OHIF_MP\Viewers_v2\node_modules\webpack\lib\index.js
@ohif/app: <w> - D:\OHIF_MP\Viewers_v2\node_modules\webpack-cli\lib\webpack-cli.js
@ohif/app: <w> - D:\OHIF_MP\Viewers_v2\node_modules\webpack-cli\lib\bootstrap.js
@ohif/app: <w> - D:\OHIF_MP\Viewers_v2\node_modules\webpack-cli\bin\cli.js
@ohif/app: <w> - D:\OHIF_MP\Viewers_v2\node_modules\webpack\bin\webpack.js
@ohif/app: <w> (during deserialization of Array)
@ohif/app: <w> (during deserialization of webpack/lib/NormalModule)
@ohif/app: <w> (during deserialization of Map)
@ohif/app: <w> (during deserialization of webpack/lib/cache/PackFileCacheStrategy PackContentItems)
@ohif/app: <w> [webpack.cache.PackFileCacheStrategy] Restoring failed for ResolverCachePlugin|normal|default|dependencyType=|commonjs|path=|D:\OHIF_MP\Viewers_v2\node_modules\moment\locale|request=|./br.js from pack: Error: Cannot find module 'D:\OHIF_MP\Viewers_v2\node_modules\mini-css-extract-plugin\dist\CssDependency'
@ohif/app: <w> Require stack:
@ohif/app: <w> - D:\OHIF_MP\Viewers_v2\node_modules\webpack\lib\serialization\ObjectMiddleware.js
@ohif/app: <w> - D:\OHIF_MP\Viewers_v2\node_modules\webpack\lib\util\serialization.js
@ohif/app: <w> - D:\OHIF_MP\Viewers_v2\node_modules\webpack\lib\util\makeSerializable.js
@ohif/app: <w> - D:\OHIF_MP\Viewers_v2\node_modules\webpack\lib\dependencies\EntryDependency.js
@ohif/app: <w> - D:\OHIF_MP\Viewers_v2\node_modules\webpack\lib\EntryPlugin.js
@ohif/app: <w> - D:\OHIF_MP\Viewers_v2\node_modules\webpack\lib\index.js
@ohif/app: <w> - D:\OHIF_MP\Viewers_v2\node_modules\webpack-cli\lib\webpack-cli.js
@ohif/app: <w> - D:\OHIF_MP\Viewers_v2\node_modules\webpack-cli\lib\bootstrap.js
@ohif/app: <w> - D:\OHIF_MP\Viewers_v2\node_modules\webpack-cli\bin\cli.js
@ohif/app: <w> - D:\OHIF_MP\Viewers_v2\node_modules\webpack\bin\webpack.js
@ohif/app: <w> (during deserialization of Array)
@ohif/app: <w> (during deserialization of webpack/lib/NormalModule)
@ohif/app: <w> (during deserialization of Map)
@ohif/app: <w> (during deserialization of webpack/lib/cache/PackFileCacheStrategy PackContentItems)
@ohif/app: <w> [webpack.cache.PackFileCacheStrategy] Restoring failed for ResolverCachePlugin|normal|default|dependencyType=|commonjs|path=|D:\OHIF_MP\Viewers_v2\node_modules\moment\locale|request=|./bs from pack: Error: Cannot find module 'D:\OHIF_MP\Viewers_v2\node_modules\mini-css-extract-plugin\dist\CssDependency'
@ohif/app: <w> Require stack:
@ohif/app: <w> - D:\OHIF_MP\Viewers_v2\node_modules\webpack\lib\serialization\ObjectMiddleware.js
@ohif/app: <w> - D:\OHIF_MP\Viewers_v2\node_modules\webpack\lib\util\serialization.js
@ohif/app: <w> - D:\OHIF_MP\Viewers_v2\node_modules\webpack\lib\util\makeSerializable.js
@ohif/app: <w> - D:\OHIF_MP\Viewers_v2\node_modules\webpack\lib\dependencies\EntryDependency.js
@ohif/app: <w> - D:\OHIF_MP\Viewers_v2\node_modules\webpack\lib\EntryPlugin.js
@ohif/app: <w> - D:\OHIF_MP\Viewers_v2\node_modules\webpack\lib\index.js
@ohif/app: <w> - D:\OHIF_MP\Viewers_v2\node_modules\webpack-cli\lib\webpack-cli.js
@ohif/app: <w> - D:\OHIF_MP\Viewers_v2\node_modules\webpack-cli\lib\bootstrap.js
@ohif/app: <w> - D:\OHIF_MP\Viewers_v2\node_modules\webpack-cli\bin\cli.js
@ohif/app: <w> - D:\OHIF_MP\Viewers_v2\node_modules\webpack\bin\webpack.js
@ohif/app: <w> (during deserialization of Array)
@ohif/app: <w> (during deserialization of webpack/lib/NormalModule)
@ohif/app: <w> (during deserialization of Map)
@ohif/app: <w> (during deserialization of webpack/lib/cache/PackFileCacheStrategy PackContentItems)
@ohif/app: <w> [webpack.cache.PackFileCacheStrategy] Restoring failed for ResolverCachePlugin|normal|default|dependencyType=|commonjs|path=|D:\OHIF_MP\Viewers_v2\node_modules\moment\locale|request=|./bs.js from pack: Error: Cannot find module 'D:\OHIF_MP\Viewers_v2\node_modules\mini-css-extract-plugin\dist\CssDependency'
@ohif/app: <w> Require stack:
@ohif/app: <w> - D:\OHIF_MP\Viewers_v2\node_modules\webpack\lib\serialization\ObjectMiddleware.js
@ohif/app: <w> - D:\OHIF_MP\Viewers_v2\node_modules\webpack\lib\util\serialization.js
@ohif/app: <w> - D:\OHIF_MP\Viewers_v2\node_modules\webpack\lib\util\makeSerializable.js
@ohif/app: <w> - D:\OHIF_MP\Viewers_v2\node_modules\webpack\lib\dependencies\EntryDependency.js
@ohif/app: <w> - D:\OHIF_MP\Viewers_v2\node_modules\webpack\lib\EntryPlugin.js
@ohif/app: <w> - D:\OHIF_MP\Viewers_v2\node_modules\webpack\lib\index.js
@ohif/app: <w> - D:\OHIF_MP\Viewers_v2\node_modules\webpack-cli\lib\webpack-cli.js
@ohif/app: <w> - D:\OHIF_MP\Viewers_v2\node_modules\webpack-cli\lib\bootstrap.js
@ohif/app: <w> - D:\OHIF_MP\Viewers_v2\node_modules\webpack-cli\bin\cli.js
@ohif/app: <w> - D:\OHIF_MP\Viewers_v2\node_modules\webpack\bin\webpack.js
@ohif/app: <w> (during deserialization of Array)
@ohif/app: <w> (during deserialization of webpack/lib/NormalModule)
@ohif/app: <w> (during deserialization of Map)
@ohif/app: <w> (during deserialization of webpack/lib/cache/PackFileCacheStrategy PackContentItems)
@ohif/app: <w> [webpack.cache.PackFileCacheStrategy] Restoring failed for ResolverCachePlugin|normal|default|dependencyType=|commonjs|path=|D:\OHIF_MP\Viewers_v2\node_modules\moment\locale|request=|./ca from pack: Error: Cannot find module 'D:\OHIF_MP\Viewers_v2\node_modules\mini-css-extract-plugin\dist\CssDependency'
@ohif/app: <w> Require stack:
@ohif/app: <w> - D:\OHIF_MP\Viewers_v2\node_modules\webpack\lib\serialization\ObjectMiddleware.js
@ohif/app: <w> - D:\OHIF_MP\Viewers_v2\node_modules\webpack\lib\util\serialization.js
@ohif/app: <w> - D:\OHIF_MP\Viewers_v2\node_modules\webpack\lib\util\makeSerializable.js
@ohif/app: <w> - D:\OHIF_MP\Viewers_v2\node_modules\webpack\lib\dependencies\EntryDependency.js
@ohif/app: <w> - D:\OHIF_MP\Viewers_v2\node_modules\webpack\lib\EntryPlugin.js
@ohif/app: <w> - D:\OHIF_MP\Viewers_v2\node_modules\webpack\lib\index.js
@ohif/app: <w> - D:\OHIF_MP\Viewers_v2\node_modules\webpack-cli\lib\webpack-cli.js
@ohif/app: <w> - D:\OHIF_MP\Viewers_v2\node_modules\webpack-cli\lib\bootstrap.js
@ohif/app: <w> - D:\OHIF_MP\Viewers_v2\node_modules\webpack-cli\bin\cli.js
@ohif/app: <w> - D:\OHIF_MP\Viewers_v2\node_modules\webpack\bin\webpack.js
@ohif/app: <w> (during deserialization of Array)
@ohif/app: <w> (during deserialization of webpack/lib/NormalModule)
@ohif/app: <w> (during deserialization of Map)
@ohif/app: <w> (during deserialization of webpack/lib/cache/PackFileCacheStrategy PackContentItems)
@ohif/app: <w> [webpack.cache.PackFileCacheStrategy] Restoring failed for ResolverCachePlugin|normal|default|dependencyType=|commonjs|path=|D:\OHIF_MP\Viewers_v2\node_modules\moment\locale|request=|./ca.js from pack: Error: Cannot find module 'D:\OHIF_MP\Viewers_v2\node_modules\mini-css-extract-plugin\dist\CssDependency'
@ohif/app: <w> Require stack:
@ohif/app: <w> - D:\OHIF_MP\Viewers_v2\node_modules\webpack\lib\serialization\ObjectMiddleware.js
@ohif/app: <w> - D:\OHIF_MP\Viewers_v2\node_modules\webpack\lib\util\serialization.js
@ohif/app: <w> - D:\OHIF_MP\Viewers_v2\node_modules\webpack\lib\util\makeSerializable.js
@ohif/app: <w> - D:\OHIF_MP\Viewers_v2\node_modules\webpack\lib\dependencies\EntryDependency.js
@ohif/app: <w> - D:\OHIF_MP\Viewers_v2\node_modules\webpack\lib\EntryPlugin.js
@ohif/app: <w> - D:\OHIF_MP\Viewers_v2\node_modules\webpack\lib\index.js
@ohif/app: <w> - D:\OHIF_MP\Viewers_v2\node_modules\webpack-cli\lib\webpack-cli.js
@ohif/app: <w> - D:\OHIF_MP\Viewers_v2\node_modules\webpack-cli\lib\bootstrap.js
@ohif/app: <w> - D:\OHIF_MP\Viewers_v2\node_modules\webpack-cli\bin\cli.js
@ohif/app: <w> - D:\OHIF_MP\Viewers_v2\node_modules\webpack\bin\webpack.js
@ohif/app: <w> (during deserialization of Array)
@ohif/app: <w> (during deserialization of webpack/lib/NormalModule)
@ohif/app: <w> (during deserialization of Map)
@ohif/app: <w> (during deserialization of webpack/lib/cache/PackFileCacheStrategy PackContentItems)
@ohif/app: <w> [webpack.cache.PackFileCacheStrategy] Restoring failed for ResolverCachePlugin|normal|default|dependencyType=|commonjs|path=|D:\OHIF_MP\Viewers_v2\node_modules\moment\locale|request=|./cs from pack: Error: Cannot find module 'D:\OHIF_MP\Viewers_v2\node_modules\mini-css-extract-plugin\dist\CssDependency'
@ohif/app: <w> Require stack:
@ohif/app: <w> - D:\OHIF_MP\Viewers_v2\node_modules\webpack\lib\serialization\ObjectMiddleware.js
@ohif/app: <w> - D:\OHIF_MP\Viewers_v2\node_modules\webpack\lib\util\serialization.js
@ohif/app: <w> - D:\OHIF_MP\Viewers_v2\node_modules\webpack\lib\util\makeSerializable.js
@ohif/app: <w> - D:\OHIF_MP\Viewers_v2\node_modules\webpack\lib\dependencies\EntryDependency.js
@ohif/app: <w> - D:\OHIF_MP\Viewers_v2\node_modules\webpack\lib\EntryPlugin.js
@ohif/app: <w> - D:\OHIF_MP\Viewers_v2\node_modules\webpack\lib\index.js
@ohif/app: <w> - D:\OHIF_MP\Viewers_v2\node_modules\webpack-cli\lib\webpack-cli.js
@ohif/app: <w> - D:\OHIF_MP\Viewers_v2\node_modules\webpack-cli\lib\bootstrap.js
@ohif/app: <w> - D:\OHIF_MP\Viewers_v2\node_modules\webpack-cli\bin\cli.js
@ohif/app: <w> - D:\OHIF_MP\Viewers_v2\node_modules\webpack\bin\webpack.js
@ohif/app: <w> (during deserialization of Array)
@ohif/app: <w> (during deserialization of webpack/lib/NormalModule)
@ohif/app: <w> (during deserialization of Map)
@ohif/app: <w> (during deserialization of webpack/lib/cache/PackFileCacheStrategy PackContentItems)
@ohif/app: <w> [webpack.cache.PackFileCacheStrategy] Restoring failed for ResolverCachePlugin|normal|default|dependencyType=|commonjs|path=|D:\OHIF_MP\Viewers_v2\node_modules\moment\locale|request=|./cs.js from pack: Error: Cannot find module 'D:\OHIF_MP\Viewers_v2\node_modules\mini-css-extract-plugin\dist\CssDependency'
@ohif/app: <w> Require stack:
@ohif/app: <w> - D:\OHIF_MP\Viewers_v2\node_modules\webpack\lib\serialization\ObjectMiddleware.js
@ohif/app: <w> - D:\OHIF_MP\Viewers_v2\node_modules\webpack\lib\util\serialization.js
@ohif/app: <w> - D:\OHIF_MP\Viewers_v2\node_modules\webpack\lib\util\makeSerializable.js
@ohif/app: <w> - D:\OHIF_MP\Viewers_v2\node_modules\webpack\lib\dependencies\EntryDependency.js
@ohif/app: <w> - D:\OHIF_MP\Viewers_v2\node_modules\webpack\lib\EntryPlugin.js
@ohif/app: <w> - D:\OHIF_MP\Viewers_v2\node_modules\webpack\lib\index.js
@ohif/app: <w> - D:\OHIF_MP\Viewers_v2\node_modules\webpack-cli\lib\webpack-cli.js
@ohif/app: <w> - D:\OHIF_MP\Viewers_v2\node_modules\webpack-cli\lib\bootstrap.js
@ohif/app: <w> - D:\OHIF_MP\Viewers_v2\node_modules\webpack-cli\bin\cli.js
@ohif/app: <w> - D:\OHIF_MP\Viewers_v2\node_modules\webpack\bin\webpack.js
@ohif/app: <w> (during deserialization of Array)
@ohif/app: <w> (during deserialization of webpack/lib/NormalModule)
@ohif/app: <w> (during deserialization of Map)
@ohif/app: <w> (during deserialization of webpack/lib/cache/PackFileCacheStrategy PackContentItems)
@ohif/app: <w> [webpack.cache.PackFileCacheStrategy] Restoring failed for ResolverCachePlugin|normal|default|dependencyType=|commonjs|path=|D:\OHIF_MP\Viewers_v2\node_modules\moment\locale|request=|./cv from pack: Error: Cannot find module 'D:\OHIF_MP\Viewers_v2\node_modules\mini-css-extract-plugin\dist\CssDependency'
@ohif/app: <w> Require stack:
@ohif/app: <w> - D:\OHIF_MP\Viewers_v2\node_modules\webpack\lib\serialization\ObjectMiddleware.js
@ohif/app: <w> - D:\OHIF_MP\Viewers_v2\node_modules\webpack\lib\util\serialization.js
@ohif/app: <w> - D:\OHIF_MP\Viewers_v2\node_modules\webpack\lib\util\makeSerializable.js
@ohif/app: <w> - D:\OHIF_MP\Viewers_v2\node_modules\webpack\lib\dependencies\EntryDependency.js
@ohif/app: <w> - D:\OHIF_MP\Viewers_v2\node_modules\webpack\lib\EntryPlugin.js
@ohif/app: <w> - D:\OHIF_MP\Viewers_v2\node_modules\webpack\lib\index.js
@ohif/app: <w> - D:\OHIF_MP\Viewers_v2\node_modules\webpack-cli\lib\webpack-cli.js
@ohif/app: <w> - D:\OHIF_MP\Viewers_v2\node_modules\webpack-cli\lib\bootstrap.js
@ohif/app: <w> - D:\OHIF_MP\Viewers_v2\node_modules\webpack-cli\bin\cli.js
@ohif/app: <w> - D:\OHIF_MP\Viewers_v2\node_modules\webpack\bin\webpack.js
@ohif/app: <w> (during deserialization of Array)
@ohif/app: <w> (during deserialization of webpack/lib/NormalModule)
@ohif/app: <w> (during deserialization of Map)
@ohif/app: <w> (during deserialization of webpack/lib/cache/PackFileCacheStrategy PackContentItems)
@ohif/app: <w> [webpack.cache.PackFileCacheStrategy] Restoring failed for ResolverCachePlugin|normal|default|dependencyType=|commonjs|path=|D:\OHIF_MP\Viewers_v2\node_modules\moment\locale|request=|./cv.js from pack: Error: Cannot find module 'D:\OHIF_MP\Viewers_v2\node_modules\mini-css-extract-plugin\dist\CssDependency'
@ohif/app: <w> Require stack:
@ohif/app: <w> - D:\OHIF_MP\Viewers_v2\node_modules\webpack\lib\serialization\ObjectMiddleware.js
@ohif/app: <w> - D:\OHIF_MP\Viewers_v2\node_modules\webpack\lib\util\serialization.js
@ohif/app: <w> - D:\OHIF_MP\Viewers_v2\node_modules\webpack\lib\util\makeSerializable.js
@ohif/app: <w> - D:\OHIF_MP\Viewers_v2\node_modules\webpack\lib\dependencies\EntryDependency.js
@ohif/app: <w> - D:\OHIF_MP\Viewers_v2\node_modules\webpack\lib\EntryPlugin.js
@ohif/app: <w> - D:\OHIF_MP\Viewers_v2\node_modules\webpack\lib\index.js
@ohif/app: <w> - D:\OHIF_MP\Viewers_v2\node_modules\webpack-cli\lib\webpack-cli.js
@ohif/app: <w> - D:\OHIF_MP\Viewers_v2\node_modules\webpack-cli\lib\bootstrap.js
@ohif/app: <w> - D:\OHIF_MP\Viewers_v2\node_modules\webpack-cli\bin\cli.js
@ohif/app: <w> - D:\OHIF_MP\Viewers_v2\node_modules\webpack\bin\webpack.js
@ohif/app: <w> (during deserialization of Array)
@ohif/app: <w> (during deserialization of webpack/lib/NormalModule)
@ohif/app: <w> (during deserialization of Map)
@ohif/app: <w> (during deserialization of webpack/lib/cache/PackFileCacheStrategy PackContentItems)
@ohif/app: <w> [webpack.cache.PackFileCacheStrategy] Restoring failed for ResolverCachePlugin|normal|default|dependencyType=|commonjs|path=|D:\OHIF_MP\Viewers_v2\node_modules\moment\locale|request=|./cy from pack: Error: Cannot find module 'D:\OHIF_MP\Viewers_v2\node_modules\mini-css-extract-plugin\dist\CssDependency'
@ohif/app: <w> Require stack:
@ohif/app: <w> - D:\OHIF_MP\Viewers_v2\node_modules\webpack\lib\serialization\ObjectMiddleware.js
@ohif/app: <w> - D:\OHIF_MP\Viewers_v2\node_modules\webpack\lib\util\serialization.js
@ohif/app: <w> - D:\OHIF_MP\Viewers_v2\node_modules\webpack\lib\util\makeSerializable.js
@ohif/app: <w> - D:\OHIF_MP\Viewers_v2\node_modules\webpack\lib\dependencies\EntryDependency.js
@ohif/app: <w> - D:\OHIF_MP\Viewers_v2\node_modules\webpack\lib\EntryPlugin.js
@ohif/app: <w> - D:\OHIF_MP\Viewers_v2\node_modules\webpack\lib\index.js
@ohif/app: <w> - D:\OHIF_MP\Viewers_v2\node_modules\webpack-cli\lib\webpack-cli.js
@ohif/app: <w> - D:\OHIF_MP\Viewers_v2\node_modules\webpack-cli\lib\bootstrap.js
@ohif/app: <w> - D:\OHIF_MP\Viewers_v2\node_modules\webpack-cli\bin\cli.js
@ohif/app: <w> - D:\OHIF_MP\Viewers_v2\node_modules\webpack\bin\webpack.js
@ohif/app: <w> (during deserialization of Array)
@ohif/app: <w> (during deserialization of webpack/lib/NormalModule)
@ohif/app: <w> (during deserialization of Map)
@ohif/app: <w> (during deserialization of webpack/lib/cache/PackFileCacheStrategy PackContentItems)
@ohif/app: <w> [webpack.cache.PackFileCacheStrategy] Restoring failed for ResolverCachePlugin|normal|default|dependencyType=|commonjs|path=|D:\OHIF_MP\Viewers_v2\node_modules\moment\locale|request=|./cy.js from pack: Error: Cannot find module 'D:\OHIF_MP\Viewers_v2\node_modules\mini-css-extract-plugin\dist\CssDependency'
@ohif/app: <w> Require stack:
@ohif/app: <w> - D:\OHIF_MP\Viewers_v2\node_modules\webpack\lib\serialization\ObjectMiddleware.js
@ohif/app: <w> - D:\OHIF_MP\Viewers_v2\node_modules\webpack\lib\util\serialization.js
@ohif/app: <w> - D:\OHIF_MP\Viewers_v2\node_modules\webpack\lib\util\makeSerializable.js
@ohif/app: <w> - D:\OHIF_MP\Viewers_v2\node_modules\webpack\lib\dependencies\EntryDependency.js
@ohif/app: <w> - D:\OHIF_MP\Viewers_v2\node_modules\webpack\lib\EntryPlugin.js
@ohif/app: <w> - D:\OHIF_MP\Viewers_v2\node_modules\webpack\lib\index.js
@ohif/app: <w> - D:\OHIF_MP\Viewers_v2\node_modules\webpack-cli\lib\webpack-cli.js
@ohif/app: <w> - D:\OHIF_MP\Viewers_v2\node_modules\webpack-cli\lib\bootstrap.js
@ohif/app: <w> - D:\OHIF_MP\Viewers_v2\node_modules\webpack-cli\bin\cli.js
@ohif/app: <w> - D:\OHIF_MP\Viewers_v2\node_modules\webpack\bin\webpack.js
@ohif/app: <w> (during deserialization of Array)
@ohif/app: <w> (during deserialization of webpack/lib/NormalModule)
@ohif/app: <w> (during deserialization of Map)
@ohif/app: <w> (during deserialization of webpack/lib/cache/PackFileCacheStrategy PackContentItems)
@ohif/app: <w> [webpack.cache.PackFileCacheStrategy] Restoring failed for ResolverCachePlugin|normal|default|dependencyType=|commonjs|path=|D:\OHIF_MP\Viewers_v2\node_modules\moment\locale|request=|./da from pack: Error: Cannot find module 'D:\OHIF_MP\Viewers_v2\node_modules\mini-css-extract-plugin\dist\CssDependency'
@ohif/app: <w> Require stack:
@ohif/app: <w> - D:\OHIF_MP\Viewers_v2\node_modules\webpack\lib\serialization\ObjectMiddleware.js
@ohif/app: <w> - D:\OHIF_MP\Viewers_v2\node_modules\webpack\lib\util\serialization.js
@ohif/app: <w> - D:\OHIF_MP\Viewers_v2\node_modules\webpack\lib\util\makeSerializable.js
@ohif/app: <w> - D:\OHIF_MP\Viewers_v2\node_modules\webpack\lib\dependencies\EntryDependency.js
@ohif/app: <w> - D:\OHIF_MP\Viewers_v2\node_modules\webpack\lib\EntryPlugin.js
@ohif/app: <w> - D:\OHIF_MP\Viewers_v2\node_modules\webpack\lib\index.js
@ohif/app: <w> - D:\OHIF_MP\Viewers_v2\node_modules\webpack-cli\lib\webpack-cli.js
@ohif/app: <w> - D:\OHIF_MP\Viewers_v2\node_modules\webpack-cli\lib\bootstrap.js
@ohif/app: <w> - D:\OHIF_MP\Viewers_v2\node_modules\webpack-cli\bin\cli.js
@ohif/app: <w> - D:\OHIF_MP\Viewers_v2\node_modules\webpack\bin\webpack.js
@ohif/app: <w> (during deserialization of Array)
@ohif/app: <w> (during deserialization of webpack/lib/NormalModule)
@ohif/app: <w> (during deserialization of Map)
@ohif/app: <w> (during deserialization of webpack/lib/cache/PackFileCacheStrategy PackContentItems)
@ohif/app: <w> [webpack.cache.PackFileCacheStrategy] Restoring failed for ResolverCachePlugin|normal|default|dependencyType=|commonjs|path=|D:\OHIF_MP\Viewers_v2\node_modules\moment\locale|request=|./da.js from pack: Error: Cannot find module 'D:\OHIF_MP\Viewers_v2\node_modules\mini-css-extract-plugin\dist\CssDependency'
@ohif/app: <w> Require stack:
@ohif/app: <w> - D:\OHIF_MP\Viewers_v2\node_modules\webpack\lib\serialization\ObjectMiddleware.js
@ohif/app: <w> - D:\OHIF_MP\Viewers_v2\node_modules\webpack\lib\util\serialization.js
@ohif/app: <w> - D:\OHIF_MP\Viewers_v2\node_modules\webpack\lib\util\makeSerializable.js
@ohif/app: <w> - D:\OHIF_MP\Viewers_v2\node_modules\webpack\lib\dependencies\EntryDependency.js
@ohif/app: <w> - D:\OHIF_MP\Viewers_v2\node_modules\webpack\lib\EntryPlugin.js
@ohif/app: <w> - D:\OHIF_MP\Viewers_v2\node_modules\webpack\lib\index.js
@ohif/app: <w> - D:\OHIF_MP\Viewers_v2\node_modules\webpack-cli\lib\webpack-cli.js
@ohif/app: <w> - D:\OHIF_MP\Viewers_v2\node_modules\webpack-cli\lib\bootstrap.js
@ohif/app: <w> - D:\OHIF_MP\Viewers_v2\node_modules\webpack-cli\bin\cli.js
@ohif/app: <w> - D:\OHIF_MP\Viewers_v2\node_modules\webpack\bin\webpack.js
@ohif/app: <w> (during deserialization of Array)
@ohif/app: <w> (during deserialization of webpack/lib/NormalModule)
@ohif/app: <w> (during deserialization of Map)
@ohif/app: <w> (during deserialization of webpack/lib/cache/PackFileCacheStrategy PackContentItems)
@ohif/app: <w> [webpack.cache.PackFileCacheStrategy] Restoring failed for ResolverCachePlugin|normal|default|dependencyType=|commonjs|path=|D:\OHIF_MP\Viewers_v2\node_modules\moment\locale|request=|./de from pack: Error: Cannot find module 'D:\OHIF_MP\Viewers_v2\node_modules\mini-css-extract-plugin\dist\CssDependency'
@ohif/app: <w> Require stack:
@ohif/app: <w> - D:\OHIF_MP\Viewers_v2\node_modules\webpack\lib\serialization\ObjectMiddleware.js
@ohif/app: <w> - D:\OHIF_MP\Viewers_v2\node_modules\webpack\lib\util\serialization.js
@ohif/app: <w> - D:\OHIF_MP\Viewers_v2\node_modules\webpack\lib\util\makeSerializable.js
@ohif/app: <w> - D:\OHIF_MP\Viewers_v2\node_modules\webpack\lib\dependencies\EntryDependency.js
@ohif/app: <w> - D:\OHIF_MP\Viewers_v2\node_modules\webpack\lib\EntryPlugin.js
@ohif/app: <w> - D:\OHIF_MP\Viewers_v2\node_modules\webpack\lib\index.js
@ohif/app: <w> - D:\OHIF_MP\Viewers_v2\node_modules\webpack-cli\lib\webpack-cli.js
@ohif/app: <w> - D:\OHIF_MP\Viewers_v2\node_modules\webpack-cli\lib\bootstrap.js
@ohif/app: <w> - D:\OHIF_MP\Viewers_v2\node_modules\webpack-cli\bin\cli.js
@ohif/app: <w> - D:\OHIF_MP\Viewers_v2\node_modules\webpack\bin\webpack.js
@ohif/app: <w> (during deserialization of Array)
@ohif/app: <w> (during deserialization of webpack/lib/NormalModule)
@ohif/app: <w> (during deserialization of Map)
@ohif/app: <w> (during deserialization of webpack/lib/cache/PackFileCacheStrategy PackContentItems)
@ohif/app: <w> [webpack.cache.PackFileCacheStrategy] Restoring failed for ResolverCachePlugin|normal|default|dependencyType=|commonjs|path=|D:\OHIF_MP\Viewers_v2\node_modules\moment\locale|request=|./de-at from pack: Error: Cannot find module 'D:\OHIF_MP\Viewers_v2\node_modules\mini-css-extract-plugin\dist\CssDependency'
@ohif/app: <w> Require stack:
@ohif/app: <w> - D:\OHIF_MP\Viewers_v2\node_modules\webpack\lib\serialization\ObjectMiddleware.js
@ohif/app: <w> - D:\OHIF_MP\Viewers_v2\node_modules\webpack\lib\util\serialization.js
@ohif/app: <w> - D:\OHIF_MP\Viewers_v2\node_modules\webpack\lib\util\makeSerializable.js
@ohif/app: <w> - D:\OHIF_MP\Viewers_v2\node_modules\webpack\lib\dependencies\EntryDependency.js
@ohif/app: <w> - D:\OHIF_MP\Viewers_v2\node_modules\webpack\lib\EntryPlugin.js
@ohif/app: <w> - D:\OHIF_MP\Viewers_v2\node_modules\webpack\lib\index.js
@ohif/app: <w> - D:\OHIF_MP\Viewers_v2\node_modules\webpack-cli\lib\webpack-cli.js
@ohif/app: <w> - D:\OHIF_MP\Viewers_v2\node_modules\webpack-cli\lib\bootstrap.js
@ohif/app: <w> - D:\OHIF_MP\Viewers_v2\node_modules\webpack-cli\bin\cli.js
@ohif/app: <w> - D:\OHIF_MP\Viewers_v2\node_modules\webpack\bin\webpack.js
@ohif/app: <w> (during deserialization of Array)
@ohif/app: <w> (during deserialization of webpack/lib/NormalModule)
@ohif/app: <w> (during deserialization of Map)
@ohif/app: <w> (during deserialization of webpack/lib/cache/PackFileCacheStrategy PackContentItems)
@ohif/app: <w> [webpack.cache.PackFileCacheStrategy] Restoring failed for ResolverCachePlugin|normal|default|dependencyType=|commonjs|path=|D:\OHIF_MP\Viewers_v2\node_modules\moment\locale|request=|./de-at.js from pack: Error: Cannot find module 'D:\OHIF_MP\Viewers_v2\node_modules\mini-css-extract-plugin\dist\CssDependency'
@ohif/app: <w> Require stack:
@ohif/app: <w> - D:\OHIF_MP\Viewers_v2\node_modules\webpack\lib\serialization\ObjectMiddleware.js
@ohif/app: <w> - D:\OHIF_MP\Viewers_v2\node_modules\webpack\lib\util\serialization.js
@ohif/app: <w> - D:\OHIF_MP\Viewers_v2\node_modules\webpack\lib\util\makeSerializable.js
@ohif/app: <w> - D:\OHIF_MP\Viewers_v2\node_modules\webpack\lib\dependencies\EntryDependency.js
@ohif/app: <w> - D:\OHIF_MP\Viewers_v2\node_modules\webpack\lib\EntryPlugin.js
@ohif/app: <w> - D:\OHIF_MP\Viewers_v2\node_modules\webpack\lib\index.js
@ohif/app: <w> - D:\OHIF_MP\Viewers_v2\node_modules\webpack-cli\lib\webpack-cli.js
@ohif/app: <w> - D:\OHIF_MP\Viewers_v2\node_modules\webpack-cli\lib\bootstrap.js
@ohif/app: <w> - D:\OHIF_MP\Viewers_v2\node_modules\webpack-cli\bin\cli.js
@ohif/app: <w> - D:\OHIF_MP\Viewers_v2\node_modules\webpack\bin\webpack.js
@ohif/app: <w> (during deserialization of Array)
@ohif/app: <w> (during deserialization of webpack/lib/NormalModule)
@ohif/app: <w> (during deserialization of Map)
@ohif/app: <w> (during deserialization of webpack/lib/cache/PackFileCacheStrategy PackContentItems)
@ohif/app: <w> [webpack.cache.PackFileCacheStrategy] Restoring failed for ResolverCachePlugin|normal|default|dependencyType=|commonjs|path=|D:\OHIF_MP\Viewers_v2\node_modules\moment\locale|request=|./de-ch from pack: Error: Cannot find module 'D:\OHIF_MP\Viewers_v2\node_modules\mini-css-extract-plugin\dist\CssDependency'
@ohif/app: <w> Require stack:
@ohif/app: <w> - D:\OHIF_MP\Viewers_v2\node_modules\webpack\lib\serialization\ObjectMiddleware.js
@ohif/app: <w> - D:\OHIF_MP\Viewers_v2\node_modules\webpack\lib\util\serialization.js
@ohif/app: <w> - D:\OHIF_MP\Viewers_v2\node_modules\webpack\lib\util\makeSerializable.js
@ohif/app: <w> - D:\OHIF_MP\Viewers_v2\node_modules\webpack\lib\dependencies\EntryDependency.js
@ohif/app: <w> - D:\OHIF_MP\Viewers_v2\node_modules\webpack\lib\EntryPlugin.js
@ohif/app: <w> - D:\OHIF_MP\Viewers_v2\node_modules\webpack\lib\index.js
@ohif/app: <w> - D:\OHIF_MP\Viewers_v2\node_modules\webpack-cli\lib\webpack-cli.js
@ohif/app: <w> - D:\OHIF_MP\Viewers_v2\node_modules\webpack-cli\lib\bootstrap.js
@ohif/app: <w> - D:\OHIF_MP\Viewers_v2\node_modules\webpack-cli\bin\cli.js
@ohif/app: <w> - D:\OHIF_MP\Viewers_v2\node_modules\webpack\bin\webpack.js
@ohif/app: <w> (during deserialization of Array)
@ohif/app: <w> (during deserialization of webpack/lib/NormalModule)
@ohif/app: <w> (during deserialization of Map)
@ohif/app: <w> (during deserialization of webpack/lib/cache/PackFileCacheStrategy PackContentItems)
@ohif/app: <w> [webpack.cache.PackFileCacheStrategy] Restoring failed for ResolverCachePlugin|normal|default|dependencyType=|commonjs|path=|D:\OHIF_MP\Viewers_v2\node_modules\moment\locale|request=|./de-ch.js from pack: Error: Cannot find module 'D:\OHIF_MP\Viewers_v2\node_modules\mini-css-extract-plugin\dist\CssDependency'
@ohif/app: <w> Require stack:
@ohif/app: <w> - D:\OHIF_MP\Viewers_v2\node_modules\webpack\lib\serialization\ObjectMiddleware.js
@ohif/app: <w> - D:\OHIF_MP\Viewers_v2\node_modules\webpack\lib\util\serialization.js
@ohif/app: <w> - D:\OHIF_MP\Viewers_v2\node_modules\webpack\lib\util\makeSerializable.js
@ohif/app: <w> - D:\OHIF_MP\Viewers_v2\node_modules\webpack\lib\dependencies\EntryDependency.js
@ohif/app: <w> - D:\OHIF_MP\Viewers_v2\node_modules\webpack\lib\EntryPlugin.js
@ohif/app: <w> - D:\OHIF_MP\Viewers_v2\node_modules\webpack\lib\index.js
@ohif/app: <w> - D:\OHIF_MP\Viewers_v2\node_modules\webpack-cli\lib\webpack-cli.js
@ohif/app: <w> - D:\OHIF_MP\Viewers_v2\node_modules\webpack-cli\lib\bootstrap.js
@ohif/app: <w> - D:\OHIF_MP\Viewers_v2\node_modules\webpack-cli\bin\cli.js
@ohif/app: <w> - D:\OHIF_MP\Viewers_v2\node_modules\webpack\bin\webpack.js
@ohif/app: <w> (during deserialization of Array)
@ohif/app: <w> (during deserialization of webpack/lib/NormalModule)
@ohif/app: <w> (during deserialization of Map)
@ohif/app: <w> (during deserialization of webpack/lib/cache/PackFileCacheStrategy PackContentItems)
@ohif/app: <w> [webpack.cache.PackFileCacheStrategy] Restoring failed for ResolverCachePlugin|normal|default|dependencyType=|commonjs|path=|D:\OHIF_MP\Viewers_v2\node_modules\moment\locale|request=|./de.js from pack: Error: Cannot find module 'D:\OHIF_MP\Viewers_v2\node_modules\mini-css-extract-plugin\dist\CssDependency'
@ohif/app: <w> Require stack:
@ohif/app: <w> - D:\OHIF_MP\Viewers_v2\node_modules\webpack\lib\serialization\ObjectMiddleware.js
@ohif/app: <w> - D:\OHIF_MP\Viewers_v2\node_modules\webpack\lib\util\serialization.js
@ohif/app: <w> - D:\OHIF_MP\Viewers_v2\node_modules\webpack\lib\util\makeSerializable.js
@ohif/app: <w> - D:\OHIF_MP\Viewers_v2\node_modules\webpack\lib\dependencies\EntryDependency.js
@ohif/app: <w> - D:\OHIF_MP\Viewers_v2\node_modules\webpack\lib\EntryPlugin.js
@ohif/app: <w> - D:\OHIF_MP\Viewers_v2\node_modules\webpack\lib\index.js
@ohif/app: <w> - D:\OHIF_MP\Viewers_v2\node_modules\webpack-cli\lib\webpack-cli.js
@ohif/app: <w> - D:\OHIF_MP\Viewers_v2\node_modules\webpack-cli\lib\bootstrap.js
@ohif/app: <w> - D:\OHIF_MP\Viewers_v2\node_modules\webpack-cli\bin\cli.js
@ohif/app: <w> - D:\OHIF_MP\Viewers_v2\node_modules\webpack\bin\webpack.js
@ohif/app: <w> (during deserialization of Array)
@ohif/app: <w> (during deserialization of webpack/lib/NormalModule)
@ohif/app: <w> (during deserialization of Map)
@ohif/app: <w> (during deserialization of webpack/lib/cache/PackFileCacheStrategy PackContentItems)
@ohif/app: <w> [webpack.cache.PackFileCacheStrategy] Restoring failed for ResolverCachePlugin|normal|default|dependencyType=|commonjs|path=|D:\OHIF_MP\Viewers_v2\node_modules\moment\locale|request=|./dv from pack: Error: Cannot find module 'D:\OHIF_MP\Viewers_v2\node_modules\mini-css-extract-plugin\dist\CssDependency'
@ohif/app: <w> Require stack:
@ohif/app: <w> - D:\OHIF_MP\Viewers_v2\node_modules\webpack\lib\serialization\ObjectMiddleware.js
@ohif/app: <w> - D:\OHIF_MP\Viewers_v2\node_modules\webpack\lib\util\serialization.js
@ohif/app: <w> - D:\OHIF_MP\Viewers_v2\node_modules\webpack\lib\util\makeSerializable.js
@ohif/app: <w> - D:\OHIF_MP\Viewers_v2\node_modules\webpack\lib\dependencies\EntryDependency.js
@ohif/app: <w> - D:\OHIF_MP\Viewers_v2\node_modules\webpack\lib\EntryPlugin.js
@ohif/app: <w> - D:\OHIF_MP\Viewers_v2\node_modules\webpack\lib\index.js
@ohif/app: <w> - D:\OHIF_MP\Viewers_v2\node_modules\webpack-cli\lib\webpack-cli.js
@ohif/app: <w> - D:\OHIF_MP\Viewers_v2\node_modules\webpack-cli\lib\bootstrap.js
@ohif/app: <w> - D:\OHIF_MP\Viewers_v2\node_modules\webpack-cli\bin\cli.js
@ohif/app: <w> - D:\OHIF_MP\Viewers_v2\node_modules\webpack\bin\webpack.js
@ohif/app: <w> (during deserialization of Array)
@ohif/app: <w> (during deserialization of webpack/lib/NormalModule)
@ohif/app: <w> (during deserialization of Map)
@ohif/app: <w> (during deserialization of webpack/lib/cache/PackFileCacheStrategy PackContentItems)
@ohif/app: <w> [webpack.cache.PackFileCacheStrategy] Restoring failed for ResolverCachePlugin|normal|default|dependencyType=|commonjs|path=|D:\OHIF_MP\Viewers_v2\node_modules\moment\locale|request=|./dv.js from pack: Error: Cannot find module 'D:\OHIF_MP\Viewers_v2\node_modules\mini-css-extract-plugin\dist\CssDependency'
@ohif/app: <w> Require stack:
@ohif/app: <w> - D:\OHIF_MP\Viewers_v2\node_modules\webpack\lib\serialization\ObjectMiddleware.js
@ohif/app: <w> - D:\OHIF_MP\Viewers_v2\node_modules\webpack\lib\util\serialization.js
@ohif/app: <w> - D:\OHIF_MP\Viewers_v2\node_modules\webpack\lib\util\makeSerializable.js
@ohif/app: <w> - D:\OHIF_MP\Viewers_v2\node_modules\webpack\lib\dependencies\EntryDependency.js
@ohif/app: <w> - D:\OHIF_MP\Viewers_v2\node_modules\webpack\lib\EntryPlugin.js
@ohif/app: <w> - D:\OHIF_MP\Viewers_v2\node_modules\webpack\lib\index.js
@ohif/app: <w> - D:\OHIF_MP\Viewers_v2\node_modules\webpack-cli\lib\webpack-cli.js
@ohif/app: <w> - D:\OHIF_MP\Viewers_v2\node_modules\webpack-cli\lib\bootstrap.js
@ohif/app: <w> - D:\OHIF_MP\Viewers_v2\node_modules\webpack-cli\bin\cli.js
@ohif/app: <w> - D:\OHIF_MP\Viewers_v2\node_modules\webpack\bin\webpack.js
@ohif/app: <w> (during deserialization of Array)
@ohif/app: <w> (during deserialization of webpack/lib/NormalModule)
@ohif/app: <w> (during deserialization of Map)
@ohif/app: <w> (during deserialization of webpack/lib/cache/PackFileCacheStrategy PackContentItems)
@ohif/app: <w> [webpack.cache.PackFileCacheStrategy] Restoring failed for ResolverCachePlugin|normal|default|dependencyType=|commonjs|path=|D:\OHIF_MP\Viewers_v2\node_modules\moment\locale|request=|./el from pack: Error: Cannot find module 'D:\OHIF_MP\Viewers_v2\node_modules\mini-css-extract-plugin\dist\CssDependency'
@ohif/app: <w> Require stack:
@ohif/app: <w> - D:\OHIF_MP\Viewers_v2\node_modules\webpack\lib\serialization\ObjectMiddleware.js
@ohif/app: <w> - D:\OHIF_MP\Viewers_v2\node_modules\webpack\lib\util\serialization.js
@ohif/app: <w> - D:\OHIF_MP\Viewers_v2\node_modules\webpack\lib\util\makeSerializable.js
@ohif/app: <w> - D:\OHIF_MP\Viewers_v2\node_modules\webpack\lib\dependencies\EntryDependency.js
@ohif/app: <w> - D:\OHIF_MP\Viewers_v2\node_modules\webpack\lib\EntryPlugin.js
@ohif/app: <w> - D:\OHIF_MP\Viewers_v2\node_modules\webpack\lib\index.js
@ohif/app: <w> - D:\OHIF_MP\Viewers_v2\node_modules\webpack-cli\lib\webpack-cli.js
@ohif/app: <w> - D:\OHIF_MP\Viewers_v2\node_modules\webpack-cli\lib\bootstrap.js
@ohif/app: <w> - D:\OHIF_MP\Viewers_v2\node_modules\webpack-cli\bin\cli.js
@ohif/app: <w> - D:\OHIF_MP\Viewers_v2\node_modules\webpack\bin\webpack.js
@ohif/app: <w> (during deserialization of Array)
@ohif/app: <w> (during deserialization of webpack/lib/NormalModule)
@ohif/app: <w> (during deserialization of Map)
@ohif/app: <w> (during deserialization of webpack/lib/cache/PackFileCacheStrategy PackContentItems)
@ohif/app: <w> [webpack.cache.PackFileCacheStrategy] Restoring failed for ResolverCachePlugin|normal|default|dependencyType=|commonjs|path=|D:\OHIF_MP\Viewers_v2\node_modules\moment\locale|request=|./el.js from pack: Error: Cannot find module 'D:\OHIF_MP\Viewers_v2\node_modules\mini-css-extract-plugin\dist\CssDependency'
@ohif/app: <w> Require stack:
@ohif/app: <w> - D:\OHIF_MP\Viewers_v2\node_modules\webpack\lib\serialization\ObjectMiddleware.js
@ohif/app: <w> - D:\OHIF_MP\Viewers_v2\node_modules\webpack\lib\util\serialization.js
@ohif/app: <w> - D:\OHIF_MP\Viewers_v2\node_modules\webpack\lib\util\makeSerializable.js
@ohif/app: <w> - D:\OHIF_MP\Viewers_v2\node_modules\webpack\lib\dependencies\EntryDependency.js
@ohif/app: <w> - D:\OHIF_MP\Viewers_v2\node_modules\webpack\lib\EntryPlugin.js
@ohif/app: <w> - D:\OHIF_MP\Viewers_v2\node_modules\webpack\lib\index.js
@ohif/app: <w> - D:\OHIF_MP\Viewers_v2\node_modules\webpack-cli\lib\webpack-cli.js
@ohif/app: <w> - D:\OHIF_MP\Viewers_v2\node_modules\webpack-cli\lib\bootstrap.js
@ohif/app: <w> - D:\OHIF_MP\Viewers_v2\node_modules\webpack-cli\bin\cli.js
@ohif/app: <w> - D:\OHIF_MP\Viewers_v2\node_modules\webpack\bin\webpack.js
@ohif/app: <w> (during deserialization of Array)
@ohif/app: <w> (during deserialization of webpack/lib/NormalModule)
@ohif/app: <w> (during deserialization of Map)
@ohif/app: <w> (during deserialization of webpack/lib/cache/PackFileCacheStrategy PackContentItems)
@ohif/app: <w> [webpack.cache.PackFileCacheStrategy] Restoring failed for ResolverCachePlugin|normal|default|dependencyType=|commonjs|path=|D:\OHIF_MP\Viewers_v2\node_modules\moment\locale|request=|./en-au from pack: Error: Cannot find module 'D:\OHIF_MP\Viewers_v2\node_modules\mini-css-extract-plugin\dist\CssDependency'
@ohif/app: <w> Require stack:
@ohif/app: <w> - D:\OHIF_MP\Viewers_v2\node_modules\webpack\lib\serialization\ObjectMiddleware.js
@ohif/app: <w> - D:\OHIF_MP\Viewers_v2\node_modules\webpack\lib\util\serialization.js
@ohif/app: <w> - D:\OHIF_MP\Viewers_v2\node_modules\webpack\lib\util\makeSerializable.js
@ohif/app: <w> - D:\OHIF_MP\Viewers_v2\node_modules\webpack\lib\dependencies\EntryDependency.js
@ohif/app: <w> - D:\OHIF_MP\Viewers_v2\node_modules\webpack\lib\EntryPlugin.js
@ohif/app: <w> - D:\OHIF_MP\Viewers_v2\node_modules\webpack\lib\index.js
@ohif/app: <w> - D:\OHIF_MP\Viewers_v2\node_modules\webpack-cli\lib\webpack-cli.js
@ohif/app: <w> - D:\OHIF_MP\Viewers_v2\node_modules\webpack-cli\lib\bootstrap.js
@ohif/app: <w> - D:\OHIF_MP\Viewers_v2\node_modules\webpack-cli\bin\cli.js
@ohif/app: <w> - D:\OHIF_MP\Viewers_v2\node_modules\webpack\bin\webpack.js
@ohif/app: <w> (during deserialization of Array)
@ohif/app: <w> (during deserialization of webpack/lib/NormalModule)
@ohif/app: <w> (during deserialization of Map)
@ohif/app: <w> (during deserialization of webpack/lib/cache/PackFileCacheStrategy PackContentItems)
@ohif/app: <w> [webpack.cache.PackFileCacheStrategy] Restoring failed for ResolverCachePlugin|normal|default|dependencyType=|commonjs|path=|D:\OHIF_MP\Viewers_v2\node_modules\moment\locale|request=|./en-au.js from pack: Error: Cannot find module 'D:\OHIF_MP\Viewers_v2\node_modules\mini-css-extract-plugin\dist\CssDependency'
@ohif/app: <w> Require stack:
@ohif/app: <w> - D:\OHIF_MP\Viewers_v2\node_modules\webpack\lib\serialization\ObjectMiddleware.js
@ohif/app: <w> - D:\OHIF_MP\Viewers_v2\node_modules\webpack\lib\util\serialization.js
@ohif/app: <w> - D:\OHIF_MP\Viewers_v2\node_modules\webpack\lib\util\makeSerializable.js
@ohif/app: <w> - D:\OHIF_MP\Viewers_v2\node_modules\webpack\lib\dependencies\EntryDependency.js
@ohif/app: <w> - D:\OHIF_MP\Viewers_v2\node_modules\webpack\lib\EntryPlugin.js
@ohif/app: <w> - D:\OHIF_MP\Viewers_v2\node_modules\webpack\lib\index.js
@ohif/app: <w> - D:\OHIF_MP\Viewers_v2\node_modules\webpack-cli\lib\webpack-cli.js
@ohif/app: <w> - D:\OHIF_MP\Viewers_v2\node_modules\webpack-cli\lib\bootstrap.js
@ohif/app: <w> - D:\OHIF_MP\Viewers_v2\node_modules\webpack-cli\bin\cli.js
@ohif/app: <w> - D:\OHIF_MP\Viewers_v2\node_modules\webpack\bin\webpack.js
@ohif/app: <w> (during deserialization of Array)
@ohif/app: <w> (during deserialization of webpack/lib/NormalModule)
@ohif/app: <w> (during deserialization of Map)
@ohif/app: <w> (during deserialization of webpack/lib/cache/PackFileCacheStrategy PackContentItems)
@ohif/app: <w> [webpack.cache.PackFileCacheStrategy] Restoring failed for ResolverCachePlugin|normal|default|dependencyType=|commonjs|path=|D:\OHIF_MP\Viewers_v2\node_modules\moment\locale|request=|./en-ca from pack: Error: Cannot find module 'D:\OHIF_MP\Viewers_v2\node_modules\mini-css-extract-plugin\dist\CssDependency'
@ohif/app: <w> Require stack:
@ohif/app: <w> - D:\OHIF_MP\Viewers_v2\node_modules\webpack\lib\serialization\ObjectMiddleware.js
@ohif/app: <w> - D:\OHIF_MP\Viewers_v2\node_modules\webpack\lib\util\serialization.js
@ohif/app: <w> - D:\OHIF_MP\Viewers_v2\node_modules\webpack\lib\util\makeSerializable.js
@ohif/app: <w> - D:\OHIF_MP\Viewers_v2\node_modules\webpack\lib\dependencies\EntryDependency.js
@ohif/app: <w> - D:\OHIF_MP\Viewers_v2\node_modules\webpack\lib\EntryPlugin.js
@ohif/app: <w> - D:\OHIF_MP\Viewers_v2\node_modules\webpack\lib\index.js
@ohif/app: <w> - D:\OHIF_MP\Viewers_v2\node_modules\webpack-cli\lib\webpack-cli.js
@ohif/app: <w> - D:\OHIF_MP\Viewers_v2\node_modules\webpack-cli\lib\bootstrap.js
@ohif/app: <w> - D:\OHIF_MP\Viewers_v2\node_modules\webpack-cli\bin\cli.js
@ohif/app: <w> - D:\OHIF_MP\Viewers_v2\node_modules\webpack\bin\webpack.js
@ohif/app: <w> (during deserialization of Array)
@ohif/app: <w> (during deserialization of webpack/lib/NormalModule)
@ohif/app: <w> (during deserialization of Map)
@ohif/app: <w> (during deserialization of webpack/lib/cache/PackFileCacheStrategy PackContentItems)
@ohif/app: <w> [webpack.cache.PackFileCacheStrategy] Restoring failed for ResolverCachePlugin|normal|default|dependencyType=|commonjs|path=|D:\OHIF_MP\Viewers_v2\node_modules\moment\locale|request=|./en-ca.js from pack: Error: Cannot find module 'D:\OHIF_MP\Viewers_v2\node_modules\mini-css-extract-plugin\dist\CssDependency'
@ohif/app: <w> Require stack:
@ohif/app: <w> - D:\OHIF_MP\Viewers_v2\node_modules\webpack\lib\serialization\ObjectMiddleware.js
@ohif/app: <w> - D:\OHIF_MP\Viewers_v2\node_modules\webpack\lib\util\serialization.js
@ohif/app: <w> - D:\OHIF_MP\Viewers_v2\node_modules\webpack\lib\util\makeSerializable.js
@ohif/app: <w> - D:\OHIF_MP\Viewers_v2\node_modules\webpack\lib\dependencies\EntryDependency.js
@ohif/app: <w> - D:\OHIF_MP\Viewers_v2\node_modules\webpack\lib\EntryPlugin.js
@ohif/app: <w> - D:\OHIF_MP\Viewers_v2\node_modules\webpack\lib\index.js
@ohif/app: <w> - D:\OHIF_MP\Viewers_v2\node_modules\webpack-cli\lib\webpack-cli.js
@ohif/app: <w> - D:\OHIF_MP\Viewers_v2\node_modules\webpack-cli\lib\bootstrap.js
@ohif/app: <w> - D:\OHIF_MP\Viewers_v2\node_modules\webpack-cli\bin\cli.js
@ohif/app: <w> - D:\OHIF_MP\Viewers_v2\node_modules\webpack\bin\webpack.js
@ohif/app: <w> (during deserialization of Array)
@ohif/app: <w> (during deserialization of webpack/lib/NormalModule)
@ohif/app: <w> (during deserialization of Map)
@ohif/app: <w> (during deserialization of webpack/lib/cache/PackFileCacheStrategy PackContentItems)
@ohif/app: <w> [webpack.cache.PackFileCacheStrategy] Restoring failed for ResolverCachePlugin|normal|default|dependencyType=|commonjs|path=|D:\OHIF_MP\Viewers_v2\node_modules\moment\locale|request=|./en-gb from pack: Error: Cannot find module 'D:\OHIF_MP\Viewers_v2\node_modules\mini-css-extract-plugin\dist\CssDependency'
@ohif/app: <w> Require stack:
@ohif/app: <w> - D:\OHIF_MP\Viewers_v2\node_modules\webpack\lib\serialization\ObjectMiddleware.js
@ohif/app: <w> - D:\OHIF_MP\Viewers_v2\node_modules\webpack\lib\util\serialization.js
@ohif/app: <w> - D:\OHIF_MP\Viewers_v2\node_modules\webpack\lib\util\makeSerializable.js
@ohif/app: <w> - D:\OHIF_MP\Viewers_v2\node_modules\webpack\lib\dependencies\EntryDependency.js
@ohif/app: <w> - D:\OHIF_MP\Viewers_v2\node_modules\webpack\lib\EntryPlugin.js
@ohif/app: <w> - D:\OHIF_MP\Viewers_v2\node_modules\webpack\lib\index.js
@ohif/app: <w> - D:\OHIF_MP\Viewers_v2\node_modules\webpack-cli\lib\webpack-cli.js
@ohif/app: <w> - D:\OHIF_MP\Viewers_v2\node_modules\webpack-cli\lib\bootstrap.js
@ohif/app: <w> - D:\OHIF_MP\Viewers_v2\node_modules\webpack-cli\bin\cli.js
@ohif/app: <w> - D:\OHIF_MP\Viewers_v2\node_modules\webpack\bin\webpack.js
@ohif/app: <w> (during deserialization of Array)
@ohif/app: <w> (during deserialization of webpack/lib/NormalModule)
@ohif/app: <w> (during deserialization of Map)
@ohif/app: <w> (during deserialization of webpack/lib/cache/PackFileCacheStrategy PackContentItems)
@ohif/app: <w> [webpack.cache.PackFileCacheStrategy] Restoring failed for ResolverCachePlugin|normal|default|dependencyType=|commonjs|path=|D:\OHIF_MP\Viewers_v2\node_modules\moment\locale|request=|./en-gb.js from pack: Error: Cannot find module 'D:\OHIF_MP\Viewers_v2\node_modules\mini-css-extract-plugin\dist\CssDependency'
@ohif/app: <w> Require stack:
@ohif/app: <w> - D:\OHIF_MP\Viewers_v2\node_modules\webpack\lib\serialization\ObjectMiddleware.js
@ohif/app: <w> - D:\OHIF_MP\Viewers_v2\node_modules\webpack\lib\util\serialization.js
@ohif/app: <w> - D:\OHIF_MP\Viewers_v2\node_modules\webpack\lib\util\makeSerializable.js
@ohif/app: <w> - D:\OHIF_MP\Viewers_v2\node_modules\webpack\lib\dependencies\EntryDependency.js
@ohif/app: <w> - D:\OHIF_MP\Viewers_v2\node_modules\webpack\lib\EntryPlugin.js
@ohif/app: <w> - D:\OHIF_MP\Viewers_v2\node_modules\webpack\lib\index.js
@ohif/app: <w> - D:\OHIF_MP\Viewers_v2\node_modules\webpack-cli\lib\webpack-cli.js
@ohif/app: <w> - D:\OHIF_MP\Viewers_v2\node_modules\webpack-cli\lib\bootstrap.js
@ohif/app: <w> - D:\OHIF_MP\Viewers_v2\node_modules\webpack-cli\bin\cli.js
@ohif/app: <w> - D:\OHIF_MP\Viewers_v2\node_modules\webpack\bin\webpack.js
@ohif/app: <w> (during deserialization of Array)
@ohif/app: <w> (during deserialization of webpack/lib/NormalModule)
@ohif/app: <w> (during deserialization of Map)
@ohif/app: <w> (during deserialization of webpack/lib/cache/PackFileCacheStrategy PackContentItems)
@ohif/app: <w> [webpack.cache.PackFileCacheStrategy] Restoring failed for ResolverCachePlugin|normal|default|dependencyType=|commonjs|path=|D:\OHIF_MP\Viewers_v2\node_modules\moment\locale|request=|./en-ie from pack: Error: Cannot find module 'D:\OHIF_MP\Viewers_v2\node_modules\mini-css-extract-plugin\dist\CssDependency'
@ohif/app: <w> Require stack:
@ohif/app: <w> - D:\OHIF_MP\Viewers_v2\node_modules\webpack\lib\serialization\ObjectMiddleware.js
@ohif/app: <w> - D:\OHIF_MP\Viewers_v2\node_modules\webpack\lib\util\serialization.js
@ohif/app: <w> - D:\OHIF_MP\Viewers_v2\node_modules\webpack\lib\util\makeSerializable.js
@ohif/app: <w> - D:\OHIF_MP\Viewers_v2\node_modules\webpack\lib\dependencies\EntryDependency.js
@ohif/app: <w> - D:\OHIF_MP\Viewers_v2\node_modules\webpack\lib\EntryPlugin.js
@ohif/app: <w> - D:\OHIF_MP\Viewers_v2\node_modules\webpack\lib\index.js
@ohif/app: <w> - D:\OHIF_MP\Viewers_v2\node_modules\webpack-cli\lib\webpack-cli.js
@ohif/app: <w> - D:\OHIF_MP\Viewers_v2\node_modules\webpack-cli\lib\bootstrap.js
@ohif/app: <w> - D:\OHIF_MP\Viewers_v2\node_modules\webpack-cli\bin\cli.js
@ohif/app: <w> - D:\OHIF_MP\Viewers_v2\node_modules\webpack\bin\webpack.js
@ohif/app: <w> (during deserialization of Array)
@ohif/app: <w> (during deserialization of webpack/lib/NormalModule)
@ohif/app: <w> (during deserialization of Map)
@ohif/app: <w> (during deserialization of webpack/lib/cache/PackFileCacheStrategy PackContentItems)
@ohif/app: <w> [webpack.cache.PackFileCacheStrategy] Restoring failed for ResolverCachePlugin|normal|default|dependencyType=|commonjs|path=|D:\OHIF_MP\Viewers_v2\node_modules\moment\locale|request=|./en-ie.js from pack: Error: Cannot find module 'D:\OHIF_MP\Viewers_v2\node_modules\mini-css-extract-plugin\dist\CssDependency'
@ohif/app: <w> Require stack:
@ohif/app: <w> - D:\OHIF_MP\Viewers_v2\node_modules\webpack\lib\serialization\ObjectMiddleware.js
@ohif/app: <w> - D:\OHIF_MP\Viewers_v2\node_modules\webpack\lib\util\serialization.js
@ohif/app: <w> - D:\OHIF_MP\Viewers_v2\node_modules\webpack\lib\util\makeSerializable.js
@ohif/app: <w> - D:\OHIF_MP\Viewers_v2\node_modules\webpack\lib\dependencies\EntryDependency.js
@ohif/app: <w> - D:\OHIF_MP\Viewers_v2\node_modules\webpack\lib\EntryPlugin.js
@ohif/app: <w> - D:\OHIF_MP\Viewers_v2\node_modules\webpack\lib\index.js
@ohif/app: <w> - D:\OHIF_MP\Viewers_v2\node_modules\webpack-cli\lib\webpack-cli.js
@ohif/app: <w> - D:\OHIF_MP\Viewers_v2\node_modules\webpack-cli\lib\bootstrap.js
@ohif/app: <w> - D:\OHIF_MP\Viewers_v2\node_modules\webpack-cli\bin\cli.js
@ohif/app: <w> - D:\OHIF_MP\Viewers_v2\node_modules\webpack\bin\webpack.js
@ohif/app: <w> (during deserialization of Array)
@ohif/app: <w> (during deserialization of webpack/lib/NormalModule)
@ohif/app: <w> (during deserialization of Map)
@ohif/app: <w> (during deserialization of webpack/lib/cache/PackFileCacheStrategy PackContentItems)
@ohif/app: <w> [webpack.cache.PackFileCacheStrategy] Restoring failed for ResolverCachePlugin|normal|default|dependencyType=|commonjs|path=|D:\OHIF_MP\Viewers_v2\node_modules\moment\locale|request=|./en-il from pack: Error: Cannot find module 'D:\OHIF_MP\Viewers_v2\node_modules\mini-css-extract-plugin\dist\CssDependency'
@ohif/app: <w> Require stack:
@ohif/app: <w> - D:\OHIF_MP\Viewers_v2\node_modules\webpack\lib\serialization\ObjectMiddleware.js
@ohif/app: <w> - D:\OHIF_MP\Viewers_v2\node_modules\webpack\lib\util\serialization.js
@ohif/app: <w> - D:\OHIF_MP\Viewers_v2\node_modules\webpack\lib\util\makeSerializable.js
@ohif/app: <w> - D:\OHIF_MP\Viewers_v2\node_modules\webpack\lib\dependencies\EntryDependency.js
@ohif/app: <w> - D:\OHIF_MP\Viewers_v2\node_modules\webpack\lib\EntryPlugin.js
@ohif/app: <w> - D:\OHIF_MP\Viewers_v2\node_modules\webpack\lib\index.js
@ohif/app: <w> - D:\OHIF_MP\Viewers_v2\node_modules\webpack-cli\lib\webpack-cli.js
@ohif/app: <w> - D:\OHIF_MP\Viewers_v2\node_modules\webpack-cli\lib\bootstrap.js
@ohif/app: <w> - D:\OHIF_MP\Viewers_v2\node_modules\webpack-cli\bin\cli.js
@ohif/app: <w> - D:\OHIF_MP\Viewers_v2\node_modules\webpack\bin\webpack.js
@ohif/app: <w> (during deserialization of Array)
@ohif/app: <w> (during deserialization of webpack/lib/NormalModule)
@ohif/app: <w> (during deserialization of Map)
@ohif/app: <w> (during deserialization of webpack/lib/cache/PackFileCacheStrategy PackContentItems)
@ohif/app: <w> [webpack.cache.PackFileCacheStrategy] Restoring failed for ResolverCachePlugin|normal|default|dependencyType=|commonjs|path=|D:\OHIF_MP\Viewers_v2\node_modules\moment\locale|request=|./en-il.js from pack: Error: Cannot find module 'D:\OHIF_MP\Viewers_v2\node_modules\mini-css-extract-plugin\dist\CssDependency'
@ohif/app: <w> Require stack:
@ohif/app: <w> - D:\OHIF_MP\Viewers_v2\node_modules\webpack\lib\serialization\ObjectMiddleware.js
@ohif/app: <w> - D:\OHIF_MP\Viewers_v2\node_modules\webpack\lib\util\serialization.js
@ohif/app: <w> - D:\OHIF_MP\Viewers_v2\node_modules\webpack\lib\util\makeSerializable.js
@ohif/app: <w> - D:\OHIF_MP\Viewers_v2\node_modules\webpack\lib\dependencies\EntryDependency.js
@ohif/app: <w> - D:\OHIF_MP\Viewers_v2\node_modules\webpack\lib\EntryPlugin.js
@ohif/app: <w> - D:\OHIF_MP\Viewers_v2\node_modules\webpack\lib\index.js
@ohif/app: <w> - D:\OHIF_MP\Viewers_v2\node_modules\webpack-cli\lib\webpack-cli.js
@ohif/app: <w> - D:\OHIF_MP\Viewers_v2\node_modules\webpack-cli\lib\bootstrap.js
@ohif/app: <w> - D:\OHIF_MP\Viewers_v2\node_modules\webpack-cli\bin\cli.js
@ohif/app: <w> - D:\OHIF_MP\Viewers_v2\node_modules\webpack\bin\webpack.js
@ohif/app: <w> (during deserialization of Array)
@ohif/app: <w> (during deserialization of webpack/lib/NormalModule)
@ohif/app: <w> (during deserialization of Map)
@ohif/app: <w> (during deserialization of webpack/lib/cache/PackFileCacheStrategy PackContentItems)
@ohif/app: <w> [webpack.cache.PackFileCacheStrategy] Restoring failed for ResolverCachePlugin|normal|default|dependencyType=|commonjs|path=|D:\OHIF_MP\Viewers_v2\node_modules\moment\locale|request=|./en-in from pack: Error: Cannot find module 'D:\OHIF_MP\Viewers_v2\node_modules\mini-css-extract-plugin\dist\CssDependency'
@ohif/app: <w> Require stack:
@ohif/app: <w> - D:\OHIF_MP\Viewers_v2\node_modules\webpack\lib\serialization\ObjectMiddleware.js
@ohif/app: <w> - D:\OHIF_MP\Viewers_v2\node_modules\webpack\lib\util\serialization.js
@ohif/app: <w> - D:\OHIF_MP\Viewers_v2\node_modules\webpack\lib\util\makeSerializable.js
@ohif/app: <w> - D:\OHIF_MP\Viewers_v2\node_modules\webpack\lib\dependencies\EntryDependency.js
@ohif/app: <w> - D:\OHIF_MP\Viewers_v2\node_modules\webpack\lib\EntryPlugin.js
@ohif/app: <w> - D:\OHIF_MP\Viewers_v2\node_modules\webpack\lib\index.js
@ohif/app: <w> - D:\OHIF_MP\Viewers_v2\node_modules\webpack-cli\lib\webpack-cli.js
@ohif/app: <w> - D:\OHIF_MP\Viewers_v2\node_modules\webpack-cli\lib\bootstrap.js
@ohif/app: <w> - D:\OHIF_MP\Viewers_v2\node_modules\webpack-cli\bin\cli.js
@ohif/app: <w> - D:\OHIF_MP\Viewers_v2\node_modules\webpack\bin\webpack.js
@ohif/app: <w> (during deserialization of Array)
@ohif/app: <w> (during deserialization of webpack/lib/NormalModule)
@ohif/app: <w> (during deserialization of Map)
@ohif/app: <w> (during deserialization of webpack/lib/cache/PackFileCacheStrategy PackContentItems)
@ohif/app: <w> [webpack.cache.PackFileCacheStrategy] Restoring failed for ResolverCachePlugin|normal|default|dependencyType=|commonjs|path=|D:\OHIF_MP\Viewers_v2\node_modules\moment\locale|request=|./en-in.js from pack: Error: Cannot find module 'D:\OHIF_MP\Viewers_v2\node_modules\mini-css-extract-plugin\dist\CssDependency'
@ohif/app: <w> Require stack:
@ohif/app: <w> - D:\OHIF_MP\Viewers_v2\node_modules\webpack\lib\serialization\ObjectMiddleware.js
@ohif/app: <w> - D:\OHIF_MP\Viewers_v2\node_modules\webpack\lib\util\serialization.js
@ohif/app: <w> - D:\OHIF_MP\Viewers_v2\node_modules\webpack\lib\util\makeSerializable.js
@ohif/app: <w> - D:\OHIF_MP\Viewers_v2\node_modules\webpack\lib\dependencies\EntryDependency.js
@ohif/app: <w> - D:\OHIF_MP\Viewers_v2\node_modules\webpack\lib\EntryPlugin.js
@ohif/app: <w> - D:\OHIF_MP\Viewers_v2\node_modules\webpack\lib\index.js
@ohif/app: <w> - D:\OHIF_MP\Viewers_v2\node_modules\webpack-cli\lib\webpack-cli.js
@ohif/app: <w> - D:\OHIF_MP\Viewers_v2\node_modules\webpack-cli\lib\bootstrap.js
@ohif/app: <w> - D:\OHIF_MP\Viewers_v2\node_modules\webpack-cli\bin\cli.js
@ohif/app: <w> - D:\OHIF_MP\Viewers_v2\node_modules\webpack\bin\webpack.js
@ohif/app: <w> (during deserialization of Array)
@ohif/app: <w> (during deserialization of webpack/lib/NormalModule)
@ohif/app: <w> (during deserialization of Map)
@ohif/app: <w> (during deserialization of webpack/lib/cache/PackFileCacheStrategy PackContentItems)
@ohif/app: <w> [webpack.cache.PackFileCacheStrategy] Restoring failed for ResolverCachePlugin|normal|default|dependencyType=|commonjs|path=|D:\OHIF_MP\Viewers_v2\node_modules\moment\locale|request=|./en-nz from pack: Error: Cannot find module 'D:\OHIF_MP\Viewers_v2\node_modules\mini-css-extract-plugin\dist\CssDependency'
@ohif/app: <w> Require stack:
@ohif/app: <w> - D:\OHIF_MP\Viewers_v2\node_modules\webpack\lib\serialization\ObjectMiddleware.js
@ohif/app: <w> - D:\OHIF_MP\Viewers_v2\node_modules\webpack\lib\util\serialization.js
@ohif/app: <w> - D:\OHIF_MP\Viewers_v2\node_modules\webpack\lib\util\makeSerializable.js
@ohif/app: <w> - D:\OHIF_MP\Viewers_v2\node_modules\webpack\lib\dependencies\EntryDependency.js
@ohif/app: <w> - D:\OHIF_MP\Viewers_v2\node_modules\webpack\lib\EntryPlugin.js
@ohif/app: <w> - D:\OHIF_MP\Viewers_v2\node_modules\webpack\lib\index.js
@ohif/app: <w> - D:\OHIF_MP\Viewers_v2\node_modules\webpack-cli\lib\webpack-cli.js
@ohif/app: <w> - D:\OHIF_MP\Viewers_v2\node_modules\webpack-cli\lib\bootstrap.js
@ohif/app: <w> - D:\OHIF_MP\Viewers_v2\node_modules\webpack-cli\bin\cli.js
@ohif/app: <w> - D:\OHIF_MP\Viewers_v2\node_modules\webpack\bin\webpack.js
@ohif/app: <w> (during deserialization of Array)
@ohif/app: <w> (during deserialization of webpack/lib/NormalModule)
@ohif/app: <w> (during deserialization of Map)
@ohif/app: <w> (during deserialization of webpack/lib/cache/PackFileCacheStrategy PackContentItems)
@ohif/app: <w> [webpack.cache.PackFileCacheStrategy] Restoring failed for ResolverCachePlugin|normal|default|dependencyType=|commonjs|path=|D:\OHIF_MP\Viewers_v2\node_modules\moment\locale|request=|./en-nz.js from pack: Error: Cannot find module 'D:\OHIF_MP\Viewers_v2\node_modules\mini-css-extract-plugin\dist\CssDependency'
@ohif/app: <w> Require stack:
@ohif/app: <w> - D:\OHIF_MP\Viewers_v2\node_modules\webpack\lib\serialization\ObjectMiddleware.js
@ohif/app: <w> - D:\OHIF_MP\Viewers_v2\node_modules\webpack\lib\util\serialization.js
@ohif/app: <w> - D:\OHIF_MP\Viewers_v2\node_modules\webpack\lib\util\makeSerializable.js
@ohif/app: <w> - D:\OHIF_MP\Viewers_v2\node_modules\webpack\lib\dependencies\EntryDependency.js
@ohif/app: <w> - D:\OHIF_MP\Viewers_v2\node_modules\webpack\lib\EntryPlugin.js
@ohif/app: <w> - D:\OHIF_MP\Viewers_v2\node_modules\webpack\lib\index.js
@ohif/app: <w> - D:\OHIF_MP\Viewers_v2\node_modules\webpack-cli\lib\webpack-cli.js
@ohif/app: <w> - D:\OHIF_MP\Viewers_v2\node_modules\webpack-cli\lib\bootstrap.js
@ohif/app: <w> - D:\OHIF_MP\Viewers_v2\node_modules\webpack-cli\bin\cli.js
@ohif/app: <w> - D:\OHIF_MP\Viewers_v2\node_modules\webpack\bin\webpack.js
@ohif/app: <w> (during deserialization of Array)
@ohif/app: <w> (during deserialization of webpack/lib/NormalModule)
@ohif/app: <w> (during deserialization of Map)
@ohif/app: <w> (during deserialization of webpack/lib/cache/PackFileCacheStrategy PackContentItems)
@ohif/app: <w> [webpack.cache.PackFileCacheStrategy] Restoring failed for ResolverCachePlugin|normal|default|dependencyType=|commonjs|path=|D:\OHIF_MP\Viewers_v2\node_modules\moment\locale|request=|./en-sg from pack: Error: Cannot find module 'D:\OHIF_MP\Viewers_v2\node_modules\mini-css-extract-plugin\dist\CssDependency'
@ohif/app: <w> Require stack:
@ohif/app: <w> - D:\OHIF_MP\Viewers_v2\node_modules\webpack\lib\serialization\ObjectMiddleware.js
@ohif/app: <w> - D:\OHIF_MP\Viewers_v2\node_modules\webpack\lib\util\serialization.js
@ohif/app: <w> - D:\OHIF_MP\Viewers_v2\node_modules\webpack\lib\util\makeSerializable.js
@ohif/app: <w> - D:\OHIF_MP\Viewers_v2\node_modules\webpack\lib\dependencies\EntryDependency.js
@ohif/app: <w> - D:\OHIF_MP\Viewers_v2\node_modules\webpack\lib\EntryPlugin.js
@ohif/app: <w> - D:\OHIF_MP\Viewers_v2\node_modules\webpack\lib\index.js
@ohif/app: <w> - D:\OHIF_MP\Viewers_v2\node_modules\webpack-cli\lib\webpack-cli.js
@ohif/app: <w> - D:\OHIF_MP\Viewers_v2\node_modules\webpack-cli\lib\bootstrap.js
@ohif/app: <w> - D:\OHIF_MP\Viewers_v2\node_modules\webpack-cli\bin\cli.js
@ohif/app: <w> - D:\OHIF_MP\Viewers_v2\node_modules\webpack\bin\webpack.js
@ohif/app: <w> (during deserialization of Array)
@ohif/app: <w> (during deserialization of webpack/lib/NormalModule)
@ohif/app: <w> (during deserialization of Map)
@ohif/app: <w> (during deserialization of webpack/lib/cache/PackFileCacheStrategy PackContentItems)
@ohif/app: <w> [webpack.cache.PackFileCacheStrategy] Restoring failed for ResolverCachePlugin|normal|default|dependencyType=|commonjs|path=|D:\OHIF_MP\Viewers_v2\node_modules\moment\locale|request=|./en-sg.js from pack: Error: Cannot find module 'D:\OHIF_MP\Viewers_v2\node_modules\mini-css-extract-plugin\dist\CssDependency'
@ohif/app: <w> Require stack:
@ohif/app: <w> - D:\OHIF_MP\Viewers_v2\node_modules\webpack\lib\serialization\ObjectMiddleware.js
@ohif/app: <w> - D:\OHIF_MP\Viewers_v2\node_modules\webpack\lib\util\serialization.js
@ohif/app: <w> - D:\OHIF_MP\Viewers_v2\node_modules\webpack\lib\util\makeSerializable.js
@ohif/app: <w> - D:\OHIF_MP\Viewers_v2\node_modules\webpack\lib\dependencies\EntryDependency.js
@ohif/app: <w> - D:\OHIF_MP\Viewers_v2\node_modules\webpack\lib\EntryPlugin.js
@ohif/app: <w> - D:\OHIF_MP\Viewers_v2\node_modules\webpack\lib\index.js
@ohif/app: <w> - D:\OHIF_MP\Viewers_v2\node_modules\webpack-cli\lib\webpack-cli.js
@ohif/app: <w> - D:\OHIF_MP\Viewers_v2\node_modules\webpack-cli\lib\bootstrap.js
@ohif/app: <w> - D:\OHIF_MP\Viewers_v2\node_modules\webpack-cli\bin\cli.js
@ohif/app: <w> - D:\OHIF_MP\Viewers_v2\node_modules\webpack\bin\webpack.js
@ohif/app: <w> (during deserialization of Array)
@ohif/app: <w> (during deserialization of webpack/lib/NormalModule)
@ohif/app: <w> (during deserialization of Map)
@ohif/app: <w> (during deserialization of webpack/lib/cache/PackFileCacheStrategy PackContentItems)
@ohif/app: <w> [webpack.cache.PackFileCacheStrategy] Restoring failed for ResolverCachePlugin|normal|default|dependencyType=|commonjs|path=|D:\OHIF_MP\Viewers_v2\node_modules\moment\locale|request=|./eo from pack: Error: Cannot find module 'D:\OHIF_MP\Viewers_v2\node_modules\mini-css-extract-plugin\dist\CssDependency'
@ohif/app: <w> Require stack:
@ohif/app: <w> - D:\OHIF_MP\Viewers_v2\node_modules\webpack\lib\serialization\ObjectMiddleware.js
@ohif/app: <w> - D:\OHIF_MP\Viewers_v2\node_modules\webpack\lib\util\serialization.js
@ohif/app: <w> - D:\OHIF_MP\Viewers_v2\node_modules\webpack\lib\util\makeSerializable.js
@ohif/app: <w> - D:\OHIF_MP\Viewers_v2\node_modules\webpack\lib\dependencies\EntryDependency.js
@ohif/app: <w> - D:\OHIF_MP\Viewers_v2\node_modules\webpack\lib\EntryPlugin.js
@ohif/app: <w> - D:\OHIF_MP\Viewers_v2\node_modules\webpack\lib\index.js
@ohif/app: <w> - D:\OHIF_MP\Viewers_v2\node_modules\webpack-cli\lib\webpack-cli.js
@ohif/app: <w> - D:\OHIF_MP\Viewers_v2\node_modules\webpack-cli\lib\bootstrap.js
@ohif/app: <w> - D:\OHIF_MP\Viewers_v2\node_modules\webpack-cli\bin\cli.js
@ohif/app: <w> - D:\OHIF_MP\Viewers_v2\node_modules\webpack\bin\webpack.js
@ohif/app: <w> (during deserialization of Array)
@ohif/app: <w> (during deserialization of webpack/lib/NormalModule)
@ohif/app: <w> (during deserialization of Map)
@ohif/app: <w> (during deserialization of webpack/lib/cache/PackFileCacheStrategy PackContentItems)
@ohif/app: <w> [webpack.cache.PackFileCacheStrategy] Restoring failed for ResolverCachePlugin|normal|default|dependencyType=|commonjs|path=|D:\OHIF_MP\Viewers_v2\node_modules\moment\locale|request=|./eo.js from pack: Error: Cannot find module 'D:\OHIF_MP\Viewers_v2\node_modules\mini-css-extract-plugin\dist\CssDependency'
@ohif/app: <w> Require stack:
@ohif/app: <w> - D:\OHIF_MP\Viewers_v2\node_modules\webpack\lib\serialization\ObjectMiddleware.js
@ohif/app: <w> - D:\OHIF_MP\Viewers_v2\node_modules\webpack\lib\util\serialization.js
@ohif/app: <w> - D:\OHIF_MP\Viewers_v2\node_modules\webpack\lib\util\makeSerializable.js
@ohif/app: <w> - D:\OHIF_MP\Viewers_v2\node_modules\webpack\lib\dependencies\EntryDependency.js
@ohif/app: <w> - D:\OHIF_MP\Viewers_v2\node_modules\webpack\lib\EntryPlugin.js
@ohif/app: <w> - D:\OHIF_MP\Viewers_v2\node_modules\webpack\lib\index.js
@ohif/app: <w> - D:\OHIF_MP\Viewers_v2\node_modules\webpack-cli\lib\webpack-cli.js
@ohif/app: <w> - D:\OHIF_MP\Viewers_v2\node_modules\webpack-cli\lib\bootstrap.js
@ohif/app: <w> - D:\OHIF_MP\Viewers_v2\node_modules\webpack-cli\bin\cli.js
@ohif/app: <w> - D:\OHIF_MP\Viewers_v2\node_modules\webpack\bin\webpack.js
@ohif/app: <w> (during deserialization of Array)
@ohif/app: <w> (during deserialization of webpack/lib/NormalModule)
@ohif/app: <w> (during deserialization of Map)
@ohif/app: <w> (during deserialization of webpack/lib/cache/PackFileCacheStrategy PackContentItems)
@ohif/app: <w> [webpack.cache.PackFileCacheStrategy] Restoring failed for ResolverCachePlugin|normal|default|dependencyType=|commonjs|path=|D:\OHIF_MP\Viewers_v2\node_modules\moment\locale|request=|./es from pack: Error: Cannot find module 'D:\OHIF_MP\Viewers_v2\node_modules\mini-css-extract-plugin\dist\CssDependency'
@ohif/app: <w> Require stack:
@ohif/app: <w> - D:\OHIF_MP\Viewers_v2\node_modules\webpack\lib\serialization\ObjectMiddleware.js
@ohif/app: <w> - D:\OHIF_MP\Viewers_v2\node_modules\webpack\lib\util\serialization.js
@ohif/app: <w> - D:\OHIF_MP\Viewers_v2\node_modules\webpack\lib\util\makeSerializable.js
@ohif/app: <w> - D:\OHIF_MP\Viewers_v2\node_modules\webpack\lib\dependencies\EntryDependency.js
@ohif/app: <w> - D:\OHIF_MP\Viewers_v2\node_modules\webpack\lib\EntryPlugin.js
@ohif/app: <w> - D:\OHIF_MP\Viewers_v2\node_modules\webpack\lib\index.js
@ohif/app: <w> - D:\OHIF_MP\Viewers_v2\node_modules\webpack-cli\lib\webpack-cli.js
@ohif/app: <w> - D:\OHIF_MP\Viewers_v2\node_modules\webpack-cli\lib\bootstrap.js
@ohif/app: <w> - D:\OHIF_MP\Viewers_v2\node_modules\webpack-cli\bin\cli.js
@ohif/app: <w> - D:\OHIF_MP\Viewers_v2\node_modules\webpack\bin\webpack.js
@ohif/app: <w> (during deserialization of Array)
@ohif/app: <w> (during deserialization of webpack/lib/NormalModule)
@ohif/app: <w> (during deserialization of Map)
@ohif/app: <w> (during deserialization of webpack/lib/cache/PackFileCacheStrategy PackContentItems)
@ohif/app: <w> [webpack.cache.PackFileCacheStrategy] Restoring failed for ResolverCachePlugin|normal|default|dependencyType=|commonjs|path=|D:\OHIF_MP\Viewers_v2\node_modules\moment\locale|request=|./es-do from pack: Error: Cannot find module 'D:\OHIF_MP\Viewers_v2\node_modules\mini-css-extract-plugin\dist\CssDependency'
@ohif/app: <w> Require stack:
@ohif/app: <w> - D:\OHIF_MP\Viewers_v2\node_modules\webpack\lib\serialization\ObjectMiddleware.js
@ohif/app: <w> - D:\OHIF_MP\Viewers_v2\node_modules\webpack\lib\util\serialization.js
@ohif/app: <w> - D:\OHIF_MP\Viewers_v2\node_modules\webpack\lib\util\makeSerializable.js
@ohif/app: <w> - D:\OHIF_MP\Viewers_v2\node_modules\webpack\lib\dependencies\EntryDependency.js
@ohif/app: <w> - D:\OHIF_MP\Viewers_v2\node_modules\webpack\lib\EntryPlugin.js
@ohif/app: <w> - D:\OHIF_MP\Viewers_v2\node_modules\webpack\lib\index.js
@ohif/app: <w> - D:\OHIF_MP\Viewers_v2\node_modules\webpack-cli\lib\webpack-cli.js
@ohif/app: <w> - D:\OHIF_MP\Viewers_v2\node_modules\webpack-cli\lib\bootstrap.js
@ohif/app: <w> - D:\OHIF_MP\Viewers_v2\node_modules\webpack-cli\bin\cli.js
@ohif/app: <w> - D:\OHIF_MP\Viewers_v2\node_modules\webpack\bin\webpack.js
@ohif/app: <w> (during deserialization of Array)
@ohif/app: <w> (during deserialization of webpack/lib/NormalModule)
@ohif/app: <w> (during deserialization of Map)
@ohif/app: <w> (during deserialization of webpack/lib/cache/PackFileCacheStrategy PackContentItems)
@ohif/app: <w> [webpack.cache.PackFileCacheStrategy] Restoring failed for ResolverCachePlugin|normal|default|dependencyType=|commonjs|path=|D:\OHIF_MP\Viewers_v2\node_modules\moment\locale|request=|./es-do.js from pack: Error: Cannot find module 'D:\OHIF_MP\Viewers_v2\node_modules\mini-css-extract-plugin\dist\CssDependency'
@ohif/app: <w> Require stack:
@ohif/app: <w> - D:\OHIF_MP\Viewers_v2\node_modules\webpack\lib\serialization\ObjectMiddleware.js
@ohif/app: <w> - D:\OHIF_MP\Viewers_v2\node_modules\webpack\lib\util\serialization.js
@ohif/app: <w> - D:\OHIF_MP\Viewers_v2\node_modules\webpack\lib\util\makeSerializable.js
@ohif/app: <w> - D:\OHIF_MP\Viewers_v2\node_modules\webpack\lib\dependencies\EntryDependency.js
@ohif/app: <w> - D:\OHIF_MP\Viewers_v2\node_modules\webpack\lib\EntryPlugin.js
@ohif/app: <w> - D:\OHIF_MP\Viewers_v2\node_modules\webpack\lib\index.js
@ohif/app: <w> - D:\OHIF_MP\Viewers_v2\node_modules\webpack-cli\lib\webpack-cli.js
@ohif/app: <w> - D:\OHIF_MP\Viewers_v2\node_modules\webpack-cli\lib\bootstrap.js
@ohif/app: <w> - D:\OHIF_MP\Viewers_v2\node_modules\webpack-cli\bin\cli.js
@ohif/app: <w> - D:\OHIF_MP\Viewers_v2\node_modules\webpack\bin\webpack.js
@ohif/app: <w> (during deserialization of Array)
@ohif/app: <w> (during deserialization of webpack/lib/NormalModule)
@ohif/app: <w> (during deserialization of Map)
@ohif/app: <w> (during deserialization of webpack/lib/cache/PackFileCacheStrategy PackContentItems)
@ohif/app: <w> [webpack.cache.PackFileCacheStrategy] Restoring failed for ResolverCachePlugin|normal|default|dependencyType=|commonjs|path=|D:\OHIF_MP\Viewers_v2\node_modules\moment\locale|request=|./es-mx from pack: Error: Cannot find module 'D:\OHIF_MP\Viewers_v2\node_modules\mini-css-extract-plugin\dist\CssDependency'
@ohif/app: <w> Require stack:
@ohif/app: <w> - D:\OHIF_MP\Viewers_v2\node_modules\webpack\lib\serialization\ObjectMiddleware.js
@ohif/app: <w> - D:\OHIF_MP\Viewers_v2\node_modules\webpack\lib\util\serialization.js
@ohif/app: <w> - D:\OHIF_MP\Viewers_v2\node_modules\webpack\lib\util\makeSerializable.js
@ohif/app: <w> - D:\OHIF_MP\Viewers_v2\node_modules\webpack\lib\dependencies\EntryDependency.js
@ohif/app: <w> - D:\OHIF_MP\Viewers_v2\node_modules\webpack\lib\EntryPlugin.js
@ohif/app: <w> - D:\OHIF_MP\Viewers_v2\node_modules\webpack\lib\index.js
@ohif/app: <w> - D:\OHIF_MP\Viewers_v2\node_modules\webpack-cli\lib\webpack-cli.js
@ohif/app: <w> - D:\OHIF_MP\Viewers_v2\node_modules\webpack-cli\lib\bootstrap.js
@ohif/app: <w> - D:\OHIF_MP\Viewers_v2\node_modules\webpack-cli\bin\cli.js
@ohif/app: <w> - D:\OHIF_MP\Viewers_v2\node_modules\webpack\bin\webpack.js
@ohif/app: <w> (during deserialization of Array)
@ohif/app: <w> (during deserialization of webpack/lib/NormalModule)
@ohif/app: <w> (during deserialization of Map)
@ohif/app: <w> (during deserialization of webpack/lib/cache/PackFileCacheStrategy PackContentItems)
@ohif/app: <w> [webpack.cache.PackFileCacheStrategy] Restoring failed for ResolverCachePlugin|normal|default|dependencyType=|commonjs|path=|D:\OHIF_MP\Viewers_v2\node_modules\moment\locale|request=|./es-mx.js from pack: Error: Cannot find module 'D:\OHIF_MP\Viewers_v2\node_modules\mini-css-extract-plugin\dist\CssDependency'
@ohif/app: <w> Require stack:
@ohif/app: <w> - D:\OHIF_MP\Viewers_v2\node_modules\webpack\lib\serialization\ObjectMiddleware.js
@ohif/app: <w> - D:\OHIF_MP\Viewers_v2\node_modules\webpack\lib\util\serialization.js
@ohif/app: <w> - D:\OHIF_MP\Viewers_v2\node_modules\webpack\lib\util\makeSerializable.js
@ohif/app: <w> - D:\OHIF_MP\Viewers_v2\node_modules\webpack\lib\dependencies\EntryDependency.js
@ohif/app: <w> - D:\OHIF_MP\Viewers_v2\node_modules\webpack\lib\EntryPlugin.js
@ohif/app: <w> - D:\OHIF_MP\Viewers_v2\node_modules\webpack\lib\index.js
@ohif/app: <w> - D:\OHIF_MP\Viewers_v2\node_modules\webpack-cli\lib\webpack-cli.js
@ohif/app: <w> - D:\OHIF_MP\Viewers_v2\node_modules\webpack-cli\lib\bootstrap.js
@ohif/app: <w> - D:\OHIF_MP\Viewers_v2\node_modules\webpack-cli\bin\cli.js
@ohif/app: <w> - D:\OHIF_MP\Viewers_v2\node_modules\webpack\bin\webpack.js
@ohif/app: <w> (during deserialization of Array)
@ohif/app: <w> (during deserialization of webpack/lib/NormalModule)
@ohif/app: <w> (during deserialization of Map)
@ohif/app: <w> (during deserialization of webpack/lib/cache/PackFileCacheStrategy PackContentItems)
@ohif/app: <w> [webpack.cache.PackFileCacheStrategy] Restoring failed for ResolverCachePlugin|normal|default|dependencyType=|commonjs|path=|D:\OHIF_MP\Viewers_v2\node_modules\moment\locale|request=|./es-us from pack: Error: Cannot find module 'D:\OHIF_MP\Viewers_v2\node_modules\mini-css-extract-plugin\dist\CssDependency'
@ohif/app: <w> Require stack:
@ohif/app: <w> - D:\OHIF_MP\Viewers_v2\node_modules\webpack\lib\serialization\ObjectMiddleware.js
@ohif/app: <w> - D:\OHIF_MP\Viewers_v2\node_modules\webpack\lib\util\serialization.js
@ohif/app: <w> - D:\OHIF_MP\Viewers_v2\node_modules\webpack\lib\util\makeSerializable.js
@ohif/app: <w> - D:\OHIF_MP\Viewers_v2\node_modules\webpack\lib\dependencies\EntryDependency.js
@ohif/app: <w> - D:\OHIF_MP\Viewers_v2\node_modules\webpack\lib\EntryPlugin.js
@ohif/app: <w> - D:\OHIF_MP\Viewers_v2\node_modules\webpack\lib\index.js
@ohif/app: <w> - D:\OHIF_MP\Viewers_v2\node_modules\webpack-cli\lib\webpack-cli.js
@ohif/app: <w> - D:\OHIF_MP\Viewers_v2\node_modules\webpack-cli\lib\bootstrap.js
@ohif/app: <w> - D:\OHIF_MP\Viewers_v2\node_modules\webpack-cli\bin\cli.js
@ohif/app: <w> - D:\OHIF_MP\Viewers_v2\node_modules\webpack\bin\webpack.js
@ohif/app: <w> (during deserialization of Array)
@ohif/app: <w> (during deserialization of webpack/lib/NormalModule)
@ohif/app: <w> (during deserialization of Map)
@ohif/app: <w> (during deserialization of webpack/lib/cache/PackFileCacheStrategy PackContentItems)
@ohif/app: <w> [webpack.cache.PackFileCacheStrategy] Restoring failed for ResolverCachePlugin|normal|default|dependencyType=|commonjs|path=|D:\OHIF_MP\Viewers_v2\node_modules\moment\locale|request=|./es-us.js from pack: Error: Cannot find module 'D:\OHIF_MP\Viewers_v2\node_modules\mini-css-extract-plugin\dist\CssDependency'
@ohif/app: <w> Require stack:
@ohif/app: <w> - D:\OHIF_MP\Viewers_v2\node_modules\webpack\lib\serialization\ObjectMiddleware.js
@ohif/app: <w> - D:\OHIF_MP\Viewers_v2\node_modules\webpack\lib\util\serialization.js
@ohif/app: <w> - D:\OHIF_MP\Viewers_v2\node_modules\webpack\lib\util\makeSerializable.js
@ohif/app: <w> - D:\OHIF_MP\Viewers_v2\node_modules\webpack\lib\dependencies\EntryDependency.js
@ohif/app: <w> - D:\OHIF_MP\Viewers_v2\node_modules\webpack\lib\EntryPlugin.js
@ohif/app: <w> - D:\OHIF_MP\Viewers_v2\node_modules\webpack\lib\index.js
@ohif/app: <w> - D:\OHIF_MP\Viewers_v2\node_modules\webpack-cli\lib\webpack-cli.js
@ohif/app: <w> - D:\OHIF_MP\Viewers_v2\node_modules\webpack-cli\lib\bootstrap.js
@ohif/app: <w> - D:\OHIF_MP\Viewers_v2\node_modules\webpack-cli\bin\cli.js
@ohif/app: <w> - D:\OHIF_MP\Viewers_v2\node_modules\webpack\bin\webpack.js
@ohif/app: <w> (during deserialization of Array)
@ohif/app: <w> (during deserialization of webpack/lib/NormalModule)
@ohif/app: <w> (during deserialization of Map)
@ohif/app: <w> (during deserialization of webpack/lib/cache/PackFileCacheStrategy PackContentItems)
@ohif/app: <w> [webpack.cache.PackFileCacheStrategy] Restoring failed for ResolverCachePlugin|normal|default|dependencyType=|commonjs|path=|D:\OHIF_MP\Viewers_v2\node_modules\moment\locale|request=|./es.js from pack: Error: Cannot find module 'D:\OHIF_MP\Viewers_v2\node_modules\mini-css-extract-plugin\dist\CssDependency'
@ohif/app: <w> Require stack:
@ohif/app: <w> - D:\OHIF_MP\Viewers_v2\node_modules\webpack\lib\serialization\ObjectMiddleware.js
@ohif/app: <w> - D:\OHIF_MP\Viewers_v2\node_modules\webpack\lib\util\serialization.js
@ohif/app: <w> - D:\OHIF_MP\Viewers_v2\node_modules\webpack\lib\util\makeSerializable.js
@ohif/app: <w> - D:\OHIF_MP\Viewers_v2\node_modules\webpack\lib\dependencies\EntryDependency.js
@ohif/app: <w> - D:\OHIF_MP\Viewers_v2\node_modules\webpack\lib\EntryPlugin.js
@ohif/app: <w> - D:\OHIF_MP\Viewers_v2\node_modules\webpack\lib\index.js
@ohif/app: <w> - D:\OHIF_MP\Viewers_v2\node_modules\webpack-cli\lib\webpack-cli.js
@ohif/app: <w> - D:\OHIF_MP\Viewers_v2\node_modules\webpack-cli\lib\bootstrap.js
@ohif/app: <w> - D:\OHIF_MP\Viewers_v2\node_modules\webpack-cli\bin\cli.js
@ohif/app: <w> - D:\OHIF_MP\Viewers_v2\node_modules\webpack\bin\webpack.js
@ohif/app: <w> (during deserialization of Array)
@ohif/app: <w> (during deserialization of webpack/lib/NormalModule)
@ohif/app: <w> (during deserialization of Map)
@ohif/app: <w> (during deserialization of webpack/lib/cache/PackFileCacheStrategy PackContentItems)
@ohif/app: <w> [webpack.cache.PackFileCacheStrategy] Restoring failed for ResolverCachePlugin|normal|default|dependencyType=|commonjs|path=|D:\OHIF_MP\Viewers_v2\node_modules\moment\locale|request=|./et from pack: Error: Cannot find module 'D:\OHIF_MP\Viewers_v2\node_modules\mini-css-extract-plugin\dist\CssDependency'
@ohif/app: <w> Require stack:
@ohif/app: <w> - D:\OHIF_MP\Viewers_v2\node_modules\webpack\lib\serialization\ObjectMiddleware.js
@ohif/app: <w> - D:\OHIF_MP\Viewers_v2\node_modules\webpack\lib\util\serialization.js
@ohif/app: <w> - D:\OHIF_MP\Viewers_v2\node_modules\webpack\lib\util\makeSerializable.js
@ohif/app: <w> - D:\OHIF_MP\Viewers_v2\node_modules\webpack\lib\dependencies\EntryDependency.js
@ohif/app: <w> - D:\OHIF_MP\Viewers_v2\node_modules\webpack\lib\EntryPlugin.js
@ohif/app: <w> - D:\OHIF_MP\Viewers_v2\node_modules\webpack\lib\index.js
@ohif/app: <w> - D:\OHIF_MP\Viewers_v2\node_modules\webpack-cli\lib\webpack-cli.js
@ohif/app: <w> - D:\OHIF_MP\Viewers_v2\node_modules\webpack-cli\lib\bootstrap.js
@ohif/app: <w> - D:\OHIF_MP\Viewers_v2\node_modules\webpack-cli\bin\cli.js
@ohif/app: <w> - D:\OHIF_MP\Viewers_v2\node_modules\webpack\bin\webpack.js
@ohif/app: <w> (during deserialization of Array)
@ohif/app: <w> (during deserialization of webpack/lib/NormalModule)
@ohif/app: <w> (during deserialization of Map)
@ohif/app: <w> (during deserialization of webpack/lib/cache/PackFileCacheStrategy PackContentItems)
@ohif/app: <w> [webpack.cache.PackFileCacheStrategy] Restoring failed for ResolverCachePlugin|normal|default|dependencyType=|commonjs|path=|D:\OHIF_MP\Viewers_v2\node_modules\moment\locale|request=|./et.js from pack: Error: Cannot find module 'D:\OHIF_MP\Viewers_v2\node_modules\mini-css-extract-plugin\dist\CssDependency'
@ohif/app: <w> Require stack:
@ohif/app: <w> - D:\OHIF_MP\Viewers_v2\node_modules\webpack\lib\serialization\ObjectMiddleware.js
@ohif/app: <w> - D:\OHIF_MP\Viewers_v2\node_modules\webpack\lib\util\serialization.js
@ohif/app: <w> - D:\OHIF_MP\Viewers_v2\node_modules\webpack\lib\util\makeSerializable.js
@ohif/app: <w> - D:\OHIF_MP\Viewers_v2\node_modules\webpack\lib\dependencies\EntryDependency.js
@ohif/app: <w> - D:\OHIF_MP\Viewers_v2\node_modules\webpack\lib\EntryPlugin.js
@ohif/app: <w> - D:\OHIF_MP\Viewers_v2\node_modules\webpack\lib\index.js
@ohif/app: <w> - D:\OHIF_MP\Viewers_v2\node_modules\webpack-cli\lib\webpack-cli.js
@ohif/app: <w> - D:\OHIF_MP\Viewers_v2\node_modules\webpack-cli\lib\bootstrap.js
@ohif/app: <w> - D:\OHIF_MP\Viewers_v2\node_modules\webpack-cli\bin\cli.js
@ohif/app: <w> - D:\OHIF_MP\Viewers_v2\node_modules\webpack\bin\webpack.js
@ohif/app: <w> (during deserialization of Array)
@ohif/app: <w> (during deserialization of webpack/lib/NormalModule)
@ohif/app: <w> (during deserialization of Map)
@ohif/app: <w> (during deserialization of webpack/lib/cache/PackFileCacheStrategy PackContentItems)
@ohif/app: <w> [webpack.cache.PackFileCacheStrategy] Restoring failed for ResolverCachePlugin|normal|default|dependencyType=|commonjs|path=|D:\OHIF_MP\Viewers_v2\node_modules\moment\locale|request=|./eu from pack: Error: Cannot find module 'D:\OHIF_MP\Viewers_v2\node_modules\mini-css-extract-plugin\dist\CssDependency'
@ohif/app: <w> Require stack:
@ohif/app: <w> - D:\OHIF_MP\Viewers_v2\node_modules\webpack\lib\serialization\ObjectMiddleware.js
@ohif/app: <w> - D:\OHIF_MP\Viewers_v2\node_modules\webpack\lib\util\serialization.js
@ohif/app: <w> - D:\OHIF_MP\Viewers_v2\node_modules\webpack\lib\util\makeSerializable.js
@ohif/app: <w> - D:\OHIF_MP\Viewers_v2\node_modules\webpack\lib\dependencies\EntryDependency.js
@ohif/app: <w> - D:\OHIF_MP\Viewers_v2\node_modules\webpack\lib\EntryPlugin.js
@ohif/app: <w> - D:\OHIF_MP\Viewers_v2\node_modules\webpack\lib\index.js
@ohif/app: <w> - D:\OHIF_MP\Viewers_v2\node_modules\webpack-cli\lib\webpack-cli.js
@ohif/app: <w> - D:\OHIF_MP\Viewers_v2\node_modules\webpack-cli\lib\bootstrap.js
@ohif/app: <w> - D:\OHIF_MP\Viewers_v2\node_modules\webpack-cli\bin\cli.js
@ohif/app: <w> - D:\OHIF_MP\Viewers_v2\node_modules\webpack\bin\webpack.js
@ohif/app: <w> (during deserialization of Array)
@ohif/app: <w> (during deserialization of webpack/lib/NormalModule)
@ohif/app: <w> (during deserialization of Map)
@ohif/app: <w> (during deserialization of webpack/lib/cache/PackFileCacheStrategy PackContentItems)
@ohif/app: <w> [webpack.cache.PackFileCacheStrategy] Restoring failed for ResolverCachePlugin|normal|default|dependencyType=|commonjs|path=|D:\OHIF_MP\Viewers_v2\node_modules\moment\locale|request=|./eu.js from pack: Error: Cannot find module 'D:\OHIF_MP\Viewers_v2\node_modules\mini-css-extract-plugin\dist\CssDependency'
@ohif/app: <w> Require stack:
@ohif/app: <w> - D:\OHIF_MP\Viewers_v2\node_modules\webpack\lib\serialization\ObjectMiddleware.js
@ohif/app: <w> - D:\OHIF_MP\Viewers_v2\node_modules\webpack\lib\util\serialization.js
@ohif/app: <w> - D:\OHIF_MP\Viewers_v2\node_modules\webpack\lib\util\makeSerializable.js
@ohif/app: <w> - D:\OHIF_MP\Viewers_v2\node_modules\webpack\lib\dependencies\EntryDependency.js
@ohif/app: <w> - D:\OHIF_MP\Viewers_v2\node_modules\webpack\lib\EntryPlugin.js
@ohif/app: <w> - D:\OHIF_MP\Viewers_v2\node_modules\webpack\lib\index.js
@ohif/app: <w> - D:\OHIF_MP\Viewers_v2\node_modules\webpack-cli\lib\webpack-cli.js
@ohif/app: <w> - D:\OHIF_MP\Viewers_v2\node_modules\webpack-cli\lib\bootstrap.js
@ohif/app: <w> - D:\OHIF_MP\Viewers_v2\node_modules\webpack-cli\bin\cli.js
@ohif/app: <w> - D:\OHIF_MP\Viewers_v2\node_modules\webpack\bin\webpack.js
@ohif/app: <w> (during deserialization of Array)
@ohif/app: <w> (during deserialization of webpack/lib/NormalModule)
@ohif/app: <w> (during deserialization of Map)
@ohif/app: <w> (during deserialization of webpack/lib/cache/PackFileCacheStrategy PackContentItems)
@ohif/app: <w> [webpack.cache.PackFileCacheStrategy] Restoring failed for ResolverCachePlugin|normal|default|dependencyType=|commonjs|path=|D:\OHIF_MP\Viewers_v2\node_modules\moment\locale|request=|./fa from pack: Error: Cannot find module 'D:\OHIF_MP\Viewers_v2\node_modules\mini-css-extract-plugin\dist\CssDependency'
@ohif/app: <w> Require stack:
@ohif/app: <w> - D:\OHIF_MP\Viewers_v2\node_modules\webpack\lib\serialization\ObjectMiddleware.js
@ohif/app: <w> - D:\OHIF_MP\Viewers_v2\node_modules\webpack\lib\util\serialization.js
@ohif/app: <w> - D:\OHIF_MP\Viewers_v2\node_modules\webpack\lib\util\makeSerializable.js
@ohif/app: <w> - D:\OHIF_MP\Viewers_v2\node_modules\webpack\lib\dependencies\EntryDependency.js
@ohif/app: <w> - D:\OHIF_MP\Viewers_v2\node_modules\webpack\lib\EntryPlugin.js
@ohif/app: <w> - D:\OHIF_MP\Viewers_v2\node_modules\webpack\lib\index.js
@ohif/app: <w> - D:\OHIF_MP\Viewers_v2\node_modules\webpack-cli\lib\webpack-cli.js
@ohif/app: <w> - D:\OHIF_MP\Viewers_v2\node_modules\webpack-cli\lib\bootstrap.js
@ohif/app: <w> - D:\OHIF_MP\Viewers_v2\node_modules\webpack-cli\bin\cli.js
@ohif/app: <w> - D:\OHIF_MP\Viewers_v2\node_modules\webpack\bin\webpack.js
@ohif/app: <w> (during deserialization of Array)
@ohif/app: <w> (during deserialization of webpack/lib/NormalModule)
@ohif/app: <w> (during deserialization of Map)
@ohif/app: <w> (during deserialization of webpack/lib/cache/PackFileCacheStrategy PackContentItems)
@ohif/app: <w> [webpack.cache.PackFileCacheStrategy] Restoring failed for ResolverCachePlugin|normal|default|dependencyType=|commonjs|path=|D:\OHIF_MP\Viewers_v2\node_modules\moment\locale|request=|./fa.js from pack: Error: Cannot find module 'D:\OHIF_MP\Viewers_v2\node_modules\mini-css-extract-plugin\dist\CssDependency'
@ohif/app: <w> Require stack:
@ohif/app: <w> - D:\OHIF_MP\Viewers_v2\node_modules\webpack\lib\serialization\ObjectMiddleware.js
@ohif/app: <w> - D:\OHIF_MP\Viewers_v2\node_modules\webpack\lib\util\serialization.js
@ohif/app: <w> - D:\OHIF_MP\Viewers_v2\node_modules\webpack\lib\util\makeSerializable.js
@ohif/app: <w> - D:\OHIF_MP\Viewers_v2\node_modules\webpack\lib\dependencies\EntryDependency.js
@ohif/app: <w> - D:\OHIF_MP\Viewers_v2\node_modules\webpack\lib\EntryPlugin.js
@ohif/app: <w> - D:\OHIF_MP\Viewers_v2\node_modules\webpack\lib\index.js
@ohif/app: <w> - D:\OHIF_MP\Viewers_v2\node_modules\webpack-cli\lib\webpack-cli.js
@ohif/app: <w> - D:\OHIF_MP\Viewers_v2\node_modules\webpack-cli\lib\bootstrap.js
@ohif/app: <w> - D:\OHIF_MP\Viewers_v2\node_modules\webpack-cli\bin\cli.js
@ohif/app: <w> - D:\OHIF_MP\Viewers_v2\node_modules\webpack\bin\webpack.js
@ohif/app: <w> (during deserialization of Array)
@ohif/app: <w> (during deserialization of webpack/lib/NormalModule)
@ohif/app: <w> (during deserialization of Map)
@ohif/app: <w> (during deserialization of webpack/lib/cache/PackFileCacheStrategy PackContentItems)
@ohif/app: <w> [webpack.cache.PackFileCacheStrategy] Restoring failed for ResolverCachePlugin|normal|default|dependencyType=|commonjs|path=|D:\OHIF_MP\Viewers_v2\node_modules\moment\locale|request=|./fi from pack: Error: Cannot find module 'D:\OHIF_MP\Viewers_v2\node_modules\mini-css-extract-plugin\dist\CssDependency'
@ohif/app: <w> Require stack:
@ohif/app: <w> - D:\OHIF_MP\Viewers_v2\node_modules\webpack\lib\serialization\ObjectMiddleware.js
@ohif/app: <w> - D:\OHIF_MP\Viewers_v2\node_modules\webpack\lib\util\serialization.js
@ohif/app: <w> - D:\OHIF_MP\Viewers_v2\node_modules\webpack\lib\util\makeSerializable.js
@ohif/app: <w> - D:\OHIF_MP\Viewers_v2\node_modules\webpack\lib\dependencies\EntryDependency.js
@ohif/app: <w> - D:\OHIF_MP\Viewers_v2\node_modules\webpack\lib\EntryPlugin.js
@ohif/app: <w> - D:\OHIF_MP\Viewers_v2\node_modules\webpack\lib\index.js
@ohif/app: <w> - D:\OHIF_MP\Viewers_v2\node_modules\webpack-cli\lib\webpack-cli.js
@ohif/app: <w> - D:\OHIF_MP\Viewers_v2\node_modules\webpack-cli\lib\bootstrap.js
@ohif/app: <w> - D:\OHIF_MP\Viewers_v2\node_modules\webpack-cli\bin\cli.js
@ohif/app: <w> - D:\OHIF_MP\Viewers_v2\node_modules\webpack\bin\webpack.js
@ohif/app: <w> (during deserialization of Array)
@ohif/app: <w> (during deserialization of webpack/lib/NormalModule)
@ohif/app: <w> (during deserialization of Map)
@ohif/app: <w> (during deserialization of webpack/lib/cache/PackFileCacheStrategy PackContentItems)
@ohif/app: <w> [webpack.cache.PackFileCacheStrategy] Restoring failed for ResolverCachePlugin|normal|default|dependencyType=|commonjs|path=|D:\OHIF_MP\Viewers_v2\node_modules\moment\locale|request=|./fi.js from pack: Error: Cannot find module 'D:\OHIF_MP\Viewers_v2\node_modules\mini-css-extract-plugin\dist\CssDependency'
@ohif/app: <w> Require stack:
@ohif/app: <w> - D:\OHIF_MP\Viewers_v2\node_modules\webpack\lib\serialization\ObjectMiddleware.js
@ohif/app: <w> - D:\OHIF_MP\Viewers_v2\node_modules\webpack\lib\util\serialization.js
@ohif/app: <w> - D:\OHIF_MP\Viewers_v2\node_modules\webpack\lib\util\makeSerializable.js
@ohif/app: <w> - D:\OHIF_MP\Viewers_v2\node_modules\webpack\lib\dependencies\EntryDependency.js
@ohif/app: <w> - D:\OHIF_MP\Viewers_v2\node_modules\webpack\lib\EntryPlugin.js
@ohif/app: <w> - D:\OHIF_MP\Viewers_v2\node_modules\webpack\lib\index.js
@ohif/app: <w> - D:\OHIF_MP\Viewers_v2\node_modules\webpack-cli\lib\webpack-cli.js
@ohif/app: <w> - D:\OHIF_MP\Viewers_v2\node_modules\webpack-cli\lib\bootstrap.js
@ohif/app: <w> - D:\OHIF_MP\Viewers_v2\node_modules\webpack-cli\bin\cli.js
@ohif/app: <w> - D:\OHIF_MP\Viewers_v2\node_modules\webpack\bin\webpack.js
@ohif/app: <w> (during deserialization of Array)
@ohif/app: <w> (during deserialization of webpack/lib/NormalModule)
@ohif/app: <w> (during deserialization of Map)
@ohif/app: <w> (during deserialization of webpack/lib/cache/PackFileCacheStrategy PackContentItems)
@ohif/app: <w> [webpack.cache.PackFileCacheStrategy] Restoring failed for ResolverCachePlugin|normal|default|dependencyType=|commonjs|path=|D:\OHIF_MP\Viewers_v2\node_modules\moment\locale|request=|./fil from pack: Error: Cannot find module 'D:\OHIF_MP\Viewers_v2\node_modules\mini-css-extract-plugin\dist\CssDependency'
@ohif/app: <w> Require stack:
@ohif/app: <w> - D:\OHIF_MP\Viewers_v2\node_modules\webpack\lib\serialization\ObjectMiddleware.js
@ohif/app: <w> - D:\OHIF_MP\Viewers_v2\node_modules\webpack\lib\util\serialization.js
@ohif/app: <w> - D:\OHIF_MP\Viewers_v2\node_modules\webpack\lib\util\makeSerializable.js
@ohif/app: <w> - D:\OHIF_MP\Viewers_v2\node_modules\webpack\lib\dependencies\EntryDependency.js
@ohif/app: <w> - D:\OHIF_MP\Viewers_v2\node_modules\webpack\lib\EntryPlugin.js
@ohif/app: <w> - D:\OHIF_MP\Viewers_v2\node_modules\webpack\lib\index.js
@ohif/app: <w> - D:\OHIF_MP\Viewers_v2\node_modules\webpack-cli\lib\webpack-cli.js
@ohif/app: <w> - D:\OHIF_MP\Viewers_v2\node_modules\webpack-cli\lib\bootstrap.js
@ohif/app: <w> - D:\OHIF_MP\Viewers_v2\node_modules\webpack-cli\bin\cli.js
@ohif/app: <w> - D:\OHIF_MP\Viewers_v2\node_modules\webpack\bin\webpack.js
@ohif/app: <w> (during deserialization of Array)
@ohif/app: <w> (during deserialization of webpack/lib/NormalModule)
@ohif/app: <w> (during deserialization of Map)
@ohif/app: <w> (during deserialization of webpack/lib/cache/PackFileCacheStrategy PackContentItems)
@ohif/app: <w> [webpack.cache.PackFileCacheStrategy] Restoring failed for ResolverCachePlugin|normal|default|dependencyType=|commonjs|path=|D:\OHIF_MP\Viewers_v2\node_modules\moment\locale|request=|./fil.js from pack: Error: Cannot find module 'D:\OHIF_MP\Viewers_v2\node_modules\mini-css-extract-plugin\dist\CssDependency'
@ohif/app: <w> Require stack:
@ohif/app: <w> - D:\OHIF_MP\Viewers_v2\node_modules\webpack\lib\serialization\ObjectMiddleware.js
@ohif/app: <w> - D:\OHIF_MP\Viewers_v2\node_modules\webpack\lib\util\serialization.js
@ohif/app: <w> - D:\OHIF_MP\Viewers_v2\node_modules\webpack\lib\util\makeSerializable.js
@ohif/app: <w> - D:\OHIF_MP\Viewers_v2\node_modules\webpack\lib\dependencies\EntryDependency.js
@ohif/app: <w> - D:\OHIF_MP\Viewers_v2\node_modules\webpack\lib\EntryPlugin.js
@ohif/app: <w> - D:\OHIF_MP\Viewers_v2\node_modules\webpack\lib\index.js
@ohif/app: <w> - D:\OHIF_MP\Viewers_v2\node_modules\webpack-cli\lib\webpack-cli.js
@ohif/app: <w> - D:\OHIF_MP\Viewers_v2\node_modules\webpack-cli\lib\bootstrap.js
@ohif/app: <w> - D:\OHIF_MP\Viewers_v2\node_modules\webpack-cli\bin\cli.js
@ohif/app: <w> - D:\OHIF_MP\Viewers_v2\node_modules\webpack\bin\webpack.js
@ohif/app: <w> (during deserialization of Array)
@ohif/app: <w> (during deserialization of webpack/lib/NormalModule)
@ohif/app: <w> (during deserialization of Map)
@ohif/app: <w> (during deserialization of webpack/lib/cache/PackFileCacheStrategy PackContentItems)
@ohif/app: <w> [webpack.cache.PackFileCacheStrategy] Restoring failed for ResolverCachePlugin|normal|default|dependencyType=|commonjs|path=|D:\OHIF_MP\Viewers_v2\node_modules\moment\locale|request=|./fo from pack: Error: Cannot find module 'D:\OHIF_MP\Viewers_v2\node_modules\mini-css-extract-plugin\dist\CssDependency'
@ohif/app: <w> Require stack:
@ohif/app: <w> - D:\OHIF_MP\Viewers_v2\node_modules\webpack\lib\serialization\ObjectMiddleware.js
@ohif/app: <w> - D:\OHIF_MP\Viewers_v2\node_modules\webpack\lib\util\serialization.js
@ohif/app: <w> - D:\OHIF_MP\Viewers_v2\node_modules\webpack\lib\util\makeSerializable.js
@ohif/app: <w> - D:\OHIF_MP\Viewers_v2\node_modules\webpack\lib\dependencies\EntryDependency.js
@ohif/app: <w> - D:\OHIF_MP\Viewers_v2\node_modules\webpack\lib\EntryPlugin.js
@ohif/app: <w> - D:\OHIF_MP\Viewers_v2\node_modules\webpack\lib\index.js
@ohif/app: <w> - D:\OHIF_MP\Viewers_v2\node_modules\webpack-cli\lib\webpack-cli.js
@ohif/app: <w> - D:\OHIF_MP\Viewers_v2\node_modules\webpack-cli\lib\bootstrap.js
@ohif/app: <w> - D:\OHIF_MP\Viewers_v2\node_modules\webpack-cli\bin\cli.js
@ohif/app: <w> - D:\OHIF_MP\Viewers_v2\node_modules\webpack\bin\webpack.js
@ohif/app: <w> (during deserialization of Array)
@ohif/app: <w> (during deserialization of webpack/lib/NormalModule)
@ohif/app: <w> (during deserialization of Map)
@ohif/app: <w> (during deserialization of webpack/lib/cache/PackFileCacheStrategy PackContentItems)
@ohif/app: <w> [webpack.cache.PackFileCacheStrategy] Restoring failed for ResolverCachePlugin|normal|default|dependencyType=|commonjs|path=|D:\OHIF_MP\Viewers_v2\node_modules\moment\locale|request=|./fo.js from pack: Error: Cannot find module 'D:\OHIF_MP\Viewers_v2\node_modules\mini-css-extract-plugin\dist\CssDependency'
@ohif/app: <w> Require stack:
@ohif/app: <w> - D:\OHIF_MP\Viewers_v2\node_modules\webpack\lib\serialization\ObjectMiddleware.js
@ohif/app: <w> - D:\OHIF_MP\Viewers_v2\node_modules\webpack\lib\util\serialization.js
@ohif/app: <w> - D:\OHIF_MP\Viewers_v2\node_modules\webpack\lib\util\makeSerializable.js
@ohif/app: <w> - D:\OHIF_MP\Viewers_v2\node_modules\webpack\lib\dependencies\EntryDependency.js
@ohif/app: <w> - D:\OHIF_MP\Viewers_v2\node_modules\webpack\lib\EntryPlugin.js
@ohif/app: <w> - D:\OHIF_MP\Viewers_v2\node_modules\webpack\lib\index.js
@ohif/app: <w> - D:\OHIF_MP\Viewers_v2\node_modules\webpack-cli\lib\webpack-cli.js
@ohif/app: <w> - D:\OHIF_MP\Viewers_v2\node_modules\webpack-cli\lib\bootstrap.js
@ohif/app: <w> - D:\OHIF_MP\Viewers_v2\node_modules\webpack-cli\bin\cli.js
@ohif/app: <w> - D:\OHIF_MP\Viewers_v2\node_modules\webpack\bin\webpack.js
@ohif/app: <w> (during deserialization of Array)
@ohif/app: <w> (during deserialization of webpack/lib/NormalModule)
@ohif/app: <w> (during deserialization of Map)
@ohif/app: <w> (during deserialization of webpack/lib/cache/PackFileCacheStrategy PackContentItems)
@ohif/app: <w> [webpack.cache.PackFileCacheStrategy] Restoring failed for ResolverCachePlugin|normal|default|dependencyType=|commonjs|path=|D:\OHIF_MP\Viewers_v2\node_modules\moment\locale|request=|./fr from pack: Error: Cannot find module 'D:\OHIF_MP\Viewers_v2\node_modules\mini-css-extract-plugin\dist\CssDependency'
@ohif/app: <w> Require stack:
@ohif/app: <w> - D:\OHIF_MP\Viewers_v2\node_modules\webpack\lib\serialization\ObjectMiddleware.js
@ohif/app: <w> - D:\OHIF_MP\Viewers_v2\node_modules\webpack\lib\util\serialization.js
@ohif/app: <w> - D:\OHIF_MP\Viewers_v2\node_modules\webpack\lib\util\makeSerializable.js
@ohif/app: <w> - D:\OHIF_MP\Viewers_v2\node_modules\webpack\lib\dependencies\EntryDependency.js
@ohif/app: <w> - D:\OHIF_MP\Viewers_v2\node_modules\webpack\lib\EntryPlugin.js
@ohif/app: <w> - D:\OHIF_MP\Viewers_v2\node_modules\webpack\lib\index.js
@ohif/app: <w> - D:\OHIF_MP\Viewers_v2\node_modules\webpack-cli\lib\webpack-cli.js
@ohif/app: <w> - D:\OHIF_MP\Viewers_v2\node_modules\webpack-cli\lib\bootstrap.js
@ohif/app: <w> - D:\OHIF_MP\Viewers_v2\node_modules\webpack-cli\bin\cli.js
@ohif/app: <w> - D:\OHIF_MP\Viewers_v2\node_modules\webpack\bin\webpack.js
@ohif/app: <w> (during deserialization of Array)
@ohif/app: <w> (during deserialization of webpack/lib/NormalModule)
@ohif/app: <w> (during deserialization of Map)
@ohif/app: <w> (during deserialization of webpack/lib/cache/PackFileCacheStrategy PackContentItems)
@ohif/app: <w> [webpack.cache.PackFileCacheStrategy] Restoring failed for ResolverCachePlugin|normal|default|dependencyType=|commonjs|path=|D:\OHIF_MP\Viewers_v2\node_modules\moment\locale|request=|./fr-ca from pack: Error: Cannot find module 'D:\OHIF_MP\Viewers_v2\node_modules\mini-css-extract-plugin\dist\CssDependency'
@ohif/app: <w> Require stack:
@ohif/app: <w> - D:\OHIF_MP\Viewers_v2\node_modules\webpack\lib\serialization\ObjectMiddleware.js
@ohif/app: <w> - D:\OHIF_MP\Viewers_v2\node_modules\webpack\lib\util\serialization.js
@ohif/app: <w> - D:\OHIF_MP\Viewers_v2\node_modules\webpack\lib\util\makeSerializable.js
@ohif/app: <w> - D:\OHIF_MP\Viewers_v2\node_modules\webpack\lib\dependencies\EntryDependency.js
@ohif/app: <w> - D:\OHIF_MP\Viewers_v2\node_modules\webpack\lib\EntryPlugin.js
@ohif/app: <w> - D:\OHIF_MP\Viewers_v2\node_modules\webpack\lib\index.js
@ohif/app: <w> - D:\OHIF_MP\Viewers_v2\node_modules\webpack-cli\lib\webpack-cli.js
@ohif/app: <w> - D:\OHIF_MP\Viewers_v2\node_modules\webpack-cli\lib\bootstrap.js
@ohif/app: <w> - D:\OHIF_MP\Viewers_v2\node_modules\webpack-cli\bin\cli.js
@ohif/app: <w> - D:\OHIF_MP\Viewers_v2\node_modules\webpack\bin\webpack.js
@ohif/app: <w> (during deserialization of Array)
@ohif/app: <w> (during deserialization of webpack/lib/NormalModule)
@ohif/app: <w> (during deserialization of Map)
@ohif/app: <w> (during deserialization of webpack/lib/cache/PackFileCacheStrategy PackContentItems)
@ohif/app: <w> [webpack.cache.PackFileCacheStrategy] Restoring failed for ResolverCachePlugin|normal|default|dependencyType=|commonjs|path=|D:\OHIF_MP\Viewers_v2\node_modules\moment\locale|request=|./fr-ca.js from pack: Error: Cannot find module 'D:\OHIF_MP\Viewers_v2\node_modules\mini-css-extract-plugin\dist\CssDependency'
@ohif/app: <w> Require stack:
@ohif/app: <w> - D:\OHIF_MP\Viewers_v2\node_modules\webpack\lib\serialization\ObjectMiddleware.js
@ohif/app: <w> - D:\OHIF_MP\Viewers_v2\node_modules\webpack\lib\util\serialization.js
@ohif/app: <w> - D:\OHIF_MP\Viewers_v2\node_modules\webpack\lib\util\makeSerializable.js
@ohif/app: <w> - D:\OHIF_MP\Viewers_v2\node_modules\webpack\lib\dependencies\EntryDependency.js
@ohif/app: <w> - D:\OHIF_MP\Viewers_v2\node_modules\webpack\lib\EntryPlugin.js
@ohif/app: <w> - D:\OHIF_MP\Viewers_v2\node_modules\webpack\lib\index.js
@ohif/app: <w> - D:\OHIF_MP\Viewers_v2\node_modules\webpack-cli\lib\webpack-cli.js
@ohif/app: <w> - D:\OHIF_MP\Viewers_v2\node_modules\webpack-cli\lib\bootstrap.js
@ohif/app: <w> - D:\OHIF_MP\Viewers_v2\node_modules\webpack-cli\bin\cli.js
@ohif/app: <w> - D:\OHIF_MP\Viewers_v2\node_modules\webpack\bin\webpack.js
@ohif/app: <w> (during deserialization of Array)
@ohif/app: <w> (during deserialization of webpack/lib/NormalModule)
@ohif/app: <w> (during deserialization of Map)
@ohif/app: <w> (during deserialization of webpack/lib/cache/PackFileCacheStrategy PackContentItems)
@ohif/app: <w> [webpack.cache.PackFileCacheStrategy] Restoring failed for ResolverCachePlugin|normal|default|dependencyType=|commonjs|path=|D:\OHIF_MP\Viewers_v2\node_modules\moment\locale|request=|./fr-ch from pack: Error: Cannot find module 'D:\OHIF_MP\Viewers_v2\node_modules\mini-css-extract-plugin\dist\CssDependency'
@ohif/app: <w> Require stack:
@ohif/app: <w> - D:\OHIF_MP\Viewers_v2\node_modules\webpack\lib\serialization\ObjectMiddleware.js
@ohif/app: <w> - D:\OHIF_MP\Viewers_v2\node_modules\webpack\lib\util\serialization.js
@ohif/app: <w> - D:\OHIF_MP\Viewers_v2\node_modules\webpack\lib\util\makeSerializable.js
@ohif/app: <w> - D:\OHIF_MP\Viewers_v2\node_modules\webpack\lib\dependencies\EntryDependency.js
@ohif/app: <w> - D:\OHIF_MP\Viewers_v2\node_modules\webpack\lib\EntryPlugin.js
@ohif/app: <w> - D:\OHIF_MP\Viewers_v2\node_modules\webpack\lib\index.js
@ohif/app: <w> - D:\OHIF_MP\Viewers_v2\node_modules\webpack-cli\lib\webpack-cli.js
@ohif/app: <w> - D:\OHIF_MP\Viewers_v2\node_modules\webpack-cli\lib\bootstrap.js
@ohif/app: <w> - D:\OHIF_MP\Viewers_v2\node_modules\webpack-cli\bin\cli.js
@ohif/app: <w> - D:\OHIF_MP\Viewers_v2\node_modules\webpack\bin\webpack.js
@ohif/app: <w> (during deserialization of Array)
@ohif/app: <w> (during deserialization of webpack/lib/NormalModule)
@ohif/app: <w> (during deserialization of Map)
@ohif/app: <w> (during deserialization of webpack/lib/cache/PackFileCacheStrategy PackContentItems)
@ohif/app: <w> [webpack.cache.PackFileCacheStrategy] Restoring failed for ResolverCachePlugin|normal|default|dependencyType=|commonjs|path=|D:\OHIF_MP\Viewers_v2\node_modules\moment\locale|request=|./fr-ch.js from pack: Error: Cannot find module 'D:\OHIF_MP\Viewers_v2\node_modules\mini-css-extract-plugin\dist\CssDependency'
@ohif/app: <w> Require stack:
@ohif/app: <w> - D:\OHIF_MP\Viewers_v2\node_modules\webpack\lib\serialization\ObjectMiddleware.js
@ohif/app: <w> - D:\OHIF_MP\Viewers_v2\node_modules\webpack\lib\util\serialization.js
@ohif/app: <w> - D:\OHIF_MP\Viewers_v2\node_modules\webpack\lib\util\makeSerializable.js
@ohif/app: <w> - D:\OHIF_MP\Viewers_v2\node_modules\webpack\lib\dependencies\EntryDependency.js
@ohif/app: <w> - D:\OHIF_MP\Viewers_v2\node_modules\webpack\lib\EntryPlugin.js
@ohif/app: <w> - D:\OHIF_MP\Viewers_v2\node_modules\webpack\lib\index.js
@ohif/app: <w> - D:\OHIF_MP\Viewers_v2\node_modules\webpack-cli\lib\webpack-cli.js
@ohif/app: <w> - D:\OHIF_MP\Viewers_v2\node_modules\webpack-cli\lib\bootstrap.js
@ohif/app: <w> - D:\OHIF_MP\Viewers_v2\node_modules\webpack-cli\bin\cli.js
@ohif/app: <w> - D:\OHIF_MP\Viewers_v2\node_modules\webpack\bin\webpack.js
@ohif/app: <w> (during deserialization of Array)
@ohif/app: <w> (during deserialization of webpack/lib/NormalModule)
@ohif/app: <w> (during deserialization of Map)
@ohif/app: <w> (during deserialization of webpack/lib/cache/PackFileCacheStrategy PackContentItems)
@ohif/app: <w> [webpack.cache.PackFileCacheStrategy] Restoring failed for ResolverCachePlugin|normal|default|dependencyType=|commonjs|path=|D:\OHIF_MP\Viewers_v2\node_modules\moment\locale|request=|./fr.js from pack: Error: Cannot find module 'D:\OHIF_MP\Viewers_v2\node_modules\mini-css-extract-plugin\dist\CssDependency'
@ohif/app: <w> Require stack:
@ohif/app: <w> - D:\OHIF_MP\Viewers_v2\node_modules\webpack\lib\serialization\ObjectMiddleware.js
@ohif/app: <w> - D:\OHIF_MP\Viewers_v2\node_modules\webpack\lib\util\serialization.js
@ohif/app: <w> - D:\OHIF_MP\Viewers_v2\node_modules\webpack\lib\util\makeSerializable.js
@ohif/app: <w> - D:\OHIF_MP\Viewers_v2\node_modules\webpack\lib\dependencies\EntryDependency.js
@ohif/app: <w> - D:\OHIF_MP\Viewers_v2\node_modules\webpack\lib\EntryPlugin.js
@ohif/app: <w> - D:\OHIF_MP\Viewers_v2\node_modules\webpack\lib\index.js
@ohif/app: <w> - D:\OHIF_MP\Viewers_v2\node_modules\webpack-cli\lib\webpack-cli.js
@ohif/app: <w> - D:\OHIF_MP\Viewers_v2\node_modules\webpack-cli\lib\bootstrap.js
@ohif/app: <w> - D:\OHIF_MP\Viewers_v2\node_modules\webpack-cli\bin\cli.js
@ohif/app: <w> - D:\OHIF_MP\Viewers_v2\node_modules\webpack\bin\webpack.js
@ohif/app: <w> (during deserialization of Array)
@ohif/app: <w> (during deserialization of webpack/lib/NormalModule)
@ohif/app: <w> (during deserialization of Map)
@ohif/app: <w> (during deserialization of webpack/lib/cache/PackFileCacheStrategy PackContentItems)
@ohif/app: <w> [webpack.cache.PackFileCacheStrategy] Restoring failed for ResolverCachePlugin|normal|default|dependencyType=|commonjs|path=|D:\OHIF_MP\Viewers_v2\node_modules\moment\locale|request=|./fy from pack: Error: Cannot find module 'D:\OHIF_MP\Viewers_v2\node_modules\mini-css-extract-plugin\dist\CssDependency'
@ohif/app: <w> Require stack:
@ohif/app: <w> - D:\OHIF_MP\Viewers_v2\node_modules\webpack\lib\serialization\ObjectMiddleware.js
@ohif/app: <w> - D:\OHIF_MP\Viewers_v2\node_modules\webpack\lib\util\serialization.js
@ohif/app: <w> - D:\OHIF_MP\Viewers_v2\node_modules\webpack\lib\util\makeSerializable.js
@ohif/app: <w> - D:\OHIF_MP\Viewers_v2\node_modules\webpack\lib\dependencies\EntryDependency.js
@ohif/app: <w> - D:\OHIF_MP\Viewers_v2\node_modules\webpack\lib\EntryPlugin.js
@ohif/app: <w> - D:\OHIF_MP\Viewers_v2\node_modules\webpack\lib\index.js
@ohif/app: <w> - D:\OHIF_MP\Viewers_v2\node_modules\webpack-cli\lib\webpack-cli.js
@ohif/app: <w> - D:\OHIF_MP\Viewers_v2\node_modules\webpack-cli\lib\bootstrap.js
@ohif/app: <w> - D:\OHIF_MP\Viewers_v2\node_modules\webpack-cli\bin\cli.js
@ohif/app: <w> - D:\OHIF_MP\Viewers_v2\node_modules\webpack\bin\webpack.js
@ohif/app: <w> (during deserialization of Array)
@ohif/app: <w> (during deserialization of webpack/lib/NormalModule)
@ohif/app: <w> (during deserialization of Map)
@ohif/app: <w> (during deserialization of webpack/lib/cache/PackFileCacheStrategy PackContentItems)
@ohif/app: <w> [webpack.cache.PackFileCacheStrategy] Restoring failed for ResolverCachePlugin|normal|default|dependencyType=|commonjs|path=|D:\OHIF_MP\Viewers_v2\node_modules\moment\locale|request=|./fy.js from pack: Error: Cannot find module 'D:\OHIF_MP\Viewers_v2\node_modules\mini-css-extract-plugin\dist\CssDependency'
@ohif/app: <w> Require stack:
@ohif/app: <w> - D:\OHIF_MP\Viewers_v2\node_modules\webpack\lib\serialization\ObjectMiddleware.js
@ohif/app: <w> - D:\OHIF_MP\Viewers_v2\node_modules\webpack\lib\util\serialization.js
@ohif/app: <w> - D:\OHIF_MP\Viewers_v2\node_modules\webpack\lib\util\makeSerializable.js
@ohif/app: <w> - D:\OHIF_MP\Viewers_v2\node_modules\webpack\lib\dependencies\EntryDependency.js
@ohif/app: <w> - D:\OHIF_MP\Viewers_v2\node_modules\webpack\lib\EntryPlugin.js
@ohif/app: <w> - D:\OHIF_MP\Viewers_v2\node_modules\webpack\lib\index.js
@ohif/app: <w> - D:\OHIF_MP\Viewers_v2\node_modules\webpack-cli\lib\webpack-cli.js
@ohif/app: <w> - D:\OHIF_MP\Viewers_v2\node_modules\webpack-cli\lib\bootstrap.js
@ohif/app: <w> - D:\OHIF_MP\Viewers_v2\node_modules\webpack-cli\bin\cli.js
@ohif/app: <w> - D:\OHIF_MP\Viewers_v2\node_modules\webpack\bin\webpack.js
@ohif/app: <w> (during deserialization of Array)
@ohif/app: <w> (during deserialization of webpack/lib/NormalModule)
@ohif/app: <w> (during deserialization of Map)
@ohif/app: <w> (during deserialization of webpack/lib/cache/PackFileCacheStrategy PackContentItems)
@ohif/app: <w> [webpack.cache.PackFileCacheStrategy] Restoring failed for ResolverCachePlugin|normal|default|dependencyType=|commonjs|path=|D:\OHIF_MP\Viewers_v2\node_modules\moment\locale|request=|./ga from pack: Error: Cannot find module 'D:\OHIF_MP\Viewers_v2\node_modules\mini-css-extract-plugin\dist\CssDependency'
@ohif/app: <w> Require stack:
@ohif/app: <w> - D:\OHIF_MP\Viewers_v2\node_modules\webpack\lib\serialization\ObjectMiddleware.js
@ohif/app: <w> - D:\OHIF_MP\Viewers_v2\node_modules\webpack\lib\util\serialization.js
@ohif/app: <w> - D:\OHIF_MP\Viewers_v2\node_modules\webpack\lib\util\makeSerializable.js
@ohif/app: <w> - D:\OHIF_MP\Viewers_v2\node_modules\webpack\lib\dependencies\EntryDependency.js
@ohif/app: <w> - D:\OHIF_MP\Viewers_v2\node_modules\webpack\lib\EntryPlugin.js
@ohif/app: <w> - D:\OHIF_MP\Viewers_v2\node_modules\webpack\lib\index.js
@ohif/app: <w> - D:\OHIF_MP\Viewers_v2\node_modules\webpack-cli\lib\webpack-cli.js
@ohif/app: <w> - D:\OHIF_MP\Viewers_v2\node_modules\webpack-cli\lib\bootstrap.js
@ohif/app: <w> - D:\OHIF_MP\Viewers_v2\node_modules\webpack-cli\bin\cli.js
@ohif/app: <w> - D:\OHIF_MP\Viewers_v2\node_modules\webpack\bin\webpack.js
@ohif/app: <w> (during deserialization of Array)
@ohif/app: <w> (during deserialization of webpack/lib/NormalModule)
@ohif/app: <w> (during deserialization of Map)
@ohif/app: <w> (during deserialization of webpack/lib/cache/PackFileCacheStrategy PackContentItems)
@ohif/app: <w> [webpack.cache.PackFileCacheStrategy] Restoring failed for ResolverCachePlugin|normal|default|dependencyType=|commonjs|path=|D:\OHIF_MP\Viewers_v2\node_modules\moment\locale|request=|./ga.js from pack: Error: Cannot find module 'D:\OHIF_MP\Viewers_v2\node_modules\mini-css-extract-plugin\dist\CssDependency'
@ohif/app: <w> Require stack:
@ohif/app: <w> - D:\OHIF_MP\Viewers_v2\node_modules\webpack\lib\serialization\ObjectMiddleware.js
@ohif/app: <w> - D:\OHIF_MP\Viewers_v2\node_modules\webpack\lib\util\serialization.js
@ohif/app: <w> - D:\OHIF_MP\Viewers_v2\node_modules\webpack\lib\util\makeSerializable.js
@ohif/app: <w> - D:\OHIF_MP\Viewers_v2\node_modules\webpack\lib\dependencies\EntryDependency.js
@ohif/app: <w> - D:\OHIF_MP\Viewers_v2\node_modules\webpack\lib\EntryPlugin.js
@ohif/app: <w> - D:\OHIF_MP\Viewers_v2\node_modules\webpack\lib\index.js
@ohif/app: <w> - D:\OHIF_MP\Viewers_v2\node_modules\webpack-cli\lib\webpack-cli.js
@ohif/app: <w> - D:\OHIF_MP\Viewers_v2\node_modules\webpack-cli\lib\bootstrap.js
@ohif/app: <w> - D:\OHIF_MP\Viewers_v2\node_modules\webpack-cli\bin\cli.js
@ohif/app: <w> - D:\OHIF_MP\Viewers_v2\node_modules\webpack\bin\webpack.js
@ohif/app: <w> (during deserialization of Array)
@ohif/app: <w> (during deserialization of webpack/lib/NormalModule)
@ohif/app: <w> (during deserialization of Map)
@ohif/app: <w> (during deserialization of webpack/lib/cache/PackFileCacheStrategy PackContentItems)
@ohif/app: <w> [webpack.cache.PackFileCacheStrategy] Restoring failed for ResolverCachePlugin|normal|default|dependencyType=|commonjs|path=|D:\OHIF_MP\Viewers_v2\node_modules\moment\locale|request=|./gd from pack: Error: Cannot find module 'D:\OHIF_MP\Viewers_v2\node_modules\mini-css-extract-plugin\dist\CssDependency'
@ohif/app: <w> Require stack:
@ohif/app: <w> - D:\OHIF_MP\Viewers_v2\node_modules\webpack\lib\serialization\ObjectMiddleware.js
@ohif/app: <w> - D:\OHIF_MP\Viewers_v2\node_modules\webpack\lib\util\serialization.js
@ohif/app: <w> - D:\OHIF_MP\Viewers_v2\node_modules\webpack\lib\util\makeSerializable.js
@ohif/app: <w> - D:\OHIF_MP\Viewers_v2\node_modules\webpack\lib\dependencies\EntryDependency.js
@ohif/app: <w> - D:\OHIF_MP\Viewers_v2\node_modules\webpack\lib\EntryPlugin.js
@ohif/app: <w> - D:\OHIF_MP\Viewers_v2\node_modules\webpack\lib\index.js
@ohif/app: <w> - D:\OHIF_MP\Viewers_v2\node_modules\webpack-cli\lib\webpack-cli.js
@ohif/app: <w> - D:\OHIF_MP\Viewers_v2\node_modules\webpack-cli\lib\bootstrap.js
@ohif/app: <w> - D:\OHIF_MP\Viewers_v2\node_modules\webpack-cli\bin\cli.js
@ohif/app: <w> - D:\OHIF_MP\Viewers_v2\node_modules\webpack\bin\webpack.js
@ohif/app: <w> (during deserialization of Array)
@ohif/app: <w> (during deserialization of webpack/lib/NormalModule)
@ohif/app: <w> (during deserialization of Map)
@ohif/app: <w> (during deserialization of webpack/lib/cache/PackFileCacheStrategy PackContentItems)
@ohif/app: <w> [webpack.cache.PackFileCacheStrategy] Restoring failed for ResolverCachePlugin|normal|default|dependencyType=|commonjs|path=|D:\OHIF_MP\Viewers_v2\node_modules\moment\locale|request=|./gd.js from pack: Error: Cannot find module 'D:\OHIF_MP\Viewers_v2\node_modules\mini-css-extract-plugin\dist\CssDependency'
@ohif/app: <w> Require stack:
@ohif/app: <w> - D:\OHIF_MP\Viewers_v2\node_modules\webpack\lib\serialization\ObjectMiddleware.js
@ohif/app: <w> - D:\OHIF_MP\Viewers_v2\node_modules\webpack\lib\util\serialization.js
@ohif/app: <w> - D:\OHIF_MP\Viewers_v2\node_modules\webpack\lib\util\makeSerializable.js
@ohif/app: <w> - D:\OHIF_MP\Viewers_v2\node_modules\webpack\lib\dependencies\EntryDependency.js
@ohif/app: <w> - D:\OHIF_MP\Viewers_v2\node_modules\webpack\lib\EntryPlugin.js
@ohif/app: <w> - D:\OHIF_MP\Viewers_v2\node_modules\webpack\lib\index.js
@ohif/app: <w> - D:\OHIF_MP\Viewers_v2\node_modules\webpack-cli\lib\webpack-cli.js
@ohif/app: <w> - D:\OHIF_MP\Viewers_v2\node_modules\webpack-cli\lib\bootstrap.js
@ohif/app: <w> - D:\OHIF_MP\Viewers_v2\node_modules\webpack-cli\bin\cli.js
@ohif/app: <w> - D:\OHIF_MP\Viewers_v2\node_modules\webpack\bin\webpack.js
@ohif/app: <w> (during deserialization of Array)
@ohif/app: <w> (during deserialization of webpack/lib/NormalModule)
@ohif/app: <w> (during deserialization of Map)
@ohif/app: <w> (during deserialization of webpack/lib/cache/PackFileCacheStrategy PackContentItems)
@ohif/app: <w> [webpack.cache.PackFileCacheStrategy] Restoring failed for ResolverCachePlugin|normal|default|dependencyType=|commonjs|path=|D:\OHIF_MP\Viewers_v2\node_modules\moment\locale|request=|./gl from pack: Error: Cannot find module 'D:\OHIF_MP\Viewers_v2\node_modules\mini-css-extract-plugin\dist\CssDependency'
@ohif/app: <w> Require stack:
@ohif/app: <w> - D:\OHIF_MP\Viewers_v2\node_modules\webpack\lib\serialization\ObjectMiddleware.js
@ohif/app: <w> - D:\OHIF_MP\Viewers_v2\node_modules\webpack\lib\util\serialization.js
@ohif/app: <w> - D:\OHIF_MP\Viewers_v2\node_modules\webpack\lib\util\makeSerializable.js
@ohif/app: <w> - D:\OHIF_MP\Viewers_v2\node_modules\webpack\lib\dependencies\EntryDependency.js
@ohif/app: <w> - D:\OHIF_MP\Viewers_v2\node_modules\webpack\lib\EntryPlugin.js
@ohif/app: <w> - D:\OHIF_MP\Viewers_v2\node_modules\webpack\lib\index.js
@ohif/app: <w> - D:\OHIF_MP\Viewers_v2\node_modules\webpack-cli\lib\webpack-cli.js
@ohif/app: <w> - D:\OHIF_MP\Viewers_v2\node_modules\webpack-cli\lib\bootstrap.js
@ohif/app: <w> - D:\OHIF_MP\Viewers_v2\node_modules\webpack-cli\bin\cli.js
@ohif/app: <w> - D:\OHIF_MP\Viewers_v2\node_modules\webpack\bin\webpack.js
@ohif/app: <w> (during deserialization of Array)
@ohif/app: <w> (during deserialization of webpack/lib/NormalModule)
@ohif/app: <w> (during deserialization of Map)
@ohif/app: <w> (during deserialization of webpack/lib/cache/PackFileCacheStrategy PackContentItems)
@ohif/app: <w> [webpack.cache.PackFileCacheStrategy] Restoring failed for ResolverCachePlugin|normal|default|dependencyType=|commonjs|path=|D:\OHIF_MP\Viewers_v2\node_modules\moment\locale|request=|./gl.js from pack: Error: Cannot find module 'D:\OHIF_MP\Viewers_v2\node_modules\mini-css-extract-plugin\dist\CssDependency'
@ohif/app: <w> Require stack:
@ohif/app: <w> - D:\OHIF_MP\Viewers_v2\node_modules\webpack\lib\serialization\ObjectMiddleware.js
@ohif/app: <w> - D:\OHIF_MP\Viewers_v2\node_modules\webpack\lib\util\serialization.js
@ohif/app: <w> - D:\OHIF_MP\Viewers_v2\node_modules\webpack\lib\util\makeSerializable.js
@ohif/app: <w> - D:\OHIF_MP\Viewers_v2\node_modules\webpack\lib\dependencies\EntryDependency.js
@ohif/app: <w> - D:\OHIF_MP\Viewers_v2\node_modules\webpack\lib\EntryPlugin.js
@ohif/app: <w> - D:\OHIF_MP\Viewers_v2\node_modules\webpack\lib\index.js
@ohif/app: <w> - D:\OHIF_MP\Viewers_v2\node_modules\webpack-cli\lib\webpack-cli.js
@ohif/app: <w> - D:\OHIF_MP\Viewers_v2\node_modules\webpack-cli\lib\bootstrap.js
@ohif/app: <w> - D:\OHIF_MP\Viewers_v2\node_modules\webpack-cli\bin\cli.js
@ohif/app: <w> - D:\OHIF_MP\Viewers_v2\node_modules\webpack\bin\webpack.js
@ohif/app: <w> (during deserialization of Array)
@ohif/app: <w> (during deserialization of webpack/lib/NormalModule)
@ohif/app: <w> (during deserialization of Map)
@ohif/app: <w> (during deserialization of webpack/lib/cache/PackFileCacheStrategy PackContentItems)
@ohif/app: <w> [webpack.cache.PackFileCacheStrategy] Restoring failed for ResolverCachePlugin|normal|default|dependencyType=|commonjs|path=|D:\OHIF_MP\Viewers_v2\node_modules\moment\locale|request=|./gom-deva from pack: Error: Cannot find module 'D:\OHIF_MP\Viewers_v2\node_modules\mini-css-extract-plugin\dist\CssDependency'
@ohif/app: <w> Require stack:
@ohif/app: <w> - D:\OHIF_MP\Viewers_v2\node_modules\webpack\lib\serialization\ObjectMiddleware.js
@ohif/app: <w> - D:\OHIF_MP\Viewers_v2\node_modules\webpack\lib\util\serialization.js
@ohif/app: <w> - D:\OHIF_MP\Viewers_v2\node_modules\webpack\lib\util\makeSerializable.js
@ohif/app: <w> - D:\OHIF_MP\Viewers_v2\node_modules\webpack\lib\dependencies\EntryDependency.js
@ohif/app: <w> - D:\OHIF_MP\Viewers_v2\node_modules\webpack\lib\EntryPlugin.js
@ohif/app: <w> - D:\OHIF_MP\Viewers_v2\node_modules\webpack\lib\index.js
@ohif/app: <w> - D:\OHIF_MP\Viewers_v2\node_modules\webpack-cli\lib\webpack-cli.js
@ohif/app: <w> - D:\OHIF_MP\Viewers_v2\node_modules\webpack-cli\lib\bootstrap.js
@ohif/app: <w> - D:\OHIF_MP\Viewers_v2\node_modules\webpack-cli\bin\cli.js
@ohif/app: <w> - D:\OHIF_MP\Viewers_v2\node_modules\webpack\bin\webpack.js
@ohif/app: <w> (during deserialization of Array)
@ohif/app: <w> (during deserialization of webpack/lib/NormalModule)
@ohif/app: <w> (during deserialization of Map)
@ohif/app: <w> (during deserialization of webpack/lib/cache/PackFileCacheStrategy PackContentItems)
@ohif/app: <w> [webpack.cache.PackFileCacheStrategy] Restoring failed for ResolverCachePlugin|normal|default|dependencyType=|commonjs|path=|D:\OHIF_MP\Viewers_v2\node_modules\moment\locale|request=|./gom-deva.js from pack: Error: Cannot find module 'D:\OHIF_MP\Viewers_v2\node_modules\mini-css-extract-plugin\dist\CssDependency'
@ohif/app: <w> Require stack:
@ohif/app: <w> - D:\OHIF_MP\Viewers_v2\node_modules\webpack\lib\serialization\ObjectMiddleware.js
@ohif/app: <w> - D:\OHIF_MP\Viewers_v2\node_modules\webpack\lib\util\serialization.js
@ohif/app: <w> - D:\OHIF_MP\Viewers_v2\node_modules\webpack\lib\util\makeSerializable.js
@ohif/app: <w> - D:\OHIF_MP\Viewers_v2\node_modules\webpack\lib\dependencies\EntryDependency.js
@ohif/app: <w> - D:\OHIF_MP\Viewers_v2\node_modules\webpack\lib\EntryPlugin.js
@ohif/app: <w> - D:\OHIF_MP\Viewers_v2\node_modules\webpack\lib\index.js
@ohif/app: <w> - D:\OHIF_MP\Viewers_v2\node_modules\webpack-cli\lib\webpack-cli.js
@ohif/app: <w> - D:\OHIF_MP\Viewers_v2\node_modules\webpack-cli\lib\bootstrap.js
@ohif/app: <w> - D:\OHIF_MP\Viewers_v2\node_modules\webpack-cli\bin\cli.js
@ohif/app: <w> - D:\OHIF_MP\Viewers_v2\node_modules\webpack\bin\webpack.js
@ohif/app: <w> (during deserialization of Array)
@ohif/app: <w> (during deserialization of webpack/lib/NormalModule)
@ohif/app: <w> (during deserialization of Map)
@ohif/app: <w> (during deserialization of webpack/lib/cache/PackFileCacheStrategy PackContentItems)
@ohif/app: <w> [webpack.cache.PackFileCacheStrategy] Restoring failed for ResolverCachePlugin|normal|default|dependencyType=|commonjs|path=|D:\OHIF_MP\Viewers_v2\node_modules\moment\locale|request=|./gom-latn from pack: Error: Cannot find module 'D:\OHIF_MP\Viewers_v2\node_modules\mini-css-extract-plugin\dist\CssDependency'
@ohif/app: <w> Require stack:
@ohif/app: <w> - D:\OHIF_MP\Viewers_v2\node_modules\webpack\lib\serialization\ObjectMiddleware.js
@ohif/app: <w> - D:\OHIF_MP\Viewers_v2\node_modules\webpack\lib\util\serialization.js
@ohif/app: <w> - D:\OHIF_MP\Viewers_v2\node_modules\webpack\lib\util\makeSerializable.js
@ohif/app: <w> - D:\OHIF_MP\Viewers_v2\node_modules\webpack\lib\dependencies\EntryDependency.js
@ohif/app: <w> - D:\OHIF_MP\Viewers_v2\node_modules\webpack\lib\EntryPlugin.js
@ohif/app: <w> - D:\OHIF_MP\Viewers_v2\node_modules\webpack\lib\index.js
@ohif/app: <w> - D:\OHIF_MP\Viewers_v2\node_modules\webpack-cli\lib\webpack-cli.js
@ohif/app: <w> - D:\OHIF_MP\Viewers_v2\node_modules\webpack-cli\lib\bootstrap.js
@ohif/app: <w> - D:\OHIF_MP\Viewers_v2\node_modules\webpack-cli\bin\cli.js
@ohif/app: <w> - D:\OHIF_MP\Viewers_v2\node_modules\webpack\bin\webpack.js
@ohif/app: <w> (during deserialization of Array)
@ohif/app: <w> (during deserialization of webpack/lib/NormalModule)
@ohif/app: <w> (during deserialization of Map)
@ohif/app: <w> (during deserialization of webpack/lib/cache/PackFileCacheStrategy PackContentItems)
@ohif/app: <w> [webpack.cache.PackFileCacheStrategy] Restoring failed for ResolverCachePlugin|normal|default|dependencyType=|commonjs|path=|D:\OHIF_MP\Viewers_v2\node_modules\moment\locale|request=|./gom-latn.js from pack: Error: Cannot find module 'D:\OHIF_MP\Viewers_v2\node_modules\mini-css-extract-plugin\dist\CssDependency'
@ohif/app: <w> Require stack:
@ohif/app: <w> - D:\OHIF_MP\Viewers_v2\node_modules\webpack\lib\serialization\ObjectMiddleware.js
@ohif/app: <w> - D:\OHIF_MP\Viewers_v2\node_modules\webpack\lib\util\serialization.js
@ohif/app: <w> - D:\OHIF_MP\Viewers_v2\node_modules\webpack\lib\util\makeSerializable.js
@ohif/app: <w> - D:\OHIF_MP\Viewers_v2\node_modules\webpack\lib\dependencies\EntryDependency.js
@ohif/app: <w> - D:\OHIF_MP\Viewers_v2\node_modules\webpack\lib\EntryPlugin.js
@ohif/app: <w> - D:\OHIF_MP\Viewers_v2\node_modules\webpack\lib\index.js
@ohif/app: <w> - D:\OHIF_MP\Viewers_v2\node_modules\webpack-cli\lib\webpack-cli.js
@ohif/app: <w> - D:\OHIF_MP\Viewers_v2\node_modules\webpack-cli\lib\bootstrap.js
@ohif/app: <w> - D:\OHIF_MP\Viewers_v2\node_modules\webpack-cli\bin\cli.js
@ohif/app: <w> - D:\OHIF_MP\Viewers_v2\node_modules\webpack\bin\webpack.js
@ohif/app: <w> (during deserialization of Array)
@ohif/app: <w> (during deserialization of webpack/lib/NormalModule)
@ohif/app: <w> (during deserialization of Map)
@ohif/app: <w> (during deserialization of webpack/lib/cache/PackFileCacheStrategy PackContentItems)
@ohif/app: <w> [webpack.cache.PackFileCacheStrategy] Restoring failed for ResolverCachePlugin|normal|default|dependencyType=|commonjs|path=|D:\OHIF_MP\Viewers_v2\node_modules\moment\locale|request=|./gu from pack: Error: Cannot find module 'D:\OHIF_MP\Viewers_v2\node_modules\mini-css-extract-plugin\dist\CssDependency'
@ohif/app: <w> Require stack:
@ohif/app: <w> - D:\OHIF_MP\Viewers_v2\node_modules\webpack\lib\serialization\ObjectMiddleware.js
@ohif/app: <w> - D:\OHIF_MP\Viewers_v2\node_modules\webpack\lib\util\serialization.js
@ohif/app: <w> - D:\OHIF_MP\Viewers_v2\node_modules\webpack\lib\util\makeSerializable.js
@ohif/app: <w> - D:\OHIF_MP\Viewers_v2\node_modules\webpack\lib\dependencies\EntryDependency.js
@ohif/app: <w> - D:\OHIF_MP\Viewers_v2\node_modules\webpack\lib\EntryPlugin.js
@ohif/app: <w> - D:\OHIF_MP\Viewers_v2\node_modules\webpack\lib\index.js
@ohif/app: <w> - D:\OHIF_MP\Viewers_v2\node_modules\webpack-cli\lib\webpack-cli.js
@ohif/app: <w> - D:\OHIF_MP\Viewers_v2\node_modules\webpack-cli\lib\bootstrap.js
@ohif/app: <w> - D:\OHIF_MP\Viewers_v2\node_modules\webpack-cli\bin\cli.js
@ohif/app: <w> - D:\OHIF_MP\Viewers_v2\node_modules\webpack\bin\webpack.js
@ohif/app: <w> (during deserialization of Array)
@ohif/app: <w> (during deserialization of webpack/lib/NormalModule)
@ohif/app: <w> (during deserialization of Map)
@ohif/app: <w> (during deserialization of webpack/lib/cache/PackFileCacheStrategy PackContentItems)
@ohif/app: <w> [webpack.cache.PackFileCacheStrategy] Restoring failed for ResolverCachePlugin|normal|default|dependencyType=|commonjs|path=|D:\OHIF_MP\Viewers_v2\node_modules\moment\locale|request=|./gu.js from pack: Error: Cannot find module 'D:\OHIF_MP\Viewers_v2\node_modules\mini-css-extract-plugin\dist\CssDependency'
@ohif/app: <w> Require stack:
@ohif/app: <w> - D:\OHIF_MP\Viewers_v2\node_modules\webpack\lib\serialization\ObjectMiddleware.js
@ohif/app: <w> - D:\OHIF_MP\Viewers_v2\node_modules\webpack\lib\util\serialization.js
@ohif/app: <w> - D:\OHIF_MP\Viewers_v2\node_modules\webpack\lib\util\makeSerializable.js
@ohif/app: <w> - D:\OHIF_MP\Viewers_v2\node_modules\webpack\lib\dependencies\EntryDependency.js
@ohif/app: <w> - D:\OHIF_MP\Viewers_v2\node_modules\webpack\lib\EntryPlugin.js
@ohif/app: <w> - D:\OHIF_MP\Viewers_v2\node_modules\webpack\lib\index.js
@ohif/app: <w> - D:\OHIF_MP\Viewers_v2\node_modules\webpack-cli\lib\webpack-cli.js
@ohif/app: <w> - D:\OHIF_MP\Viewers_v2\node_modules\webpack-cli\lib\bootstrap.js
@ohif/app: <w> - D:\OHIF_MP\Viewers_v2\node_modules\webpack-cli\bin\cli.js
@ohif/app: <w> - D:\OHIF_MP\Viewers_v2\node_modules\webpack\bin\webpack.js
@ohif/app: <w> (during deserialization of Array)
@ohif/app: <w> (during deserialization of webpack/lib/NormalModule)
@ohif/app: <w> (during deserialization of Map)
@ohif/app: <w> (during deserialization of webpack/lib/cache/PackFileCacheStrategy PackContentItems)
@ohif/app: <w> [webpack.cache.PackFileCacheStrategy] Restoring failed for ResolverCachePlugin|normal|default|dependencyType=|commonjs|path=|D:\OHIF_MP\Viewers_v2\node_modules\moment\locale|request=|./he from pack: Error: Cannot find module 'D:\OHIF_MP\Viewers_v2\node_modules\mini-css-extract-plugin\dist\CssDependency'
@ohif/app: <w> Require stack:
@ohif/app: <w> - D:\OHIF_MP\Viewers_v2\node_modules\webpack\lib\serialization\ObjectMiddleware.js
@ohif/app: <w> - D:\OHIF_MP\Viewers_v2\node_modules\webpack\lib\util\serialization.js
@ohif/app: <w> - D:\OHIF_MP\Viewers_v2\node_modules\webpack\lib\util\makeSerializable.js
@ohif/app: <w> - D:\OHIF_MP\Viewers_v2\node_modules\webpack\lib\dependencies\EntryDependency.js
@ohif/app: <w> - D:\OHIF_MP\Viewers_v2\node_modules\webpack\lib\EntryPlugin.js
@ohif/app: <w> - D:\OHIF_MP\Viewers_v2\node_modules\webpack\lib\index.js
@ohif/app: <w> - D:\OHIF_MP\Viewers_v2\node_modules\webpack-cli\lib\webpack-cli.js
@ohif/app: <w> - D:\OHIF_MP\Viewers_v2\node_modules\webpack-cli\lib\bootstrap.js
@ohif/app: <w> - D:\OHIF_MP\Viewers_v2\node_modules\webpack-cli\bin\cli.js
@ohif/app: <w> - D:\OHIF_MP\Viewers_v2\node_modules\webpack\bin\webpack.js
@ohif/app: <w> (during deserialization of Array)
@ohif/app: <w> (during deserialization of webpack/lib/NormalModule)
@ohif/app: <w> (during deserialization of Map)
@ohif/app: <w> (during deserialization of webpack/lib/cache/PackFileCacheStrategy PackContentItems)
@ohif/app: <w> [webpack.cache.PackFileCacheStrategy] Restoring failed for ResolverCachePlugin|normal|default|dependencyType=|commonjs|path=|D:\OHIF_MP\Viewers_v2\node_modules\moment\locale|request=|./he.js from pack: Error: Cannot find module 'D:\OHIF_MP\Viewers_v2\node_modules\mini-css-extract-plugin\dist\CssDependency'
@ohif/app: <w> Require stack:
@ohif/app: <w> - D:\OHIF_MP\Viewers_v2\node_modules\webpack\lib\serialization\ObjectMiddleware.js
@ohif/app: <w> - D:\OHIF_MP\Viewers_v2\node_modules\webpack\lib\util\serialization.js
@ohif/app: <w> - D:\OHIF_MP\Viewers_v2\node_modules\webpack\lib\util\makeSerializable.js
@ohif/app: <w> - D:\OHIF_MP\Viewers_v2\node_modules\webpack\lib\dependencies\EntryDependency.js
@ohif/app: <w> - D:\OHIF_MP\Viewers_v2\node_modules\webpack\lib\EntryPlugin.js
@ohif/app: <w> - D:\OHIF_MP\Viewers_v2\node_modules\webpack\lib\index.js
@ohif/app: <w> - D:\OHIF_MP\Viewers_v2\node_modules\webpack-cli\lib\webpack-cli.js
@ohif/app: <w> - D:\OHIF_MP\Viewers_v2\node_modules\webpack-cli\lib\bootstrap.js
@ohif/app: <w> - D:\OHIF_MP\Viewers_v2\node_modules\webpack-cli\bin\cli.js
@ohif/app: <w> - D:\OHIF_MP\Viewers_v2\node_modules\webpack\bin\webpack.js
@ohif/app: <w> (during deserialization of Array)
@ohif/app: <w> (during deserialization of webpack/lib/NormalModule)
@ohif/app: <w> (during deserialization of Map)
@ohif/app: <w> (during deserialization of webpack/lib/cache/PackFileCacheStrategy PackContentItems)
@ohif/app: <w> [webpack.cache.PackFileCacheStrategy] Restoring failed for ResolverCachePlugin|normal|default|dependencyType=|commonjs|path=|D:\OHIF_MP\Viewers_v2\node_modules\moment\locale|request=|./hi from pack: Error: Cannot find module 'D:\OHIF_MP\Viewers_v2\node_modules\mini-css-extract-plugin\dist\CssDependency'
@ohif/app: <w> Require stack:
@ohif/app: <w> - D:\OHIF_MP\Viewers_v2\node_modules\webpack\lib\serialization\ObjectMiddleware.js
@ohif/app: <w> - D:\OHIF_MP\Viewers_v2\node_modules\webpack\lib\util\serialization.js
@ohif/app: <w> - D:\OHIF_MP\Viewers_v2\node_modules\webpack\lib\util\makeSerializable.js
@ohif/app: <w> - D:\OHIF_MP\Viewers_v2\node_modules\webpack\lib\dependencies\EntryDependency.js
@ohif/app: <w> - D:\OHIF_MP\Viewers_v2\node_modules\webpack\lib\EntryPlugin.js
@ohif/app: <w> - D:\OHIF_MP\Viewers_v2\node_modules\webpack\lib\index.js
@ohif/app: <w> - D:\OHIF_MP\Viewers_v2\node_modules\webpack-cli\lib\webpack-cli.js
@ohif/app: <w> - D:\OHIF_MP\Viewers_v2\node_modules\webpack-cli\lib\bootstrap.js
@ohif/app: <w> - D:\OHIF_MP\Viewers_v2\node_modules\webpack-cli\bin\cli.js
@ohif/app: <w> - D:\OHIF_MP\Viewers_v2\node_modules\webpack\bin\webpack.js
@ohif/app: <w> (during deserialization of Array)
@ohif/app: <w> (during deserialization of webpack/lib/NormalModule)
@ohif/app: <w> (during deserialization of Map)
@ohif/app: <w> (during deserialization of webpack/lib/cache/PackFileCacheStrategy PackContentItems)
@ohif/app: <w> [webpack.cache.PackFileCacheStrategy] Restoring failed for ResolverCachePlugin|normal|default|dependencyType=|commonjs|path=|D:\OHIF_MP\Viewers_v2\node_modules\moment\locale|request=|./hi.js from pack: Error: Cannot find module 'D:\OHIF_MP\Viewers_v2\node_modules\mini-css-extract-plugin\dist\CssDependency'
@ohif/app: <w> Require stack:
@ohif/app: <w> - D:\OHIF_MP\Viewers_v2\node_modules\webpack\lib\serialization\ObjectMiddleware.js
@ohif/app: <w> - D:\OHIF_MP\Viewers_v2\node_modules\webpack\lib\util\serialization.js
@ohif/app: <w> - D:\OHIF_MP\Viewers_v2\node_modules\webpack\lib\util\makeSerializable.js
@ohif/app: <w> - D:\OHIF_MP\Viewers_v2\node_modules\webpack\lib\dependencies\EntryDependency.js
@ohif/app: <w> - D:\OHIF_MP\Viewers_v2\node_modules\webpack\lib\EntryPlugin.js
@ohif/app: <w> - D:\OHIF_MP\Viewers_v2\node_modules\webpack\lib\index.js
@ohif/app: <w> - D:\OHIF_MP\Viewers_v2\node_modules\webpack-cli\lib\webpack-cli.js
@ohif/app: <w> - D:\OHIF_MP\Viewers_v2\node_modules\webpack-cli\lib\bootstrap.js
@ohif/app: <w> - D:\OHIF_MP\Viewers_v2\node_modules\webpack-cli\bin\cli.js
@ohif/app: <w> - D:\OHIF_MP\Viewers_v2\node_modules\webpack\bin\webpack.js
@ohif/app: <w> (during deserialization of Array)
@ohif/app: <w> (during deserialization of webpack/lib/NormalModule)
@ohif/app: <w> (during deserialization of Map)
@ohif/app: <w> (during deserialization of webpack/lib/cache/PackFileCacheStrategy PackContentItems)
@ohif/app: <w> [webpack.cache.PackFileCacheStrategy] Restoring failed for ResolverCachePlugin|normal|default|dependencyType=|commonjs|path=|D:\OHIF_MP\Viewers_v2\node_modules\moment\locale|request=|./hr from pack: Error: Cannot find module 'D:\OHIF_MP\Viewers_v2\node_modules\mini-css-extract-plugin\dist\CssDependency'
@ohif/app: <w> Require stack:
@ohif/app: <w> - D:\OHIF_MP\Viewers_v2\node_modules\webpack\lib\serialization\ObjectMiddleware.js
@ohif/app: <w> - D:\OHIF_MP\Viewers_v2\node_modules\webpack\lib\util\serialization.js
@ohif/app: <w> - D:\OHIF_MP\Viewers_v2\node_modules\webpack\lib\util\makeSerializable.js
@ohif/app: <w> - D:\OHIF_MP\Viewers_v2\node_modules\webpack\lib\dependencies\EntryDependency.js
@ohif/app: <w> - D:\OHIF_MP\Viewers_v2\node_modules\webpack\lib\EntryPlugin.js
@ohif/app: <w> - D:\OHIF_MP\Viewers_v2\node_modules\webpack\lib\index.js
@ohif/app: <w> - D:\OHIF_MP\Viewers_v2\node_modules\webpack-cli\lib\webpack-cli.js
@ohif/app: <w> - D:\OHIF_MP\Viewers_v2\node_modules\webpack-cli\lib\bootstrap.js
@ohif/app: <w> - D:\OHIF_MP\Viewers_v2\node_modules\webpack-cli\bin\cli.js
@ohif/app: <w> - D:\OHIF_MP\Viewers_v2\node_modules\webpack\bin\webpack.js
@ohif/app: <w> (during deserialization of Array)
@ohif/app: <w> (during deserialization of webpack/lib/NormalModule)
@ohif/app: <w> (during deserialization of Map)
@ohif/app: <w> (during deserialization of webpack/lib/cache/PackFileCacheStrategy PackContentItems)
@ohif/app: <w> [webpack.cache.PackFileCacheStrategy] Restoring failed for ResolverCachePlugin|normal|default|dependencyType=|commonjs|path=|D:\OHIF_MP\Viewers_v2\node_modules\moment\locale|request=|./hr.js from pack: Error: Cannot find module 'D:\OHIF_MP\Viewers_v2\node_modules\mini-css-extract-plugin\dist\CssDependency'
@ohif/app: <w> Require stack:
@ohif/app: <w> - D:\OHIF_MP\Viewers_v2\node_modules\webpack\lib\serialization\ObjectMiddleware.js
@ohif/app: <w> - D:\OHIF_MP\Viewers_v2\node_modules\webpack\lib\util\serialization.js
@ohif/app: <w> - D:\OHIF_MP\Viewers_v2\node_modules\webpack\lib\util\makeSerializable.js
@ohif/app: <w> - D:\OHIF_MP\Viewers_v2\node_modules\webpack\lib\dependencies\EntryDependency.js
@ohif/app: <w> - D:\OHIF_MP\Viewers_v2\node_modules\webpack\lib\EntryPlugin.js
@ohif/app: <w> - D:\OHIF_MP\Viewers_v2\node_modules\webpack\lib\index.js
@ohif/app: <w> - D:\OHIF_MP\Viewers_v2\node_modules\webpack-cli\lib\webpack-cli.js
@ohif/app: <w> - D:\OHIF_MP\Viewers_v2\node_modules\webpack-cli\lib\bootstrap.js
@ohif/app: <w> - D:\OHIF_MP\Viewers_v2\node_modules\webpack-cli\bin\cli.js
@ohif/app: <w> - D:\OHIF_MP\Viewers_v2\node_modules\webpack\bin\webpack.js
@ohif/app: <w> (during deserialization of Array)
@ohif/app: <w> (during deserialization of webpack/lib/NormalModule)
@ohif/app: <w> (during deserialization of Map)
@ohif/app: <w> (during deserialization of webpack/lib/cache/PackFileCacheStrategy PackContentItems)
@ohif/app: <w> [webpack.cache.PackFileCacheStrategy] Restoring failed for ResolverCachePlugin|normal|default|dependencyType=|commonjs|path=|D:\OHIF_MP\Viewers_v2\node_modules\moment\locale|request=|./hu from pack: Error: Cannot find module 'D:\OHIF_MP\Viewers_v2\node_modules\mini-css-extract-plugin\dist\CssDependency'
@ohif/app: <w> Require stack:
@ohif/app: <w> - D:\OHIF_MP\Viewers_v2\node_modules\webpack\lib\serialization\ObjectMiddleware.js
@ohif/app: <w> - D:\OHIF_MP\Viewers_v2\node_modules\webpack\lib\util\serialization.js
@ohif/app: <w> - D:\OHIF_MP\Viewers_v2\node_modules\webpack\lib\util\makeSerializable.js
@ohif/app: <w> - D:\OHIF_MP\Viewers_v2\node_modules\webpack\lib\dependencies\EntryDependency.js
@ohif/app: <w> - D:\OHIF_MP\Viewers_v2\node_modules\webpack\lib\EntryPlugin.js
@ohif/app: <w> - D:\OHIF_MP\Viewers_v2\node_modules\webpack\lib\index.js
@ohif/app: <w> - D:\OHIF_MP\Viewers_v2\node_modules\webpack-cli\lib\webpack-cli.js
@ohif/app: <w> - D:\OHIF_MP\Viewers_v2\node_modules\webpack-cli\lib\bootstrap.js
@ohif/app: <w> - D:\OHIF_MP\Viewers_v2\node_modules\webpack-cli\bin\cli.js
@ohif/app: <w> - D:\OHIF_MP\Viewers_v2\node_modules\webpack\bin\webpack.js
@ohif/app: <w> (during deserialization of Array)
@ohif/app: <w> (during deserialization of webpack/lib/NormalModule)
@ohif/app: <w> (during deserialization of Map)
@ohif/app: <w> (during deserialization of webpack/lib/cache/PackFileCacheStrategy PackContentItems)
@ohif/app: <w> [webpack.cache.PackFileCacheStrategy] Restoring failed for ResolverCachePlugin|normal|default|dependencyType=|commonjs|path=|D:\OHIF_MP\Viewers_v2\node_modules\moment\locale|request=|./hu.js from pack: Error: Cannot find module 'D:\OHIF_MP\Viewers_v2\node_modules\mini-css-extract-plugin\dist\CssDependency'
@ohif/app: <w> Require stack:
@ohif/app: <w> - D:\OHIF_MP\Viewers_v2\node_modules\webpack\lib\serialization\ObjectMiddleware.js
@ohif/app: <w> - D:\OHIF_MP\Viewers_v2\node_modules\webpack\lib\util\serialization.js
@ohif/app: <w> - D:\OHIF_MP\Viewers_v2\node_modules\webpack\lib\util\makeSerializable.js
@ohif/app: <w> - D:\OHIF_MP\Viewers_v2\node_modules\webpack\lib\dependencies\EntryDependency.js
@ohif/app: <w> - D:\OHIF_MP\Viewers_v2\node_modules\webpack\lib\EntryPlugin.js
@ohif/app: <w> - D:\OHIF_MP\Viewers_v2\node_modules\webpack\lib\index.js
@ohif/app: <w> - D:\OHIF_MP\Viewers_v2\node_modules\webpack-cli\lib\webpack-cli.js
@ohif/app: <w> - D:\OHIF_MP\Viewers_v2\node_modules\webpack-cli\lib\bootstrap.js
@ohif/app: <w> - D:\OHIF_MP\Viewers_v2\node_modules\webpack-cli\bin\cli.js
@ohif/app: <w> - D:\OHIF_MP\Viewers_v2\node_modules\webpack\bin\webpack.js
@ohif/app: <w> (during deserialization of Array)
@ohif/app: <w> (during deserialization of webpack/lib/NormalModule)
@ohif/app: <w> (during deserialization of Map)
@ohif/app: <w> (during deserialization of webpack/lib/cache/PackFileCacheStrategy PackContentItems)
@ohif/app: <w> [webpack.cache.PackFileCacheStrategy] Restoring failed for ResolverCachePlugin|normal|default|dependencyType=|commonjs|path=|D:\OHIF_MP\Viewers_v2\node_modules\moment\locale|request=|./hy-am from pack: Error: Cannot find module 'D:\OHIF_MP\Viewers_v2\node_modules\mini-css-extract-plugin\dist\CssDependency'
@ohif/app: <w> Require stack:
@ohif/app: <w> - D:\OHIF_MP\Viewers_v2\node_modules\webpack\lib\serialization\ObjectMiddleware.js
@ohif/app: <w> - D:\OHIF_MP\Viewers_v2\node_modules\webpack\lib\util\serialization.js
@ohif/app: <w> - D:\OHIF_MP\Viewers_v2\node_modules\webpack\lib\util\makeSerializable.js
@ohif/app: <w> - D:\OHIF_MP\Viewers_v2\node_modules\webpack\lib\dependencies\EntryDependency.js
@ohif/app: <w> - D:\OHIF_MP\Viewers_v2\node_modules\webpack\lib\EntryPlugin.js
@ohif/app: <w> - D:\OHIF_MP\Viewers_v2\node_modules\webpack\lib\index.js
@ohif/app: <w> - D:\OHIF_MP\Viewers_v2\node_modules\webpack-cli\lib\webpack-cli.js
@ohif/app: <w> - D:\OHIF_MP\Viewers_v2\node_modules\webpack-cli\lib\bootstrap.js
@ohif/app: <w> - D:\OHIF_MP\Viewers_v2\node_modules\webpack-cli\bin\cli.js
@ohif/app: <w> - D:\OHIF_MP\Viewers_v2\node_modules\webpack\bin\webpack.js
@ohif/app: <w> (during deserialization of Array)
@ohif/app: <w> (during deserialization of webpack/lib/NormalModule)
@ohif/app: <w> (during deserialization of Map)
@ohif/app: <w> (during deserialization of webpack/lib/cache/PackFileCacheStrategy PackContentItems)
@ohif/app: <w> [webpack.cache.PackFileCacheStrategy] Restoring failed for ResolverCachePlugin|normal|default|dependencyType=|commonjs|path=|D:\OHIF_MP\Viewers_v2\node_modules\moment\locale|request=|./hy-am.js from pack: Error: Cannot find module 'D:\OHIF_MP\Viewers_v2\node_modules\mini-css-extract-plugin\dist\CssDependency'
@ohif/app: <w> Require stack:
@ohif/app: <w> - D:\OHIF_MP\Viewers_v2\node_modules\webpack\lib\serialization\ObjectMiddleware.js
@ohif/app: <w> - D:\OHIF_MP\Viewers_v2\node_modules\webpack\lib\util\serialization.js
@ohif/app: <w> - D:\OHIF_MP\Viewers_v2\node_modules\webpack\lib\util\makeSerializable.js
@ohif/app: <w> - D:\OHIF_MP\Viewers_v2\node_modules\webpack\lib\dependencies\EntryDependency.js
@ohif/app: <w> - D:\OHIF_MP\Viewers_v2\node_modules\webpack\lib\EntryPlugin.js
@ohif/app: <w> - D:\OHIF_MP\Viewers_v2\node_modules\webpack\lib\index.js
@ohif/app: <w> - D:\OHIF_MP\Viewers_v2\node_modules\webpack-cli\lib\webpack-cli.js
@ohif/app: <w> - D:\OHIF_MP\Viewers_v2\node_modules\webpack-cli\lib\bootstrap.js
@ohif/app: <w> - D:\OHIF_MP\Viewers_v2\node_modules\webpack-cli\bin\cli.js
@ohif/app: <w> - D:\OHIF_MP\Viewers_v2\node_modules\webpack\bin\webpack.js
@ohif/app: <w> (during deserialization of Array)
@ohif/app: <w> (during deserialization of webpack/lib/NormalModule)
@ohif/app: <w> (during deserialization of Map)
@ohif/app: <w> (during deserialization of webpack/lib/cache/PackFileCacheStrategy PackContentItems)
@ohif/app: <w> [webpack.cache.PackFileCacheStrategy] Restoring failed for ResolverCachePlugin|normal|default|dependencyType=|commonjs|path=|D:\OHIF_MP\Viewers_v2\node_modules\moment\locale|request=|./id from pack: Error: Cannot find module 'D:\OHIF_MP\Viewers_v2\node_modules\mini-css-extract-plugin\dist\CssDependency'
@ohif/app: <w> Require stack:
@ohif/app: <w> - D:\OHIF_MP\Viewers_v2\node_modules\webpack\lib\serialization\ObjectMiddleware.js
@ohif/app: <w> - D:\OHIF_MP\Viewers_v2\node_modules\webpack\lib\util\serialization.js
@ohif/app: <w> - D:\OHIF_MP\Viewers_v2\node_modules\webpack\lib\util\makeSerializable.js
@ohif/app: <w> - D:\OHIF_MP\Viewers_v2\node_modules\webpack\lib\dependencies\EntryDependency.js
@ohif/app: <w> - D:\OHIF_MP\Viewers_v2\node_modules\webpack\lib\EntryPlugin.js
@ohif/app: <w> - D:\OHIF_MP\Viewers_v2\node_modules\webpack\lib\index.js
@ohif/app: <w> - D:\OHIF_MP\Viewers_v2\node_modules\webpack-cli\lib\webpack-cli.js
@ohif/app: <w> - D:\OHIF_MP\Viewers_v2\node_modules\webpack-cli\lib\bootstrap.js
@ohif/app: <w> - D:\OHIF_MP\Viewers_v2\node_modules\webpack-cli\bin\cli.js
@ohif/app: <w> - D:\OHIF_MP\Viewers_v2\node_modules\webpack\bin\webpack.js
@ohif/app: <w> (during deserialization of Array)
@ohif/app: <w> (during deserialization of webpack/lib/NormalModule)
@ohif/app: <w> (during deserialization of Map)
@ohif/app: <w> (during deserialization of webpack/lib/cache/PackFileCacheStrategy PackContentItems)
@ohif/app: <w> [webpack.cache.PackFileCacheStrategy] Restoring failed for ResolverCachePlugin|normal|default|dependencyType=|commonjs|path=|D:\OHIF_MP\Viewers_v2\node_modules\moment\locale|request=|./id.js from pack: Error: Cannot find module 'D:\OHIF_MP\Viewers_v2\node_modules\mini-css-extract-plugin\dist\CssDependency'
@ohif/app: <w> Require stack:
@ohif/app: <w> - D:\OHIF_MP\Viewers_v2\node_modules\webpack\lib\serialization\ObjectMiddleware.js
@ohif/app: <w> - D:\OHIF_MP\Viewers_v2\node_modules\webpack\lib\util\serialization.js
@ohif/app: <w> - D:\OHIF_MP\Viewers_v2\node_modules\webpack\lib\util\makeSerializable.js
@ohif/app: <w> - D:\OHIF_MP\Viewers_v2\node_modules\webpack\lib\dependencies\EntryDependency.js
@ohif/app: <w> - D:\OHIF_MP\Viewers_v2\node_modules\webpack\lib\EntryPlugin.js
@ohif/app: <w> - D:\OHIF_MP\Viewers_v2\node_modules\webpack\lib\index.js
@ohif/app: <w> - D:\OHIF_MP\Viewers_v2\node_modules\webpack-cli\lib\webpack-cli.js
@ohif/app: <w> - D:\OHIF_MP\Viewers_v2\node_modules\webpack-cli\lib\bootstrap.js
@ohif/app: <w> - D:\OHIF_MP\Viewers_v2\node_modules\webpack-cli\bin\cli.js
@ohif/app: <w> - D:\OHIF_MP\Viewers_v2\node_modules\webpack\bin\webpack.js
@ohif/app: <w> (during deserialization of Array)
@ohif/app: <w> (during deserialization of webpack/lib/NormalModule)
@ohif/app: <w> (during deserialization of Map)
@ohif/app: <w> (during deserialization of webpack/lib/cache/PackFileCacheStrategy PackContentItems)
@ohif/app: <w> [webpack.cache.PackFileCacheStrategy] Restoring failed for ResolverCachePlugin|normal|default|dependencyType=|commonjs|path=|D:\OHIF_MP\Viewers_v2\node_modules\moment\locale|request=|./is from pack: Error: Cannot find module 'D:\OHIF_MP\Viewers_v2\node_modules\mini-css-extract-plugin\dist\CssDependency'
@ohif/app: <w> Require stack:
@ohif/app: <w> - D:\OHIF_MP\Viewers_v2\node_modules\webpack\lib\serialization\ObjectMiddleware.js
@ohif/app: <w> - D:\OHIF_MP\Viewers_v2\node_modules\webpack\lib\util\serialization.js
@ohif/app: <w> - D:\OHIF_MP\Viewers_v2\node_modules\webpack\lib\util\makeSerializable.js
@ohif/app: <w> - D:\OHIF_MP\Viewers_v2\node_modules\webpack\lib\dependencies\EntryDependency.js
@ohif/app: <w> - D:\OHIF_MP\Viewers_v2\node_modules\webpack\lib\EntryPlugin.js
@ohif/app: <w> - D:\OHIF_MP\Viewers_v2\node_modules\webpack\lib\index.js
@ohif/app: <w> - D:\OHIF_MP\Viewers_v2\node_modules\webpack-cli\lib\webpack-cli.js
@ohif/app: <w> - D:\OHIF_MP\Viewers_v2\node_modules\webpack-cli\lib\bootstrap.js
@ohif/app: <w> - D:\OHIF_MP\Viewers_v2\node_modules\webpack-cli\bin\cli.js
@ohif/app: <w> - D:\OHIF_MP\Viewers_v2\node_modules\webpack\bin\webpack.js
@ohif/app: <w> (during deserialization of Array)
@ohif/app: <w> (during deserialization of webpack/lib/NormalModule)
@ohif/app: <w> (during deserialization of Map)
@ohif/app: <w> (during deserialization of webpack/lib/cache/PackFileCacheStrategy PackContentItems)
@ohif/app: <w> [webpack.cache.PackFileCacheStrategy] Restoring failed for ResolverCachePlugin|normal|default|dependencyType=|commonjs|path=|D:\OHIF_MP\Viewers_v2\node_modules\moment\locale|request=|./is.js from pack: Error: Cannot find module 'D:\OHIF_MP\Viewers_v2\node_modules\mini-css-extract-plugin\dist\CssDependency'
@ohif/app: <w> Require stack:
@ohif/app: <w> - D:\OHIF_MP\Viewers_v2\node_modules\webpack\lib\serialization\ObjectMiddleware.js
@ohif/app: <w> - D:\OHIF_MP\Viewers_v2\node_modules\webpack\lib\util\serialization.js
@ohif/app: <w> - D:\OHIF_MP\Viewers_v2\node_modules\webpack\lib\util\makeSerializable.js
@ohif/app: <w> - D:\OHIF_MP\Viewers_v2\node_modules\webpack\lib\dependencies\EntryDependency.js
@ohif/app: <w> - D:\OHIF_MP\Viewers_v2\node_modules\webpack\lib\EntryPlugin.js
@ohif/app: <w> - D:\OHIF_MP\Viewers_v2\node_modules\webpack\lib\index.js
@ohif/app: <w> - D:\OHIF_MP\Viewers_v2\node_modules\webpack-cli\lib\webpack-cli.js
@ohif/app: <w> - D:\OHIF_MP\Viewers_v2\node_modules\webpack-cli\lib\bootstrap.js
@ohif/app: <w> - D:\OHIF_MP\Viewers_v2\node_modules\webpack-cli\bin\cli.js
@ohif/app: <w> - D:\OHIF_MP\Viewers_v2\node_modules\webpack\bin\webpack.js
@ohif/app: <w> (during deserialization of Array)
@ohif/app: <w> (during deserialization of webpack/lib/NormalModule)
@ohif/app: <w> (during deserialization of Map)
@ohif/app: <w> (during deserialization of webpack/lib/cache/PackFileCacheStrategy PackContentItems)
@ohif/app: <w> [webpack.cache.PackFileCacheStrategy] Restoring failed for ResolverCachePlugin|normal|default|dependencyType=|commonjs|path=|D:\OHIF_MP\Viewers_v2\node_modules\moment\locale|request=|./it from pack: Error: Cannot find module 'D:\OHIF_MP\Viewers_v2\node_modules\mini-css-extract-plugin\dist\CssDependency'
@ohif/app: <w> Require stack:
@ohif/app: <w> - D:\OHIF_MP\Viewers_v2\node_modules\webpack\lib\serialization\ObjectMiddleware.js
@ohif/app: <w> - D:\OHIF_MP\Viewers_v2\node_modules\webpack\lib\util\serialization.js
@ohif/app: <w> - D:\OHIF_MP\Viewers_v2\node_modules\webpack\lib\util\makeSerializable.js
@ohif/app: <w> - D:\OHIF_MP\Viewers_v2\node_modules\webpack\lib\dependencies\EntryDependency.js
@ohif/app: <w> - D:\OHIF_MP\Viewers_v2\node_modules\webpack\lib\EntryPlugin.js
@ohif/app: <w> - D:\OHIF_MP\Viewers_v2\node_modules\webpack\lib\index.js
@ohif/app: <w> - D:\OHIF_MP\Viewers_v2\node_modules\webpack-cli\lib\webpack-cli.js
@ohif/app: <w> - D:\OHIF_MP\Viewers_v2\node_modules\webpack-cli\lib\bootstrap.js
@ohif/app: <w> - D:\OHIF_MP\Viewers_v2\node_modules\webpack-cli\bin\cli.js
@ohif/app: <w> - D:\OHIF_MP\Viewers_v2\node_modules\webpack\bin\webpack.js
@ohif/app: <w> (during deserialization of Array)
@ohif/app: <w> (during deserialization of webpack/lib/NormalModule)
@ohif/app: <w> (during deserialization of Map)
@ohif/app: <w> (during deserialization of webpack/lib/cache/PackFileCacheStrategy PackContentItems)
@ohif/app: <w> [webpack.cache.PackFileCacheStrategy] Restoring failed for ResolverCachePlugin|normal|default|dependencyType=|commonjs|path=|D:\OHIF_MP\Viewers_v2\node_modules\moment\locale|request=|./it-ch from pack: Error: Cannot find module 'D:\OHIF_MP\Viewers_v2\node_modules\mini-css-extract-plugin\dist\CssDependency'
@ohif/app: <w> Require stack:
@ohif/app: <w> - D:\OHIF_MP\Viewers_v2\node_modules\webpack\lib\serialization\ObjectMiddleware.js
@ohif/app: <w> - D:\OHIF_MP\Viewers_v2\node_modules\webpack\lib\util\serialization.js
@ohif/app: <w> - D:\OHIF_MP\Viewers_v2\node_modules\webpack\lib\util\makeSerializable.js
@ohif/app: <w> - D:\OHIF_MP\Viewers_v2\node_modules\webpack\lib\dependencies\EntryDependency.js
@ohif/app: <w> - D:\OHIF_MP\Viewers_v2\node_modules\webpack\lib\EntryPlugin.js
@ohif/app: <w> - D:\OHIF_MP\Viewers_v2\node_modules\webpack\lib\index.js
@ohif/app: <w> - D:\OHIF_MP\Viewers_v2\node_modules\webpack-cli\lib\webpack-cli.js
@ohif/app: <w> - D:\OHIF_MP\Viewers_v2\node_modules\webpack-cli\lib\bootstrap.js
@ohif/app: <w> - D:\OHIF_MP\Viewers_v2\node_modules\webpack-cli\bin\cli.js
@ohif/app: <w> - D:\OHIF_MP\Viewers_v2\node_modules\webpack\bin\webpack.js
@ohif/app: <w> (during deserialization of Array)
@ohif/app: <w> (during deserialization of webpack/lib/NormalModule)
@ohif/app: <w> (during deserialization of Map)
@ohif/app: <w> (during deserialization of webpack/lib/cache/PackFileCacheStrategy PackContentItems)
@ohif/app: <w> [webpack.cache.PackFileCacheStrategy] Restoring failed for ResolverCachePlugin|normal|default|dependencyType=|commonjs|path=|D:\OHIF_MP\Viewers_v2\node_modules\moment\locale|request=|./it-ch.js from pack: Error: Cannot find module 'D:\OHIF_MP\Viewers_v2\node_modules\mini-css-extract-plugin\dist\CssDependency'
@ohif/app: <w> Require stack:
@ohif/app: <w> - D:\OHIF_MP\Viewers_v2\node_modules\webpack\lib\serialization\ObjectMiddleware.js
@ohif/app: <w> - D:\OHIF_MP\Viewers_v2\node_modules\webpack\lib\util\serialization.js
@ohif/app: <w> - D:\OHIF_MP\Viewers_v2\node_modules\webpack\lib\util\makeSerializable.js
@ohif/app: <w> - D:\OHIF_MP\Viewers_v2\node_modules\webpack\lib\dependencies\EntryDependency.js
@ohif/app: <w> - D:\OHIF_MP\Viewers_v2\node_modules\webpack\lib\EntryPlugin.js
@ohif/app: <w> - D:\OHIF_MP\Viewers_v2\node_modules\webpack\lib\index.js
@ohif/app: <w> - D:\OHIF_MP\Viewers_v2\node_modules\webpack-cli\lib\webpack-cli.js
@ohif/app: <w> - D:\OHIF_MP\Viewers_v2\node_modules\webpack-cli\lib\bootstrap.js
@ohif/app: <w> - D:\OHIF_MP\Viewers_v2\node_modules\webpack-cli\bin\cli.js
@ohif/app: <w> - D:\OHIF_MP\Viewers_v2\node_modules\webpack\bin\webpack.js
@ohif/app: <w> (during deserialization of Array)
@ohif/app: <w> (during deserialization of webpack/lib/NormalModule)
@ohif/app: <w> (during deserialization of Map)
@ohif/app: <w> (during deserialization of webpack/lib/cache/PackFileCacheStrategy PackContentItems)
@ohif/app: <w> [webpack.cache.PackFileCacheStrategy] Restoring failed for ResolverCachePlugin|normal|default|dependencyType=|commonjs|path=|D:\OHIF_MP\Viewers_v2\node_modules\moment\locale|request=|./it.js from pack: Error: Cannot find module 'D:\OHIF_MP\Viewers_v2\node_modules\mini-css-extract-plugin\dist\CssDependency'
@ohif/app: <w> Require stack:
@ohif/app: <w> - D:\OHIF_MP\Viewers_v2\node_modules\webpack\lib\serialization\ObjectMiddleware.js
@ohif/app: <w> - D:\OHIF_MP\Viewers_v2\node_modules\webpack\lib\util\serialization.js
@ohif/app: <w> - D:\OHIF_MP\Viewers_v2\node_modules\webpack\lib\util\makeSerializable.js
@ohif/app: <w> - D:\OHIF_MP\Viewers_v2\node_modules\webpack\lib\dependencies\EntryDependency.js
@ohif/app: <w> - D:\OHIF_MP\Viewers_v2\node_modules\webpack\lib\EntryPlugin.js
@ohif/app: <w> - D:\OHIF_MP\Viewers_v2\node_modules\webpack\lib\index.js
@ohif/app: <w> - D:\OHIF_MP\Viewers_v2\node_modules\webpack-cli\lib\webpack-cli.js
@ohif/app: <w> - D:\OHIF_MP\Viewers_v2\node_modules\webpack-cli\lib\bootstrap.js
@ohif/app: <w> - D:\OHIF_MP\Viewers_v2\node_modules\webpack-cli\bin\cli.js
@ohif/app: <w> - D:\OHIF_MP\Viewers_v2\node_modules\webpack\bin\webpack.js
@ohif/app: <w> (during deserialization of Array)
@ohif/app: <w> (during deserialization of webpack/lib/NormalModule)
@ohif/app: <w> (during deserialization of Map)
@ohif/app: <w> (during deserialization of webpack/lib/cache/PackFileCacheStrategy PackContentItems)
@ohif/app: <w> [webpack.cache.PackFileCacheStrategy] Restoring failed for ResolverCachePlugin|normal|default|dependencyType=|commonjs|path=|D:\OHIF_MP\Viewers_v2\node_modules\moment\locale|request=|./ja from pack: Error: Cannot find module 'D:\OHIF_MP\Viewers_v2\node_modules\mini-css-extract-plugin\dist\CssDependency'
@ohif/app: <w> Require stack:
@ohif/app: <w> - D:\OHIF_MP\Viewers_v2\node_modules\webpack\lib\serialization\ObjectMiddleware.js
@ohif/app: <w> - D:\OHIF_MP\Viewers_v2\node_modules\webpack\lib\util\serialization.js
@ohif/app: <w> - D:\OHIF_MP\Viewers_v2\node_modules\webpack\lib\util\makeSerializable.js
@ohif/app: <w> - D:\OHIF_MP\Viewers_v2\node_modules\webpack\lib\dependencies\EntryDependency.js
@ohif/app: <w> - D:\OHIF_MP\Viewers_v2\node_modules\webpack\lib\EntryPlugin.js
@ohif/app: <w> - D:\OHIF_MP\Viewers_v2\node_modules\webpack\lib\index.js
@ohif/app: <w> - D:\OHIF_MP\Viewers_v2\node_modules\webpack-cli\lib\webpack-cli.js
@ohif/app: <w> - D:\OHIF_MP\Viewers_v2\node_modules\webpack-cli\lib\bootstrap.js
@ohif/app: <w> - D:\OHIF_MP\Viewers_v2\node_modules\webpack-cli\bin\cli.js
@ohif/app: <w> - D:\OHIF_MP\Viewers_v2\node_modules\webpack\bin\webpack.js
@ohif/app: <w> (during deserialization of Array)
@ohif/app: <w> (during deserialization of webpack/lib/NormalModule)
@ohif/app: <w> (during deserialization of Map)
@ohif/app: <w> (during deserialization of webpack/lib/cache/PackFileCacheStrategy PackContentItems)
@ohif/app: <w> [webpack.cache.PackFileCacheStrategy] Restoring failed for ResolverCachePlugin|normal|default|dependencyType=|commonjs|path=|D:\OHIF_MP\Viewers_v2\node_modules\moment\locale|request=|./ja.js from pack: Error: Cannot find module 'D:\OHIF_MP\Viewers_v2\node_modules\mini-css-extract-plugin\dist\CssDependency'
@ohif/app: <w> Require stack:
@ohif/app: <w> - D:\OHIF_MP\Viewers_v2\node_modules\webpack\lib\serialization\ObjectMiddleware.js
@ohif/app: <w> - D:\OHIF_MP\Viewers_v2\node_modules\webpack\lib\util\serialization.js
@ohif/app: <w> - D:\OHIF_MP\Viewers_v2\node_modules\webpack\lib\util\makeSerializable.js
@ohif/app: <w> - D:\OHIF_MP\Viewers_v2\node_modules\webpack\lib\dependencies\EntryDependency.js
@ohif/app: <w> - D:\OHIF_MP\Viewers_v2\node_modules\webpack\lib\EntryPlugin.js
@ohif/app: <w> - D:\OHIF_MP\Viewers_v2\node_modules\webpack\lib\index.js
@ohif/app: <w> - D:\OHIF_MP\Viewers_v2\node_modules\webpack-cli\lib\webpack-cli.js
@ohif/app: <w> - D:\OHIF_MP\Viewers_v2\node_modules\webpack-cli\lib\bootstrap.js
@ohif/app: <w> - D:\OHIF_MP\Viewers_v2\node_modules\webpack-cli\bin\cli.js
@ohif/app: <w> - D:\OHIF_MP\Viewers_v2\node_modules\webpack\bin\webpack.js
@ohif/app: <w> (during deserialization of Array)
@ohif/app: <w> (during deserialization of webpack/lib/NormalModule)
@ohif/app: <w> (during deserialization of Map)
@ohif/app: <w> (during deserialization of webpack/lib/cache/PackFileCacheStrategy PackContentItems)
@ohif/app: <w> [webpack.cache.PackFileCacheStrategy] Restoring failed for ResolverCachePlugin|normal|default|dependencyType=|commonjs|path=|D:\OHIF_MP\Viewers_v2\node_modules\moment\locale|request=|./jv from pack: Error: Cannot find module 'D:\OHIF_MP\Viewers_v2\node_modules\mini-css-extract-plugin\dist\CssDependency'
@ohif/app: <w> Require stack:
@ohif/app: <w> - D:\OHIF_MP\Viewers_v2\node_modules\webpack\lib\serialization\ObjectMiddleware.js
@ohif/app: <w> - D:\OHIF_MP\Viewers_v2\node_modules\webpack\lib\util\serialization.js
@ohif/app: <w> - D:\OHIF_MP\Viewers_v2\node_modules\webpack\lib\util\makeSerializable.js
@ohif/app: <w> - D:\OHIF_MP\Viewers_v2\node_modules\webpack\lib\dependencies\EntryDependency.js
@ohif/app: <w> - D:\OHIF_MP\Viewers_v2\node_modules\webpack\lib\EntryPlugin.js
@ohif/app: <w> - D:\OHIF_MP\Viewers_v2\node_modules\webpack\lib\index.js
@ohif/app: <w> - D:\OHIF_MP\Viewers_v2\node_modules\webpack-cli\lib\webpack-cli.js
@ohif/app: <w> - D:\OHIF_MP\Viewers_v2\node_modules\webpack-cli\lib\bootstrap.js
@ohif/app: <w> - D:\OHIF_MP\Viewers_v2\node_modules\webpack-cli\bin\cli.js
@ohif/app: <w> - D:\OHIF_MP\Viewers_v2\node_modules\webpack\bin\webpack.js
@ohif/app: <w> (during deserialization of Array)
@ohif/app: <w> (during deserialization of webpack/lib/NormalModule)
@ohif/app: <w> (during deserialization of Map)
@ohif/app: <w> (during deserialization of webpack/lib/cache/PackFileCacheStrategy PackContentItems)
@ohif/app: <w> [webpack.cache.PackFileCacheStrategy] Restoring failed for ResolverCachePlugin|normal|default|dependencyType=|commonjs|path=|D:\OHIF_MP\Viewers_v2\node_modules\moment\locale|request=|./jv.js from pack: Error: Cannot find module 'D:\OHIF_MP\Viewers_v2\node_modules\mini-css-extract-plugin\dist\CssDependency'
@ohif/app: <w> Require stack:
@ohif/app: <w> - D:\OHIF_MP\Viewers_v2\node_modules\webpack\lib\serialization\ObjectMiddleware.js
@ohif/app: <w> - D:\OHIF_MP\Viewers_v2\node_modules\webpack\lib\util\serialization.js
@ohif/app: <w> - D:\OHIF_MP\Viewers_v2\node_modules\webpack\lib\util\makeSerializable.js
@ohif/app: <w> - D:\OHIF_MP\Viewers_v2\node_modules\webpack\lib\dependencies\EntryDependency.js
@ohif/app: <w> - D:\OHIF_MP\Viewers_v2\node_modules\webpack\lib\EntryPlugin.js
@ohif/app: <w> - D:\OHIF_MP\Viewers_v2\node_modules\webpack\lib\index.js
@ohif/app: <w> - D:\OHIF_MP\Viewers_v2\node_modules\webpack-cli\lib\webpack-cli.js
@ohif/app: <w> - D:\OHIF_MP\Viewers_v2\node_modules\webpack-cli\lib\bootstrap.js
@ohif/app: <w> - D:\OHIF_MP\Viewers_v2\node_modules\webpack-cli\bin\cli.js
@ohif/app: <w> - D:\OHIF_MP\Viewers_v2\node_modules\webpack\bin\webpack.js
@ohif/app: <w> (during deserialization of Array)
@ohif/app: <w> (during deserialization of webpack/lib/NormalModule)
@ohif/app: <w> (during deserialization of Map)
@ohif/app: <w> (during deserialization of webpack/lib/cache/PackFileCacheStrategy PackContentItems)
@ohif/app: <w> [webpack.cache.PackFileCacheStrategy] Restoring failed for ResolverCachePlugin|normal|default|dependencyType=|commonjs|path=|D:\OHIF_MP\Viewers_v2\node_modules\moment\locale|request=|./ka from pack: Error: Cannot find module 'D:\OHIF_MP\Viewers_v2\node_modules\mini-css-extract-plugin\dist\CssDependency'
@ohif/app: <w> Require stack:
@ohif/app: <w> - D:\OHIF_MP\Viewers_v2\node_modules\webpack\lib\serialization\ObjectMiddleware.js
@ohif/app: <w> - D:\OHIF_MP\Viewers_v2\node_modules\webpack\lib\util\serialization.js
@ohif/app: <w> - D:\OHIF_MP\Viewers_v2\node_modules\webpack\lib\util\makeSerializable.js
@ohif/app: <w> - D:\OHIF_MP\Viewers_v2\node_modules\webpack\lib\dependencies\EntryDependency.js
@ohif/app: <w> - D:\OHIF_MP\Viewers_v2\node_modules\webpack\lib\EntryPlugin.js
@ohif/app: <w> - D:\OHIF_MP\Viewers_v2\node_modules\webpack\lib\index.js
@ohif/app: <w> - D:\OHIF_MP\Viewers_v2\node_modules\webpack-cli\lib\webpack-cli.js
@ohif/app: <w> - D:\OHIF_MP\Viewers_v2\node_modules\webpack-cli\lib\bootstrap.js
@ohif/app: <w> - D:\OHIF_MP\Viewers_v2\node_modules\webpack-cli\bin\cli.js
@ohif/app: <w> - D:\OHIF_MP\Viewers_v2\node_modules\webpack\bin\webpack.js
@ohif/app: <w> (during deserialization of Array)
@ohif/app: <w> (during deserialization of webpack/lib/NormalModule)
@ohif/app: <w> (during deserialization of Map)
@ohif/app: <w> (during deserialization of webpack/lib/cache/PackFileCacheStrategy PackContentItems)
@ohif/app: <w> [webpack.cache.PackFileCacheStrategy] Restoring failed for ResolverCachePlugin|normal|default|dependencyType=|commonjs|path=|D:\OHIF_MP\Viewers_v2\node_modules\moment\locale|request=|./ka.js from pack: Error: Cannot find module 'D:\OHIF_MP\Viewers_v2\node_modules\mini-css-extract-plugin\dist\CssDependency'
@ohif/app: <w> Require stack:
@ohif/app: <w> - D:\OHIF_MP\Viewers_v2\node_modules\webpack\lib\serialization\ObjectMiddleware.js
@ohif/app: <w> - D:\OHIF_MP\Viewers_v2\node_modules\webpack\lib\util\serialization.js
@ohif/app: <w> - D:\OHIF_MP\Viewers_v2\node_modules\webpack\lib\util\makeSerializable.js
@ohif/app: <w> - D:\OHIF_MP\Viewers_v2\node_modules\webpack\lib\dependencies\EntryDependency.js
@ohif/app: <w> - D:\OHIF_MP\Viewers_v2\node_modules\webpack\lib\EntryPlugin.js
@ohif/app: <w> - D:\OHIF_MP\Viewers_v2\node_modules\webpack\lib\index.js
@ohif/app: <w> - D:\OHIF_MP\Viewers_v2\node_modules\webpack-cli\lib\webpack-cli.js
@ohif/app: <w> - D:\OHIF_MP\Viewers_v2\node_modules\webpack-cli\lib\bootstrap.js
@ohif/app: <w> - D:\OHIF_MP\Viewers_v2\node_modules\webpack-cli\bin\cli.js
@ohif/app: <w> - D:\OHIF_MP\Viewers_v2\node_modules\webpack\bin\webpack.js
@ohif/app: <w> (during deserialization of Array)
@ohif/app: <w> (during deserialization of webpack/lib/NormalModule)
@ohif/app: <w> (during deserialization of Map)
@ohif/app: <w> (during deserialization of webpack/lib/cache/PackFileCacheStrategy PackContentItems)
@ohif/app: <w> [webpack.cache.PackFileCacheStrategy] Restoring failed for ResolverCachePlugin|normal|default|dependencyType=|commonjs|path=|D:\OHIF_MP\Viewers_v2\node_modules\moment\locale|request=|./kk from pack: Error: Cannot find module 'D:\OHIF_MP\Viewers_v2\node_modules\mini-css-extract-plugin\dist\CssDependency'
@ohif/app: <w> Require stack:
@ohif/app: <w> - D:\OHIF_MP\Viewers_v2\node_modules\webpack\lib\serialization\ObjectMiddleware.js
@ohif/app: <w> - D:\OHIF_MP\Viewers_v2\node_modules\webpack\lib\util\serialization.js
@ohif/app: <w> - D:\OHIF_MP\Viewers_v2\node_modules\webpack\lib\util\makeSerializable.js
@ohif/app: <w> - D:\OHIF_MP\Viewers_v2\node_modules\webpack\lib\dependencies\EntryDependency.js
@ohif/app: <w> - D:\OHIF_MP\Viewers_v2\node_modules\webpack\lib\EntryPlugin.js
@ohif/app: <w> - D:\OHIF_MP\Viewers_v2\node_modules\webpack\lib\index.js
@ohif/app: <w> - D:\OHIF_MP\Viewers_v2\node_modules\webpack-cli\lib\webpack-cli.js
@ohif/app: <w> - D:\OHIF_MP\Viewers_v2\node_modules\webpack-cli\lib\bootstrap.js
@ohif/app: <w> - D:\OHIF_MP\Viewers_v2\node_modules\webpack-cli\bin\cli.js
@ohif/app: <w> - D:\OHIF_MP\Viewers_v2\node_modules\webpack\bin\webpack.js
@ohif/app: <w> (during deserialization of Array)
@ohif/app: <w> (during deserialization of webpack/lib/NormalModule)
@ohif/app: <w> (during deserialization of Map)
@ohif/app: <w> (during deserialization of webpack/lib/cache/PackFileCacheStrategy PackContentItems)
@ohif/app: <w> [webpack.cache.PackFileCacheStrategy] Restoring failed for ResolverCachePlugin|normal|default|dependencyType=|commonjs|path=|D:\OHIF_MP\Viewers_v2\node_modules\moment\locale|request=|./kk.js from pack: Error: Cannot find module 'D:\OHIF_MP\Viewers_v2\node_modules\mini-css-extract-plugin\dist\CssDependency'
@ohif/app: <w> Require stack:
@ohif/app: <w> - D:\OHIF_MP\Viewers_v2\node_modules\webpack\lib\serialization\ObjectMiddleware.js
@ohif/app: <w> - D:\OHIF_MP\Viewers_v2\node_modules\webpack\lib\util\serialization.js
@ohif/app: <w> - D:\OHIF_MP\Viewers_v2\node_modules\webpack\lib\util\makeSerializable.js
@ohif/app: <w> - D:\OHIF_MP\Viewers_v2\node_modules\webpack\lib\dependencies\EntryDependency.js
@ohif/app: <w> - D:\OHIF_MP\Viewers_v2\node_modules\webpack\lib\EntryPlugin.js
@ohif/app: <w> - D:\OHIF_MP\Viewers_v2\node_modules\webpack\lib\index.js
@ohif/app: <w> - D:\OHIF_MP\Viewers_v2\node_modules\webpack-cli\lib\webpack-cli.js
@ohif/app: <w> - D:\OHIF_MP\Viewers_v2\node_modules\webpack-cli\lib\bootstrap.js
@ohif/app: <w> - D:\OHIF_MP\Viewers_v2\node_modules\webpack-cli\bin\cli.js
@ohif/app: <w> - D:\OHIF_MP\Viewers_v2\node_modules\webpack\bin\webpack.js
@ohif/app: <w> (during deserialization of Array)
@ohif/app: <w> (during deserialization of webpack/lib/NormalModule)
@ohif/app: <w> (during deserialization of Map)
@ohif/app: <w> (during deserialization of webpack/lib/cache/PackFileCacheStrategy PackContentItems)
@ohif/app: <w> [webpack.cache.PackFileCacheStrategy] Restoring failed for ResolverCachePlugin|normal|default|dependencyType=|commonjs|path=|D:\OHIF_MP\Viewers_v2\node_modules\moment\locale|request=|./km from pack: Error: Cannot find module 'D:\OHIF_MP\Viewers_v2\node_modules\mini-css-extract-plugin\dist\CssDependency'
@ohif/app: <w> Require stack:
@ohif/app: <w> - D:\OHIF_MP\Viewers_v2\node_modules\webpack\lib\serialization\ObjectMiddleware.js
@ohif/app: <w> - D:\OHIF_MP\Viewers_v2\node_modules\webpack\lib\util\serialization.js
@ohif/app: <w> - D:\OHIF_MP\Viewers_v2\node_modules\webpack\lib\util\makeSerializable.js
@ohif/app: <w> - D:\OHIF_MP\Viewers_v2\node_modules\webpack\lib\dependencies\EntryDependency.js
@ohif/app: <w> - D:\OHIF_MP\Viewers_v2\node_modules\webpack\lib\EntryPlugin.js
@ohif/app: <w> - D:\OHIF_MP\Viewers_v2\node_modules\webpack\lib\index.js
@ohif/app: <w> - D:\OHIF_MP\Viewers_v2\node_modules\webpack-cli\lib\webpack-cli.js
@ohif/app: <w> - D:\OHIF_MP\Viewers_v2\node_modules\webpack-cli\lib\bootstrap.js
@ohif/app: <w> - D:\OHIF_MP\Viewers_v2\node_modules\webpack-cli\bin\cli.js
@ohif/app: <w> - D:\OHIF_MP\Viewers_v2\node_modules\webpack\bin\webpack.js
@ohif/app: <w> (during deserialization of Array)
@ohif/app: <w> (during deserialization of webpack/lib/NormalModule)
@ohif/app: <w> (during deserialization of Map)
@ohif/app: <w> (during deserialization of webpack/lib/cache/PackFileCacheStrategy PackContentItems)
@ohif/app: <w> [webpack.cache.PackFileCacheStrategy] Restoring failed for ResolverCachePlugin|normal|default|dependencyType=|commonjs|path=|D:\OHIF_MP\Viewers_v2\node_modules\moment\locale|request=|./km.js from pack: Error: Cannot find module 'D:\OHIF_MP\Viewers_v2\node_modules\mini-css-extract-plugin\dist\CssDependency'
@ohif/app: <w> Require stack:
@ohif/app: <w> - D:\OHIF_MP\Viewers_v2\node_modules\webpack\lib\serialization\ObjectMiddleware.js
@ohif/app: <w> - D:\OHIF_MP\Viewers_v2\node_modules\webpack\lib\util\serialization.js
@ohif/app: <w> - D:\OHIF_MP\Viewers_v2\node_modules\webpack\lib\util\makeSerializable.js
@ohif/app: <w> - D:\OHIF_MP\Viewers_v2\node_modules\webpack\lib\dependencies\EntryDependency.js
@ohif/app: <w> - D:\OHIF_MP\Viewers_v2\node_modules\webpack\lib\EntryPlugin.js
@ohif/app: <w> - D:\OHIF_MP\Viewers_v2\node_modules\webpack\lib\index.js
@ohif/app: <w> - D:\OHIF_MP\Viewers_v2\node_modules\webpack-cli\lib\webpack-cli.js
@ohif/app: <w> - D:\OHIF_MP\Viewers_v2\node_modules\webpack-cli\lib\bootstrap.js
@ohif/app: <w> - D:\OHIF_MP\Viewers_v2\node_modules\webpack-cli\bin\cli.js
@ohif/app: <w> - D:\OHIF_MP\Viewers_v2\node_modules\webpack\bin\webpack.js
@ohif/app: <w> (during deserialization of Array)
@ohif/app: <w> (during deserialization of webpack/lib/NormalModule)
@ohif/app: <w> (during deserialization of Map)
@ohif/app: <w> (during deserialization of webpack/lib/cache/PackFileCacheStrategy PackContentItems)
@ohif/app: <w> [webpack.cache.PackFileCacheStrategy] Restoring failed for ResolverCachePlugin|normal|default|dependencyType=|commonjs|path=|D:\OHIF_MP\Viewers_v2\node_modules\moment\locale|request=|./kn from pack: Error: Cannot find module 'D:\OHIF_MP\Viewers_v2\node_modules\mini-css-extract-plugin\dist\CssDependency'
@ohif/app: <w> Require stack:
@ohif/app: <w> - D:\OHIF_MP\Viewers_v2\node_modules\webpack\lib\serialization\ObjectMiddleware.js
@ohif/app: <w> - D:\OHIF_MP\Viewers_v2\node_modules\webpack\lib\util\serialization.js
@ohif/app: <w> - D:\OHIF_MP\Viewers_v2\node_modules\webpack\lib\util\makeSerializable.js
@ohif/app: <w> - D:\OHIF_MP\Viewers_v2\node_modules\webpack\lib\dependencies\EntryDependency.js
@ohif/app: <w> - D:\OHIF_MP\Viewers_v2\node_modules\webpack\lib\EntryPlugin.js
@ohif/app: <w> - D:\OHIF_MP\Viewers_v2\node_modules\webpack\lib\index.js
@ohif/app: <w> - D:\OHIF_MP\Viewers_v2\node_modules\webpack-cli\lib\webpack-cli.js
@ohif/app: <w> - D:\OHIF_MP\Viewers_v2\node_modules\webpack-cli\lib\bootstrap.js
@ohif/app: <w> - D:\OHIF_MP\Viewers_v2\node_modules\webpack-cli\bin\cli.js
@ohif/app: <w> - D:\OHIF_MP\Viewers_v2\node_modules\webpack\bin\webpack.js
@ohif/app: <w> (during deserialization of Array)
@ohif/app: <w> (during deserialization of webpack/lib/NormalModule)
@ohif/app: <w> (during deserialization of Map)
@ohif/app: <w> (during deserialization of webpack/lib/cache/PackFileCacheStrategy PackContentItems)
@ohif/app: <w> [webpack.cache.PackFileCacheStrategy] Restoring failed for ResolverCachePlugin|normal|default|dependencyType=|commonjs|path=|D:\OHIF_MP\Viewers_v2\node_modules\moment\locale|request=|./kn.js from pack: Error: Cannot find module 'D:\OHIF_MP\Viewers_v2\node_modules\mini-css-extract-plugin\dist\CssDependency'
@ohif/app: <w> Require stack:
@ohif/app: <w> - D:\OHIF_MP\Viewers_v2\node_modules\webpack\lib\serialization\ObjectMiddleware.js
@ohif/app: <w> - D:\OHIF_MP\Viewers_v2\node_modules\webpack\lib\util\serialization.js
@ohif/app: <w> - D:\OHIF_MP\Viewers_v2\node_modules\webpack\lib\util\makeSerializable.js
@ohif/app: <w> - D:\OHIF_MP\Viewers_v2\node_modules\webpack\lib\dependencies\EntryDependency.js
@ohif/app: <w> - D:\OHIF_MP\Viewers_v2\node_modules\webpack\lib\EntryPlugin.js
@ohif/app: <w> - D:\OHIF_MP\Viewers_v2\node_modules\webpack\lib\index.js
@ohif/app: <w> - D:\OHIF_MP\Viewers_v2\node_modules\webpack-cli\lib\webpack-cli.js
@ohif/app: <w> - D:\OHIF_MP\Viewers_v2\node_modules\webpack-cli\lib\bootstrap.js
@ohif/app: <w> - D:\OHIF_MP\Viewers_v2\node_modules\webpack-cli\bin\cli.js
@ohif/app: <w> - D:\OHIF_MP\Viewers_v2\node_modules\webpack\bin\webpack.js
@ohif/app: <w> (during deserialization of Array)
@ohif/app: <w> (during deserialization of webpack/lib/NormalModule)
@ohif/app: <w> (during deserialization of Map)
@ohif/app: <w> (during deserialization of webpack/lib/cache/PackFileCacheStrategy PackContentItems)
@ohif/app: <w> [webpack.cache.PackFileCacheStrategy] Restoring failed for ResolverCachePlugin|normal|default|dependencyType=|commonjs|path=|D:\OHIF_MP\Viewers_v2\node_modules\moment\locale|request=|./ko from pack: Error: Cannot find module 'D:\OHIF_MP\Viewers_v2\node_modules\mini-css-extract-plugin\dist\CssDependency'
@ohif/app: <w> Require stack:
@ohif/app: <w> - D:\OHIF_MP\Viewers_v2\node_modules\webpack\lib\serialization\ObjectMiddleware.js
@ohif/app: <w> - D:\OHIF_MP\Viewers_v2\node_modules\webpack\lib\util\serialization.js
@ohif/app: <w> - D:\OHIF_MP\Viewers_v2\node_modules\webpack\lib\util\makeSerializable.js
@ohif/app: <w> - D:\OHIF_MP\Viewers_v2\node_modules\webpack\lib\dependencies\EntryDependency.js
@ohif/app: <w> - D:\OHIF_MP\Viewers_v2\node_modules\webpack\lib\EntryPlugin.js
@ohif/app: <w> - D:\OHIF_MP\Viewers_v2\node_modules\webpack\lib\index.js
@ohif/app: <w> - D:\OHIF_MP\Viewers_v2\node_modules\webpack-cli\lib\webpack-cli.js
@ohif/app: <w> - D:\OHIF_MP\Viewers_v2\node_modules\webpack-cli\lib\bootstrap.js
@ohif/app: <w> - D:\OHIF_MP\Viewers_v2\node_modules\webpack-cli\bin\cli.js
@ohif/app: <w> - D:\OHIF_MP\Viewers_v2\node_modules\webpack\bin\webpack.js
@ohif/app: <w> (during deserialization of Array)
@ohif/app: <w> (during deserialization of webpack/lib/NormalModule)
@ohif/app: <w> (during deserialization of Map)
@ohif/app: <w> (during deserialization of webpack/lib/cache/PackFileCacheStrategy PackContentItems)
@ohif/app: <w> [webpack.cache.PackFileCacheStrategy] Restoring failed for ResolverCachePlugin|normal|default|dependencyType=|commonjs|path=|D:\OHIF_MP\Viewers_v2\node_modules\moment\locale|request=|./ko.js from pack: Error: Cannot find module 'D:\OHIF_MP\Viewers_v2\node_modules\mini-css-extract-plugin\dist\CssDependency'
@ohif/app: <w> Require stack:
@ohif/app: <w> - D:\OHIF_MP\Viewers_v2\node_modules\webpack\lib\serialization\ObjectMiddleware.js
@ohif/app: <w> - D:\OHIF_MP\Viewers_v2\node_modules\webpack\lib\util\serialization.js
@ohif/app: <w> - D:\OHIF_MP\Viewers_v2\node_modules\webpack\lib\util\makeSerializable.js
@ohif/app: <w> - D:\OHIF_MP\Viewers_v2\node_modules\webpack\lib\dependencies\EntryDependency.js
@ohif/app: <w> - D:\OHIF_MP\Viewers_v2\node_modules\webpack\lib\EntryPlugin.js
@ohif/app: <w> - D:\OHIF_MP\Viewers_v2\node_modules\webpack\lib\index.js
@ohif/app: <w> - D:\OHIF_MP\Viewers_v2\node_modules\webpack-cli\lib\webpack-cli.js
@ohif/app: <w> - D:\OHIF_MP\Viewers_v2\node_modules\webpack-cli\lib\bootstrap.js
@ohif/app: <w> - D:\OHIF_MP\Viewers_v2\node_modules\webpack-cli\bin\cli.js
@ohif/app: <w> - D:\OHIF_MP\Viewers_v2\node_modules\webpack\bin\webpack.js
@ohif/app: <w> (during deserialization of Array)
@ohif/app: <w> (during deserialization of webpack/lib/NormalModule)
@ohif/app: <w> (during deserialization of Map)
@ohif/app: <w> (during deserialization of webpack/lib/cache/PackFileCacheStrategy PackContentItems)
@ohif/app: <w> [webpack.cache.PackFileCacheStrategy] Restoring failed for ResolverCachePlugin|normal|default|dependencyType=|commonjs|path=|D:\OHIF_MP\Viewers_v2\node_modules\moment\locale|request=|./ku from pack: Error: Cannot find module 'D:\OHIF_MP\Viewers_v2\node_modules\mini-css-extract-plugin\dist\CssDependency'
@ohif/app: <w> Require stack:
@ohif/app: <w> - D:\OHIF_MP\Viewers_v2\node_modules\webpack\lib\serialization\ObjectMiddleware.js
@ohif/app: <w> - D:\OHIF_MP\Viewers_v2\node_modules\webpack\lib\util\serialization.js
@ohif/app: <w> - D:\OHIF_MP\Viewers_v2\node_modules\webpack\lib\util\makeSerializable.js
@ohif/app: <w> - D:\OHIF_MP\Viewers_v2\node_modules\webpack\lib\dependencies\EntryDependency.js
@ohif/app: <w> - D:\OHIF_MP\Viewers_v2\node_modules\webpack\lib\EntryPlugin.js
@ohif/app: <w> - D:\OHIF_MP\Viewers_v2\node_modules\webpack\lib\index.js
@ohif/app: <w> - D:\OHIF_MP\Viewers_v2\node_modules\webpack-cli\lib\webpack-cli.js
@ohif/app: <w> - D:\OHIF_MP\Viewers_v2\node_modules\webpack-cli\lib\bootstrap.js
@ohif/app: <w> - D:\OHIF_MP\Viewers_v2\node_modules\webpack-cli\bin\cli.js
@ohif/app: <w> - D:\OHIF_MP\Viewers_v2\node_modules\webpack\bin\webpack.js
@ohif/app: <w> (during deserialization of Array)
@ohif/app: <w> (during deserialization of webpack/lib/NormalModule)
@ohif/app: <w> (during deserialization of Map)
@ohif/app: <w> (during deserialization of webpack/lib/cache/PackFileCacheStrategy PackContentItems)
@ohif/app: <w> [webpack.cache.PackFileCacheStrategy] Restoring failed for ResolverCachePlugin|normal|default|dependencyType=|commonjs|path=|D:\OHIF_MP\Viewers_v2\node_modules\moment\locale|request=|./ku-kmr from pack: Error: Cannot find module 'D:\OHIF_MP\Viewers_v2\node_modules\mini-css-extract-plugin\dist\CssDependency'
@ohif/app: <w> Require stack:
@ohif/app: <w> - D:\OHIF_MP\Viewers_v2\node_modules\webpack\lib\serialization\ObjectMiddleware.js
@ohif/app: <w> - D:\OHIF_MP\Viewers_v2\node_modules\webpack\lib\util\serialization.js
@ohif/app: <w> - D:\OHIF_MP\Viewers_v2\node_modules\webpack\lib\util\makeSerializable.js
@ohif/app: <w> - D:\OHIF_MP\Viewers_v2\node_modules\webpack\lib\dependencies\EntryDependency.js
@ohif/app: <w> - D:\OHIF_MP\Viewers_v2\node_modules\webpack\lib\EntryPlugin.js
@ohif/app: <w> - D:\OHIF_MP\Viewers_v2\node_modules\webpack\lib\index.js
@ohif/app: <w> - D:\OHIF_MP\Viewers_v2\node_modules\webpack-cli\lib\webpack-cli.js
@ohif/app: <w> - D:\OHIF_MP\Viewers_v2\node_modules\webpack-cli\lib\bootstrap.js
@ohif/app: <w> - D:\OHIF_MP\Viewers_v2\node_modules\webpack-cli\bin\cli.js
@ohif/app: <w> - D:\OHIF_MP\Viewers_v2\node_modules\webpack\bin\webpack.js
@ohif/app: <w> (during deserialization of Array)
@ohif/app: <w> (during deserialization of webpack/lib/NormalModule)
@ohif/app: <w> (during deserialization of Map)
@ohif/app: <w> (during deserialization of webpack/lib/cache/PackFileCacheStrategy PackContentItems)
@ohif/app: <w> [webpack.cache.PackFileCacheStrategy] Restoring failed for ResolverCachePlugin|normal|default|dependencyType=|commonjs|path=|D:\OHIF_MP\Viewers_v2\node_modules\moment\locale|request=|./ku-kmr.js from pack: Error: Cannot find module 'D:\OHIF_MP\Viewers_v2\node_modules\mini-css-extract-plugin\dist\CssDependency'
@ohif/app: <w> Require stack:
@ohif/app: <w> - D:\OHIF_MP\Viewers_v2\node_modules\webpack\lib\serialization\ObjectMiddleware.js
@ohif/app: <w> - D:\OHIF_MP\Viewers_v2\node_modules\webpack\lib\util\serialization.js
@ohif/app: <w> - D:\OHIF_MP\Viewers_v2\node_modules\webpack\lib\util\makeSerializable.js
@ohif/app: <w> - D:\OHIF_MP\Viewers_v2\node_modules\webpack\lib\dependencies\EntryDependency.js
@ohif/app: <w> - D:\OHIF_MP\Viewers_v2\node_modules\webpack\lib\EntryPlugin.js
@ohif/app: <w> - D:\OHIF_MP\Viewers_v2\node_modules\webpack\lib\index.js
@ohif/app: <w> - D:\OHIF_MP\Viewers_v2\node_modules\webpack-cli\lib\webpack-cli.js
@ohif/app: <w> - D:\OHIF_MP\Viewers_v2\node_modules\webpack-cli\lib\bootstrap.js
@ohif/app: <w> - D:\OHIF_MP\Viewers_v2\node_modules\webpack-cli\bin\cli.js
@ohif/app: <w> - D:\OHIF_MP\Viewers_v2\node_modules\webpack\bin\webpack.js
@ohif/app: <w> (during deserialization of Array)
@ohif/app: <w> (during deserialization of webpack/lib/NormalModule)
@ohif/app: <w> (during deserialization of Map)
@ohif/app: <w> (during deserialization of webpack/lib/cache/PackFileCacheStrategy PackContentItems)
@ohif/app: <w> [webpack.cache.PackFileCacheStrategy] Restoring failed for ResolverCachePlugin|normal|default|dependencyType=|commonjs|path=|D:\OHIF_MP\Viewers_v2\node_modules\moment\locale|request=|./ku.js from pack: Error: Cannot find module 'D:\OHIF_MP\Viewers_v2\node_modules\mini-css-extract-plugin\dist\CssDependency'
@ohif/app: <w> Require stack:
@ohif/app: <w> - D:\OHIF_MP\Viewers_v2\node_modules\webpack\lib\serialization\ObjectMiddleware.js
@ohif/app: <w> - D:\OHIF_MP\Viewers_v2\node_modules\webpack\lib\util\serialization.js
@ohif/app: <w> - D:\OHIF_MP\Viewers_v2\node_modules\webpack\lib\util\makeSerializable.js
@ohif/app: <w> - D:\OHIF_MP\Viewers_v2\node_modules\webpack\lib\dependencies\EntryDependency.js
@ohif/app: <w> - D:\OHIF_MP\Viewers_v2\node_modules\webpack\lib\EntryPlugin.js
@ohif/app: <w> - D:\OHIF_MP\Viewers_v2\node_modules\webpack\lib\index.js
@ohif/app: <w> - D:\OHIF_MP\Viewers_v2\node_modules\webpack-cli\lib\webpack-cli.js
@ohif/app: <w> - D:\OHIF_MP\Viewers_v2\node_modules\webpack-cli\lib\bootstrap.js
@ohif/app: <w> - D:\OHIF_MP\Viewers_v2\node_modules\webpack-cli\bin\cli.js
@ohif/app: <w> - D:\OHIF_MP\Viewers_v2\node_modules\webpack\bin\webpack.js
@ohif/app: <w> (during deserialization of Array)
@ohif/app: <w> (during deserialization of webpack/lib/NormalModule)
@ohif/app: <w> (during deserialization of Map)
@ohif/app: <w> (during deserialization of webpack/lib/cache/PackFileCacheStrategy PackContentItems)
@ohif/app: <w> [webpack.cache.PackFileCacheStrategy] Restoring failed for ResolverCachePlugin|normal|default|dependencyType=|commonjs|path=|D:\OHIF_MP\Viewers_v2\node_modules\moment\locale|request=|./ky from pack: Error: Cannot find module 'D:\OHIF_MP\Viewers_v2\node_modules\mini-css-extract-plugin\dist\CssDependency'
@ohif/app: <w> Require stack:
@ohif/app: <w> - D:\OHIF_MP\Viewers_v2\node_modules\webpack\lib\serialization\ObjectMiddleware.js
@ohif/app: <w> - D:\OHIF_MP\Viewers_v2\node_modules\webpack\lib\util\serialization.js
@ohif/app: <w> - D:\OHIF_MP\Viewers_v2\node_modules\webpack\lib\util\makeSerializable.js
@ohif/app: <w> - D:\OHIF_MP\Viewers_v2\node_modules\webpack\lib\dependencies\EntryDependency.js
@ohif/app: <w> - D:\OHIF_MP\Viewers_v2\node_modules\webpack\lib\EntryPlugin.js
@ohif/app: <w> - D:\OHIF_MP\Viewers_v2\node_modules\webpack\lib\index.js
@ohif/app: <w> - D:\OHIF_MP\Viewers_v2\node_modules\webpack-cli\lib\webpack-cli.js
@ohif/app: <w> - D:\OHIF_MP\Viewers_v2\node_modules\webpack-cli\lib\bootstrap.js
@ohif/app: <w> - D:\OHIF_MP\Viewers_v2\node_modules\webpack-cli\bin\cli.js
@ohif/app: <w> - D:\OHIF_MP\Viewers_v2\node_modules\webpack\bin\webpack.js
@ohif/app: <w> (during deserialization of Array)
@ohif/app: <w> (during deserialization of webpack/lib/NormalModule)
@ohif/app: <w> (during deserialization of Map)
@ohif/app: <w> (during deserialization of webpack/lib/cache/PackFileCacheStrategy PackContentItems)
@ohif/app: <w> [webpack.cache.PackFileCacheStrategy] Restoring failed for ResolverCachePlugin|normal|default|dependencyType=|commonjs|path=|D:\OHIF_MP\Viewers_v2\node_modules\moment\locale|request=|./ky.js from pack: Error: Cannot find module 'D:\OHIF_MP\Viewers_v2\node_modules\mini-css-extract-plugin\dist\CssDependency'
@ohif/app: <w> Require stack:
@ohif/app: <w> - D:\OHIF_MP\Viewers_v2\node_modules\webpack\lib\serialization\ObjectMiddleware.js
@ohif/app: <w> - D:\OHIF_MP\Viewers_v2\node_modules\webpack\lib\util\serialization.js
@ohif/app: <w> - D:\OHIF_MP\Viewers_v2\node_modules\webpack\lib\util\makeSerializable.js
@ohif/app: <w> - D:\OHIF_MP\Viewers_v2\node_modules\webpack\lib\dependencies\EntryDependency.js
@ohif/app: <w> - D:\OHIF_MP\Viewers_v2\node_modules\webpack\lib\EntryPlugin.js
@ohif/app: <w> - D:\OHIF_MP\Viewers_v2\node_modules\webpack\lib\index.js
@ohif/app: <w> - D:\OHIF_MP\Viewers_v2\node_modules\webpack-cli\lib\webpack-cli.js
@ohif/app: <w> - D:\OHIF_MP\Viewers_v2\node_modules\webpack-cli\lib\bootstrap.js
@ohif/app: <w> - D:\OHIF_MP\Viewers_v2\node_modules\webpack-cli\bin\cli.js
@ohif/app: <w> - D:\OHIF_MP\Viewers_v2\node_modules\webpack\bin\webpack.js
@ohif/app: <w> (during deserialization of Array)
@ohif/app: <w> (during deserialization of webpack/lib/NormalModule)
@ohif/app: <w> (during deserialization of Map)
@ohif/app: <w> (during deserialization of webpack/lib/cache/PackFileCacheStrategy PackContentItems)
@ohif/app: <w> [webpack.cache.PackFileCacheStrategy] Restoring failed for ResolverCachePlugin|normal|default|dependencyType=|commonjs|path=|D:\OHIF_MP\Viewers_v2\node_modules\moment\locale|request=|./lb from pack: Error: Cannot find module 'D:\OHIF_MP\Viewers_v2\node_modules\mini-css-extract-plugin\dist\CssDependency'
@ohif/app: <w> Require stack:
@ohif/app: <w> - D:\OHIF_MP\Viewers_v2\node_modules\webpack\lib\serialization\ObjectMiddleware.js
@ohif/app: <w> - D:\OHIF_MP\Viewers_v2\node_modules\webpack\lib\util\serialization.js
@ohif/app: <w> - D:\OHIF_MP\Viewers_v2\node_modules\webpack\lib\util\makeSerializable.js
@ohif/app: <w> - D:\OHIF_MP\Viewers_v2\node_modules\webpack\lib\dependencies\EntryDependency.js
@ohif/app: <w> - D:\OHIF_MP\Viewers_v2\node_modules\webpack\lib\EntryPlugin.js
@ohif/app: <w> - D:\OHIF_MP\Viewers_v2\node_modules\webpack\lib\index.js
@ohif/app: <w> - D:\OHIF_MP\Viewers_v2\node_modules\webpack-cli\lib\webpack-cli.js
@ohif/app: <w> - D:\OHIF_MP\Viewers_v2\node_modules\webpack-cli\lib\bootstrap.js
@ohif/app: <w> - D:\OHIF_MP\Viewers_v2\node_modules\webpack-cli\bin\cli.js
@ohif/app: <w> - D:\OHIF_MP\Viewers_v2\node_modules\webpack\bin\webpack.js
@ohif/app: <w> (during deserialization of Array)
@ohif/app: <w> (during deserialization of webpack/lib/NormalModule)
@ohif/app: <w> (during deserialization of Map)
@ohif/app: <w> (during deserialization of webpack/lib/cache/PackFileCacheStrategy PackContentItems)
@ohif/app: <w> [webpack.cache.PackFileCacheStrategy] Restoring failed for ResolverCachePlugin|normal|default|dependencyType=|commonjs|path=|D:\OHIF_MP\Viewers_v2\node_modules\moment\locale|request=|./lb.js from pack: Error: Cannot find module 'D:\OHIF_MP\Viewers_v2\node_modules\mini-css-extract-plugin\dist\CssDependency'
@ohif/app: <w> Require stack:
@ohif/app: <w> - D:\OHIF_MP\Viewers_v2\node_modules\webpack\lib\serialization\ObjectMiddleware.js
@ohif/app: <w> - D:\OHIF_MP\Viewers_v2\node_modules\webpack\lib\util\serialization.js
@ohif/app: <w> - D:\OHIF_MP\Viewers_v2\node_modules\webpack\lib\util\makeSerializable.js
@ohif/app: <w> - D:\OHIF_MP\Viewers_v2\node_modules\webpack\lib\dependencies\EntryDependency.js
@ohif/app: <w> - D:\OHIF_MP\Viewers_v2\node_modules\webpack\lib\EntryPlugin.js
@ohif/app: <w> - D:\OHIF_MP\Viewers_v2\node_modules\webpack\lib\index.js
@ohif/app: <w> - D:\OHIF_MP\Viewers_v2\node_modules\webpack-cli\lib\webpack-cli.js
@ohif/app: <w> - D:\OHIF_MP\Viewers_v2\node_modules\webpack-cli\lib\bootstrap.js
@ohif/app: <w> - D:\OHIF_MP\Viewers_v2\node_modules\webpack-cli\bin\cli.js
@ohif/app: <w> - D:\OHIF_MP\Viewers_v2\node_modules\webpack\bin\webpack.js
@ohif/app: <w> (during deserialization of Array)
@ohif/app: <w> (during deserialization of webpack/lib/NormalModule)
@ohif/app: <w> (during deserialization of Map)
@ohif/app: <w> (during deserialization of webpack/lib/cache/PackFileCacheStrategy PackContentItems)
@ohif/app: <w> [webpack.cache.PackFileCacheStrategy] Restoring failed for ResolverCachePlugin|normal|default|dependencyType=|commonjs|path=|D:\OHIF_MP\Viewers_v2\node_modules\moment\locale|request=|./lo from pack: Error: Cannot find module 'D:\OHIF_MP\Viewers_v2\node_modules\mini-css-extract-plugin\dist\CssDependency'
@ohif/app: <w> Require stack:
@ohif/app: <w> - D:\OHIF_MP\Viewers_v2\node_modules\webpack\lib\serialization\ObjectMiddleware.js
@ohif/app: <w> - D:\OHIF_MP\Viewers_v2\node_modules\webpack\lib\util\serialization.js
@ohif/app: <w> - D:\OHIF_MP\Viewers_v2\node_modules\webpack\lib\util\makeSerializable.js
@ohif/app: <w> - D:\OHIF_MP\Viewers_v2\node_modules\webpack\lib\dependencies\EntryDependency.js
@ohif/app: <w> - D:\OHIF_MP\Viewers_v2\node_modules\webpack\lib\EntryPlugin.js
@ohif/app: <w> - D:\OHIF_MP\Viewers_v2\node_modules\webpack\lib\index.js
@ohif/app: <w> - D:\OHIF_MP\Viewers_v2\node_modules\webpack-cli\lib\webpack-cli.js
@ohif/app: <w> - D:\OHIF_MP\Viewers_v2\node_modules\webpack-cli\lib\bootstrap.js
@ohif/app: <w> - D:\OHIF_MP\Viewers_v2\node_modules\webpack-cli\bin\cli.js
@ohif/app: <w> - D:\OHIF_MP\Viewers_v2\node_modules\webpack\bin\webpack.js
@ohif/app: <w> (during deserialization of Array)
@ohif/app: <w> (during deserialization of webpack/lib/NormalModule)
@ohif/app: <w> (during deserialization of Map)
@ohif/app: <w> (during deserialization of webpack/lib/cache/PackFileCacheStrategy PackContentItems)
@ohif/app: <w> [webpack.cache.PackFileCacheStrategy] Restoring failed for ResolverCachePlugin|normal|default|dependencyType=|commonjs|path=|D:\OHIF_MP\Viewers_v2\node_modules\moment\locale|request=|./lo.js from pack: Error: Cannot find module 'D:\OHIF_MP\Viewers_v2\node_modules\mini-css-extract-plugin\dist\CssDependency'
@ohif/app: <w> Require stack:
@ohif/app: <w> - D:\OHIF_MP\Viewers_v2\node_modules\webpack\lib\serialization\ObjectMiddleware.js
@ohif/app: <w> - D:\OHIF_MP\Viewers_v2\node_modules\webpack\lib\util\serialization.js
@ohif/app: <w> - D:\OHIF_MP\Viewers_v2\node_modules\webpack\lib\util\makeSerializable.js
@ohif/app: <w> - D:\OHIF_MP\Viewers_v2\node_modules\webpack\lib\dependencies\EntryDependency.js
@ohif/app: <w> - D:\OHIF_MP\Viewers_v2\node_modules\webpack\lib\EntryPlugin.js
@ohif/app: <w> - D:\OHIF_MP\Viewers_v2\node_modules\webpack\lib\index.js
@ohif/app: <w> - D:\OHIF_MP\Viewers_v2\node_modules\webpack-cli\lib\webpack-cli.js
@ohif/app: <w> - D:\OHIF_MP\Viewers_v2\node_modules\webpack-cli\lib\bootstrap.js
@ohif/app: <w> - D:\OHIF_MP\Viewers_v2\node_modules\webpack-cli\bin\cli.js
@ohif/app: <w> - D:\OHIF_MP\Viewers_v2\node_modules\webpack\bin\webpack.js
@ohif/app: <w> (during deserialization of Array)
@ohif/app: <w> (during deserialization of webpack/lib/NormalModule)
@ohif/app: <w> (during deserialization of Map)
@ohif/app: <w> (during deserialization of webpack/lib/cache/PackFileCacheStrategy PackContentItems)
@ohif/app: <w> [webpack.cache.PackFileCacheStrategy] Restoring failed for ResolverCachePlugin|normal|default|dependencyType=|commonjs|path=|D:\OHIF_MP\Viewers_v2\node_modules\moment\locale|request=|./lt from pack: Error: Cannot find module 'D:\OHIF_MP\Viewers_v2\node_modules\mini-css-extract-plugin\dist\CssDependency'
@ohif/app: <w> Require stack:
@ohif/app: <w> - D:\OHIF_MP\Viewers_v2\node_modules\webpack\lib\serialization\ObjectMiddleware.js
@ohif/app: <w> - D:\OHIF_MP\Viewers_v2\node_modules\webpack\lib\util\serialization.js
@ohif/app: <w> - D:\OHIF_MP\Viewers_v2\node_modules\webpack\lib\util\makeSerializable.js
@ohif/app: <w> - D:\OHIF_MP\Viewers_v2\node_modules\webpack\lib\dependencies\EntryDependency.js
@ohif/app: <w> - D:\OHIF_MP\Viewers_v2\node_modules\webpack\lib\EntryPlugin.js
@ohif/app: <w> - D:\OHIF_MP\Viewers_v2\node_modules\webpack\lib\index.js
@ohif/app: <w> - D:\OHIF_MP\Viewers_v2\node_modules\webpack-cli\lib\webpack-cli.js
@ohif/app: <w> - D:\OHIF_MP\Viewers_v2\node_modules\webpack-cli\lib\bootstrap.js
@ohif/app: <w> - D:\OHIF_MP\Viewers_v2\node_modules\webpack-cli\bin\cli.js
@ohif/app: <w> - D:\OHIF_MP\Viewers_v2\node_modules\webpack\bin\webpack.js
@ohif/app: <w> (during deserialization of Array)
@ohif/app: <w> (during deserialization of webpack/lib/NormalModule)
@ohif/app: <w> (during deserialization of Map)
@ohif/app: <w> (during deserialization of webpack/lib/cache/PackFileCacheStrategy PackContentItems)
@ohif/app: <w> [webpack.cache.PackFileCacheStrategy] Restoring failed for ResolverCachePlugin|normal|default|dependencyType=|commonjs|path=|D:\OHIF_MP\Viewers_v2\node_modules\moment\locale|request=|./lt.js from pack: Error: Cannot find module 'D:\OHIF_MP\Viewers_v2\node_modules\mini-css-extract-plugin\dist\CssDependency'
@ohif/app: <w> Require stack:
@ohif/app: <w> - D:\OHIF_MP\Viewers_v2\node_modules\webpack\lib\serialization\ObjectMiddleware.js
@ohif/app: <w> - D:\OHIF_MP\Viewers_v2\node_modules\webpack\lib\util\serialization.js
@ohif/app: <w> - D:\OHIF_MP\Viewers_v2\node_modules\webpack\lib\util\makeSerializable.js
@ohif/app: <w> - D:\OHIF_MP\Viewers_v2\node_modules\webpack\lib\dependencies\EntryDependency.js
@ohif/app: <w> - D:\OHIF_MP\Viewers_v2\node_modules\webpack\lib\EntryPlugin.js
@ohif/app: <w> - D:\OHIF_MP\Viewers_v2\node_modules\webpack\lib\index.js
@ohif/app: <w> - D:\OHIF_MP\Viewers_v2\node_modules\webpack-cli\lib\webpack-cli.js
@ohif/app: <w> - D:\OHIF_MP\Viewers_v2\node_modules\webpack-cli\lib\bootstrap.js
@ohif/app: <w> - D:\OHIF_MP\Viewers_v2\node_modules\webpack-cli\bin\cli.js
@ohif/app: <w> - D:\OHIF_MP\Viewers_v2\node_modules\webpack\bin\webpack.js
@ohif/app: <w> (during deserialization of Array)
@ohif/app: <w> (during deserialization of webpack/lib/NormalModule)
@ohif/app: <w> (during deserialization of Map)
@ohif/app: <w> (during deserialization of webpack/lib/cache/PackFileCacheStrategy PackContentItems)
@ohif/app: <w> [webpack.cache.PackFileCacheStrategy] Restoring failed for ResolverCachePlugin|normal|default|dependencyType=|commonjs|path=|D:\OHIF_MP\Viewers_v2\node_modules\moment\locale|request=|./lv from pack: Error: Cannot find module 'D:\OHIF_MP\Viewers_v2\node_modules\mini-css-extract-plugin\dist\CssDependency'
@ohif/app: <w> Require stack:
@ohif/app: <w> - D:\OHIF_MP\Viewers_v2\node_modules\webpack\lib\serialization\ObjectMiddleware.js
@ohif/app: <w> - D:\OHIF_MP\Viewers_v2\node_modules\webpack\lib\util\serialization.js
@ohif/app: <w> - D:\OHIF_MP\Viewers_v2\node_modules\webpack\lib\util\makeSerializable.js
@ohif/app: <w> - D:\OHIF_MP\Viewers_v2\node_modules\webpack\lib\dependencies\EntryDependency.js
@ohif/app: <w> - D:\OHIF_MP\Viewers_v2\node_modules\webpack\lib\EntryPlugin.js
@ohif/app: <w> - D:\OHIF_MP\Viewers_v2\node_modules\webpack\lib\index.js
@ohif/app: <w> - D:\OHIF_MP\Viewers_v2\node_modules\webpack-cli\lib\webpack-cli.js
@ohif/app: <w> - D:\OHIF_MP\Viewers_v2\node_modules\webpack-cli\lib\bootstrap.js
@ohif/app: <w> - D:\OHIF_MP\Viewers_v2\node_modules\webpack-cli\bin\cli.js
@ohif/app: <w> - D:\OHIF_MP\Viewers_v2\node_modules\webpack\bin\webpack.js
@ohif/app: <w> (during deserialization of Array)
@ohif/app: <w> (during deserialization of webpack/lib/NormalModule)
@ohif/app: <w> (during deserialization of Map)
@ohif/app: <w> (during deserialization of webpack/lib/cache/PackFileCacheStrategy PackContentItems)
@ohif/app: <w> [webpack.cache.PackFileCacheStrategy] Restoring failed for ResolverCachePlugin|normal|default|dependencyType=|commonjs|path=|D:\OHIF_MP\Viewers_v2\node_modules\moment\locale|request=|./lv.js from pack: Error: Cannot find module 'D:\OHIF_MP\Viewers_v2\node_modules\mini-css-extract-plugin\dist\CssDependency'
@ohif/app: <w> Require stack:
@ohif/app: <w> - D:\OHIF_MP\Viewers_v2\node_modules\webpack\lib\serialization\ObjectMiddleware.js
@ohif/app: <w> - D:\OHIF_MP\Viewers_v2\node_modules\webpack\lib\util\serialization.js
@ohif/app: <w> - D:\OHIF_MP\Viewers_v2\node_modules\webpack\lib\util\makeSerializable.js
@ohif/app: <w> - D:\OHIF_MP\Viewers_v2\node_modules\webpack\lib\dependencies\EntryDependency.js
@ohif/app: <w> - D:\OHIF_MP\Viewers_v2\node_modules\webpack\lib\EntryPlugin.js
@ohif/app: <w> - D:\OHIF_MP\Viewers_v2\node_modules\webpack\lib\index.js
@ohif/app: <w> - D:\OHIF_MP\Viewers_v2\node_modules\webpack-cli\lib\webpack-cli.js
@ohif/app: <w> - D:\OHIF_MP\Viewers_v2\node_modules\webpack-cli\lib\bootstrap.js
@ohif/app: <w> - D:\OHIF_MP\Viewers_v2\node_modules\webpack-cli\bin\cli.js
@ohif/app: <w> - D:\OHIF_MP\Viewers_v2\node_modules\webpack\bin\webpack.js
@ohif/app: <w> (during deserialization of Array)
@ohif/app: <w> (during deserialization of webpack/lib/NormalModule)
@ohif/app: <w> (during deserialization of Map)
@ohif/app: <w> (during deserialization of webpack/lib/cache/PackFileCacheStrategy PackContentItems)
@ohif/app: <w> [webpack.cache.PackFileCacheStrategy] Restoring failed for ResolverCachePlugin|normal|default|dependencyType=|commonjs|path=|D:\OHIF_MP\Viewers_v2\node_modules\moment\locale|request=|./me from pack: Error: Cannot find module 'D:\OHIF_MP\Viewers_v2\node_modules\mini-css-extract-plugin\dist\CssDependency'
@ohif/app: <w> Require stack:
@ohif/app: <w> - D:\OHIF_MP\Viewers_v2\node_modules\webpack\lib\serialization\ObjectMiddleware.js
@ohif/app: <w> - D:\OHIF_MP\Viewers_v2\node_modules\webpack\lib\util\serialization.js
@ohif/app: <w> - D:\OHIF_MP\Viewers_v2\node_modules\webpack\lib\util\makeSerializable.js
@ohif/app: <w> - D:\OHIF_MP\Viewers_v2\node_modules\webpack\lib\dependencies\EntryDependency.js
@ohif/app: <w> - D:\OHIF_MP\Viewers_v2\node_modules\webpack\lib\EntryPlugin.js
@ohif/app: <w> - D:\OHIF_MP\Viewers_v2\node_modules\webpack\lib\index.js
@ohif/app: <w> - D:\OHIF_MP\Viewers_v2\node_modules\webpack-cli\lib\webpack-cli.js
@ohif/app: <w> - D:\OHIF_MP\Viewers_v2\node_modules\webpack-cli\lib\bootstrap.js
@ohif/app: <w> - D:\OHIF_MP\Viewers_v2\node_modules\webpack-cli\bin\cli.js
@ohif/app: <w> - D:\OHIF_MP\Viewers_v2\node_modules\webpack\bin\webpack.js
@ohif/app: <w> (during deserialization of Array)
@ohif/app: <w> (during deserialization of webpack/lib/NormalModule)
@ohif/app: <w> (during deserialization of Map)
@ohif/app: <w> (during deserialization of webpack/lib/cache/PackFileCacheStrategy PackContentItems)
@ohif/app: <w> [webpack.cache.PackFileCacheStrategy] Restoring failed for ResolverCachePlugin|normal|default|dependencyType=|commonjs|path=|D:\OHIF_MP\Viewers_v2\node_modules\moment\locale|request=|./me.js from pack: Error: Cannot find module 'D:\OHIF_MP\Viewers_v2\node_modules\mini-css-extract-plugin\dist\CssDependency'
@ohif/app: <w> Require stack:
@ohif/app: <w> - D:\OHIF_MP\Viewers_v2\node_modules\webpack\lib\serialization\ObjectMiddleware.js
@ohif/app: <w> - D:\OHIF_MP\Viewers_v2\node_modules\webpack\lib\util\serialization.js
@ohif/app: <w> - D:\OHIF_MP\Viewers_v2\node_modules\webpack\lib\util\makeSerializable.js
@ohif/app: <w> - D:\OHIF_MP\Viewers_v2\node_modules\webpack\lib\dependencies\EntryDependency.js
@ohif/app: <w> - D:\OHIF_MP\Viewers_v2\node_modules\webpack\lib\EntryPlugin.js
@ohif/app: <w> - D:\OHIF_MP\Viewers_v2\node_modules\webpack\lib\index.js
@ohif/app: <w> - D:\OHIF_MP\Viewers_v2\node_modules\webpack-cli\lib\webpack-cli.js
@ohif/app: <w> - D:\OHIF_MP\Viewers_v2\node_modules\webpack-cli\lib\bootstrap.js
@ohif/app: <w> - D:\OHIF_MP\Viewers_v2\node_modules\webpack-cli\bin\cli.js
@ohif/app: <w> - D:\OHIF_MP\Viewers_v2\node_modules\webpack\bin\webpack.js
@ohif/app: <w> (during deserialization of Array)
@ohif/app: <w> (during deserialization of webpack/lib/NormalModule)
@ohif/app: <w> (during deserialization of Map)
@ohif/app: <w> (during deserialization of webpack/lib/cache/PackFileCacheStrategy PackContentItems)
@ohif/app: <w> [webpack.cache.PackFileCacheStrategy] Restoring failed for ResolverCachePlugin|normal|default|dependencyType=|commonjs|path=|D:\OHIF_MP\Viewers_v2\node_modules\moment\locale|request=|./mi from pack: Error: Cannot find module 'D:\OHIF_MP\Viewers_v2\node_modules\mini-css-extract-plugin\dist\CssDependency'
@ohif/app: <w> Require stack:
@ohif/app: <w> - D:\OHIF_MP\Viewers_v2\node_modules\webpack\lib\serialization\ObjectMiddleware.js
@ohif/app: <w> - D:\OHIF_MP\Viewers_v2\node_modules\webpack\lib\util\serialization.js
@ohif/app: <w> - D:\OHIF_MP\Viewers_v2\node_modules\webpack\lib\util\makeSerializable.js
@ohif/app: <w> - D:\OHIF_MP\Viewers_v2\node_modules\webpack\lib\dependencies\EntryDependency.js
@ohif/app: <w> - D:\OHIF_MP\Viewers_v2\node_modules\webpack\lib\EntryPlugin.js
@ohif/app: <w> - D:\OHIF_MP\Viewers_v2\node_modules\webpack\lib\index.js
@ohif/app: <w> - D:\OHIF_MP\Viewers_v2\node_modules\webpack-cli\lib\webpack-cli.js
@ohif/app: <w> - D:\OHIF_MP\Viewers_v2\node_modules\webpack-cli\lib\bootstrap.js
@ohif/app: <w> - D:\OHIF_MP\Viewers_v2\node_modules\webpack-cli\bin\cli.js
@ohif/app: <w> - D:\OHIF_MP\Viewers_v2\node_modules\webpack\bin\webpack.js
@ohif/app: <w> (during deserialization of Array)
@ohif/app: <w> (during deserialization of webpack/lib/NormalModule)
@ohif/app: <w> (during deserialization of Map)
@ohif/app: <w> (during deserialization of webpack/lib/cache/PackFileCacheStrategy PackContentItems)
@ohif/app: <w> [webpack.cache.PackFileCacheStrategy] Restoring failed for ResolverCachePlugin|normal|default|dependencyType=|commonjs|path=|D:\OHIF_MP\Viewers_v2\node_modules\moment\locale|request=|./mi.js from pack: Error: Cannot find module 'D:\OHIF_MP\Viewers_v2\node_modules\mini-css-extract-plugin\dist\CssDependency'
@ohif/app: <w> Require stack:
@ohif/app: <w> - D:\OHIF_MP\Viewers_v2\node_modules\webpack\lib\serialization\ObjectMiddleware.js
@ohif/app: <w> - D:\OHIF_MP\Viewers_v2\node_modules\webpack\lib\util\serialization.js
@ohif/app: <w> - D:\OHIF_MP\Viewers_v2\node_modules\webpack\lib\util\makeSerializable.js
@ohif/app: <w> - D:\OHIF_MP\Viewers_v2\node_modules\webpack\lib\dependencies\EntryDependency.js
@ohif/app: <w> - D:\OHIF_MP\Viewers_v2\node_modules\webpack\lib\EntryPlugin.js
@ohif/app: <w> - D:\OHIF_MP\Viewers_v2\node_modules\webpack\lib\index.js
@ohif/app: <w> - D:\OHIF_MP\Viewers_v2\node_modules\webpack-cli\lib\webpack-cli.js
@ohif/app: <w> - D:\OHIF_MP\Viewers_v2\node_modules\webpack-cli\lib\bootstrap.js
@ohif/app: <w> - D:\OHIF_MP\Viewers_v2\node_modules\webpack-cli\bin\cli.js
@ohif/app: <w> - D:\OHIF_MP\Viewers_v2\node_modules\webpack\bin\webpack.js
@ohif/app: <w> (during deserialization of Array)
@ohif/app: <w> (during deserialization of webpack/lib/NormalModule)
@ohif/app: <w> (during deserialization of Map)
@ohif/app: <w> (during deserialization of webpack/lib/cache/PackFileCacheStrategy PackContentItems)
@ohif/app: <w> [webpack.cache.PackFileCacheStrategy] Restoring failed for ResolverCachePlugin|normal|default|dependencyType=|commonjs|path=|D:\OHIF_MP\Viewers_v2\node_modules\moment\locale|request=|./mk from pack: Error: Cannot find module 'D:\OHIF_MP\Viewers_v2\node_modules\mini-css-extract-plugin\dist\CssDependency'
@ohif/app: <w> Require stack:
@ohif/app: <w> - D:\OHIF_MP\Viewers_v2\node_modules\webpack\lib\serialization\ObjectMiddleware.js
@ohif/app: <w> - D:\OHIF_MP\Viewers_v2\node_modules\webpack\lib\util\serialization.js
@ohif/app: <w> - D:\OHIF_MP\Viewers_v2\node_modules\webpack\lib\util\makeSerializable.js
@ohif/app: <w> - D:\OHIF_MP\Viewers_v2\node_modules\webpack\lib\dependencies\EntryDependency.js
@ohif/app: <w> - D:\OHIF_MP\Viewers_v2\node_modules\webpack\lib\EntryPlugin.js
@ohif/app: <w> - D:\OHIF_MP\Viewers_v2\node_modules\webpack\lib\index.js
@ohif/app: <w> - D:\OHIF_MP\Viewers_v2\node_modules\webpack-cli\lib\webpack-cli.js
@ohif/app: <w> - D:\OHIF_MP\Viewers_v2\node_modules\webpack-cli\lib\bootstrap.js
@ohif/app: <w> - D:\OHIF_MP\Viewers_v2\node_modules\webpack-cli\bin\cli.js
@ohif/app: <w> - D:\OHIF_MP\Viewers_v2\node_modules\webpack\bin\webpack.js
@ohif/app: <w> (during deserialization of Array)
@ohif/app: <w> (during deserialization of webpack/lib/NormalModule)
@ohif/app: <w> (during deserialization of Map)
@ohif/app: <w> (during deserialization of webpack/lib/cache/PackFileCacheStrategy PackContentItems)
@ohif/app: <w> [webpack.cache.PackFileCacheStrategy] Restoring failed for ResolverCachePlugin|normal|default|dependencyType=|commonjs|path=|D:\OHIF_MP\Viewers_v2\node_modules\moment\locale|request=|./mk.js from pack: Error: Cannot find module 'D:\OHIF_MP\Viewers_v2\node_modules\mini-css-extract-plugin\dist\CssDependency'
@ohif/app: <w> Require stack:
@ohif/app: <w> - D:\OHIF_MP\Viewers_v2\node_modules\webpack\lib\serialization\ObjectMiddleware.js
@ohif/app: <w> - D:\OHIF_MP\Viewers_v2\node_modules\webpack\lib\util\serialization.js
@ohif/app: <w> - D:\OHIF_MP\Viewers_v2\node_modules\webpack\lib\util\makeSerializable.js
@ohif/app: <w> - D:\OHIF_MP\Viewers_v2\node_modules\webpack\lib\dependencies\EntryDependency.js
@ohif/app: <w> - D:\OHIF_MP\Viewers_v2\node_modules\webpack\lib\EntryPlugin.js
@ohif/app: <w> - D:\OHIF_MP\Viewers_v2\node_modules\webpack\lib\index.js
@ohif/app: <w> - D:\OHIF_MP\Viewers_v2\node_modules\webpack-cli\lib\webpack-cli.js
@ohif/app: <w> - D:\OHIF_MP\Viewers_v2\node_modules\webpack-cli\lib\bootstrap.js
@ohif/app: <w> - D:\OHIF_MP\Viewers_v2\node_modules\webpack-cli\bin\cli.js
@ohif/app: <w> - D:\OHIF_MP\Viewers_v2\node_modules\webpack\bin\webpack.js
@ohif/app: <w> (during deserialization of Array)
@ohif/app: <w> (during deserialization of webpack/lib/NormalModule)
@ohif/app: <w> (during deserialization of Map)
@ohif/app: <w> (during deserialization of webpack/lib/cache/PackFileCacheStrategy PackContentItems)
@ohif/app: <w> [webpack.cache.PackFileCacheStrategy] Restoring failed for ResolverCachePlugin|normal|default|dependencyType=|commonjs|path=|D:\OHIF_MP\Viewers_v2\node_modules\moment\locale|request=|./ml from pack: Error: Cannot find module 'D:\OHIF_MP\Viewers_v2\node_modules\mini-css-extract-plugin\dist\CssDependency'
@ohif/app: <w> Require stack:
@ohif/app: <w> - D:\OHIF_MP\Viewers_v2\node_modules\webpack\lib\serialization\ObjectMiddleware.js
@ohif/app: <w> - D:\OHIF_MP\Viewers_v2\node_modules\webpack\lib\util\serialization.js
@ohif/app: <w> - D:\OHIF_MP\Viewers_v2\node_modules\webpack\lib\util\makeSerializable.js
@ohif/app: <w> - D:\OHIF_MP\Viewers_v2\node_modules\webpack\lib\dependencies\EntryDependency.js
@ohif/app: <w> - D:\OHIF_MP\Viewers_v2\node_modules\webpack\lib\EntryPlugin.js
@ohif/app: <w> - D:\OHIF_MP\Viewers_v2\node_modules\webpack\lib\index.js
@ohif/app: <w> - D:\OHIF_MP\Viewers_v2\node_modules\webpack-cli\lib\webpack-cli.js
@ohif/app: <w> - D:\OHIF_MP\Viewers_v2\node_modules\webpack-cli\lib\bootstrap.js
@ohif/app: <w> - D:\OHIF_MP\Viewers_v2\node_modules\webpack-cli\bin\cli.js
@ohif/app: <w> - D:\OHIF_MP\Viewers_v2\node_modules\webpack\bin\webpack.js
@ohif/app: <w> (during deserialization of Array)
@ohif/app: <w> (during deserialization of webpack/lib/NormalModule)
@ohif/app: <w> (during deserialization of Map)
@ohif/app: <w> (during deserialization of webpack/lib/cache/PackFileCacheStrategy PackContentItems)
@ohif/app: <w> [webpack.cache.PackFileCacheStrategy] Restoring failed for ResolverCachePlugin|normal|default|dependencyType=|commonjs|path=|D:\OHIF_MP\Viewers_v2\node_modules\moment\locale|request=|./ml.js from pack: Error: Cannot find module 'D:\OHIF_MP\Viewers_v2\node_modules\mini-css-extract-plugin\dist\CssDependency'
@ohif/app: <w> Require stack:
@ohif/app: <w> - D:\OHIF_MP\Viewers_v2\node_modules\webpack\lib\serialization\ObjectMiddleware.js
@ohif/app: <w> - D:\OHIF_MP\Viewers_v2\node_modules\webpack\lib\util\serialization.js
@ohif/app: <w> - D:\OHIF_MP\Viewers_v2\node_modules\webpack\lib\util\makeSerializable.js
@ohif/app: <w> - D:\OHIF_MP\Viewers_v2\node_modules\webpack\lib\dependencies\EntryDependency.js
@ohif/app: <w> - D:\OHIF_MP\Viewers_v2\node_modules\webpack\lib\EntryPlugin.js
@ohif/app: <w> - D:\OHIF_MP\Viewers_v2\node_modules\webpack\lib\index.js
@ohif/app: <w> - D:\OHIF_MP\Viewers_v2\node_modules\webpack-cli\lib\webpack-cli.js
@ohif/app: <w> - D:\OHIF_MP\Viewers_v2\node_modules\webpack-cli\lib\bootstrap.js
@ohif/app: <w> - D:\OHIF_MP\Viewers_v2\node_modules\webpack-cli\bin\cli.js
@ohif/app: <w> - D:\OHIF_MP\Viewers_v2\node_modules\webpack\bin\webpack.js
@ohif/app: <w> (during deserialization of Array)
@ohif/app: <w> (during deserialization of webpack/lib/NormalModule)
@ohif/app: <w> (during deserialization of Map)
@ohif/app: <w> (during deserialization of webpack/lib/cache/PackFileCacheStrategy PackContentItems)
@ohif/app: <w> [webpack.cache.PackFileCacheStrategy] Restoring failed for ResolverCachePlugin|normal|default|dependencyType=|commonjs|path=|D:\OHIF_MP\Viewers_v2\node_modules\moment\locale|request=|./mn from pack: Error: Cannot find module 'D:\OHIF_MP\Viewers_v2\node_modules\mini-css-extract-plugin\dist\CssDependency'
@ohif/app: <w> Require stack:
@ohif/app: <w> - D:\OHIF_MP\Viewers_v2\node_modules\webpack\lib\serialization\ObjectMiddleware.js
@ohif/app: <w> - D:\OHIF_MP\Viewers_v2\node_modules\webpack\lib\util\serialization.js
@ohif/app: <w> - D:\OHIF_MP\Viewers_v2\node_modules\webpack\lib\util\makeSerializable.js
@ohif/app: <w> - D:\OHIF_MP\Viewers_v2\node_modules\webpack\lib\dependencies\EntryDependency.js
@ohif/app: <w> - D:\OHIF_MP\Viewers_v2\node_modules\webpack\lib\EntryPlugin.js
@ohif/app: <w> - D:\OHIF_MP\Viewers_v2\node_modules\webpack\lib\index.js
@ohif/app: <w> - D:\OHIF_MP\Viewers_v2\node_modules\webpack-cli\lib\webpack-cli.js
@ohif/app: <w> - D:\OHIF_MP\Viewers_v2\node_modules\webpack-cli\lib\bootstrap.js
@ohif/app: <w> - D:\OHIF_MP\Viewers_v2\node_modules\webpack-cli\bin\cli.js
@ohif/app: <w> - D:\OHIF_MP\Viewers_v2\node_modules\webpack\bin\webpack.js
@ohif/app: <w> (during deserialization of Array)
@ohif/app: <w> (during deserialization of webpack/lib/NormalModule)
@ohif/app: <w> (during deserialization of Map)
@ohif/app: <w> (during deserialization of webpack/lib/cache/PackFileCacheStrategy PackContentItems)
@ohif/app: <w> [webpack.cache.PackFileCacheStrategy] Restoring failed for ResolverCachePlugin|normal|default|dependencyType=|commonjs|path=|D:\OHIF_MP\Viewers_v2\node_modules\moment\locale|request=|./mn.js from pack: Error: Cannot find module 'D:\OHIF_MP\Viewers_v2\node_modules\mini-css-extract-plugin\dist\CssDependency'
@ohif/app: <w> Require stack:
@ohif/app: <w> - D:\OHIF_MP\Viewers_v2\node_modules\webpack\lib\serialization\ObjectMiddleware.js
@ohif/app: <w> - D:\OHIF_MP\Viewers_v2\node_modules\webpack\lib\util\serialization.js
@ohif/app: <w> - D:\OHIF_MP\Viewers_v2\node_modules\webpack\lib\util\makeSerializable.js
@ohif/app: <w> - D:\OHIF_MP\Viewers_v2\node_modules\webpack\lib\dependencies\EntryDependency.js
@ohif/app: <w> - D:\OHIF_MP\Viewers_v2\node_modules\webpack\lib\EntryPlugin.js
@ohif/app: <w> - D:\OHIF_MP\Viewers_v2\node_modules\webpack\lib\index.js
@ohif/app: <w> - D:\OHIF_MP\Viewers_v2\node_modules\webpack-cli\lib\webpack-cli.js
@ohif/app: <w> - D:\OHIF_MP\Viewers_v2\node_modules\webpack-cli\lib\bootstrap.js
@ohif/app: <w> - D:\OHIF_MP\Viewers_v2\node_modules\webpack-cli\bin\cli.js
@ohif/app: <w> - D:\OHIF_MP\Viewers_v2\node_modules\webpack\bin\webpack.js
@ohif/app: <w> (during deserialization of Array)
@ohif/app: <w> (during deserialization of webpack/lib/NormalModule)
@ohif/app: <w> (during deserialization of Map)
@ohif/app: <w> (during deserialization of webpack/lib/cache/PackFileCacheStrategy PackContentItems)
@ohif/app: <w> [webpack.cache.PackFileCacheStrategy] Restoring failed for ResolverCachePlugin|normal|default|dependencyType=|commonjs|path=|D:\OHIF_MP\Viewers_v2\node_modules\moment\locale|request=|./mr from pack: Error: Cannot find module 'D:\OHIF_MP\Viewers_v2\node_modules\mini-css-extract-plugin\dist\CssDependency'
@ohif/app: <w> Require stack:
@ohif/app: <w> - D:\OHIF_MP\Viewers_v2\node_modules\webpack\lib\serialization\ObjectMiddleware.js
@ohif/app: <w> - D:\OHIF_MP\Viewers_v2\node_modules\webpack\lib\util\serialization.js
@ohif/app: <w> - D:\OHIF_MP\Viewers_v2\node_modules\webpack\lib\util\makeSerializable.js
@ohif/app: <w> - D:\OHIF_MP\Viewers_v2\node_modules\webpack\lib\dependencies\EntryDependency.js
@ohif/app: <w> - D:\OHIF_MP\Viewers_v2\node_modules\webpack\lib\EntryPlugin.js
@ohif/app: <w> - D:\OHIF_MP\Viewers_v2\node_modules\webpack\lib\index.js
@ohif/app: <w> - D:\OHIF_MP\Viewers_v2\node_modules\webpack-cli\lib\webpack-cli.js
@ohif/app: <w> - D:\OHIF_MP\Viewers_v2\node_modules\webpack-cli\lib\bootstrap.js
@ohif/app: <w> - D:\OHIF_MP\Viewers_v2\node_modules\webpack-cli\bin\cli.js
@ohif/app: <w> - D:\OHIF_MP\Viewers_v2\node_modules\webpack\bin\webpack.js
@ohif/app: <w> (during deserialization of Array)
@ohif/app: <w> (during deserialization of webpack/lib/NormalModule)
@ohif/app: <w> (during deserialization of Map)
@ohif/app: <w> (during deserialization of webpack/lib/cache/PackFileCacheStrategy PackContentItems)
@ohif/app: <w> [webpack.cache.PackFileCacheStrategy] Restoring failed for ResolverCachePlugin|normal|default|dependencyType=|commonjs|path=|D:\OHIF_MP\Viewers_v2\node_modules\moment\locale|request=|./mr.js from pack: Error: Cannot find module 'D:\OHIF_MP\Viewers_v2\node_modules\mini-css-extract-plugin\dist\CssDependency'
@ohif/app: <w> Require stack:
@ohif/app: <w> - D:\OHIF_MP\Viewers_v2\node_modules\webpack\lib\serialization\ObjectMiddleware.js
@ohif/app: <w> - D:\OHIF_MP\Viewers_v2\node_modules\webpack\lib\util\serialization.js
@ohif/app: <w> - D:\OHIF_MP\Viewers_v2\node_modules\webpack\lib\util\makeSerializable.js
@ohif/app: <w> - D:\OHIF_MP\Viewers_v2\node_modules\webpack\lib\dependencies\EntryDependency.js
@ohif/app: <w> - D:\OHIF_MP\Viewers_v2\node_modules\webpack\lib\EntryPlugin.js
@ohif/app: <w> - D:\OHIF_MP\Viewers_v2\node_modules\webpack\lib\index.js
@ohif/app: <w> - D:\OHIF_MP\Viewers_v2\node_modules\webpack-cli\lib\webpack-cli.js
@ohif/app: <w> - D:\OHIF_MP\Viewers_v2\node_modules\webpack-cli\lib\bootstrap.js
@ohif/app: <w> - D:\OHIF_MP\Viewers_v2\node_modules\webpack-cli\bin\cli.js
@ohif/app: <w> - D:\OHIF_MP\Viewers_v2\node_modules\webpack\bin\webpack.js
@ohif/app: <w> (during deserialization of Array)
@ohif/app: <w> (during deserialization of webpack/lib/NormalModule)
@ohif/app: <w> (during deserialization of Map)
@ohif/app: <w> (during deserialization of webpack/lib/cache/PackFileCacheStrategy PackContentItems)
@ohif/app: <w> [webpack.cache.PackFileCacheStrategy] Restoring failed for ResolverCachePlugin|normal|default|dependencyType=|commonjs|path=|D:\OHIF_MP\Viewers_v2\node_modules\moment\locale|request=|./ms from pack: Error: Cannot find module 'D:\OHIF_MP\Viewers_v2\node_modules\mini-css-extract-plugin\dist\CssDependency'
@ohif/app: <w> Require stack:
@ohif/app: <w> - D:\OHIF_MP\Viewers_v2\node_modules\webpack\lib\serialization\ObjectMiddleware.js
@ohif/app: <w> - D:\OHIF_MP\Viewers_v2\node_modules\webpack\lib\util\serialization.js
@ohif/app: <w> - D:\OHIF_MP\Viewers_v2\node_modules\webpack\lib\util\makeSerializable.js
@ohif/app: <w> - D:\OHIF_MP\Viewers_v2\node_modules\webpack\lib\dependencies\EntryDependency.js
@ohif/app: <w> - D:\OHIF_MP\Viewers_v2\node_modules\webpack\lib\EntryPlugin.js
@ohif/app: <w> - D:\OHIF_MP\Viewers_v2\node_modules\webpack\lib\index.js
@ohif/app: <w> - D:\OHIF_MP\Viewers_v2\node_modules\webpack-cli\lib\webpack-cli.js
@ohif/app: <w> - D:\OHIF_MP\Viewers_v2\node_modules\webpack-cli\lib\bootstrap.js
@ohif/app: <w> - D:\OHIF_MP\Viewers_v2\node_modules\webpack-cli\bin\cli.js
@ohif/app: <w> - D:\OHIF_MP\Viewers_v2\node_modules\webpack\bin\webpack.js
@ohif/app: <w> (during deserialization of Array)
@ohif/app: <w> (during deserialization of webpack/lib/NormalModule)
@ohif/app: <w> (during deserialization of Map)
@ohif/app: <w> (during deserialization of webpack/lib/cache/PackFileCacheStrategy PackContentItems)
@ohif/app: <w> [webpack.cache.PackFileCacheStrategy] Restoring failed for ResolverCachePlugin|normal|default|dependencyType=|commonjs|path=|D:\OHIF_MP\Viewers_v2\node_modules\moment\locale|request=|./ms-my from pack: Error: Cannot find module 'D:\OHIF_MP\Viewers_v2\node_modules\mini-css-extract-plugin\dist\CssDependency'
@ohif/app: <w> Require stack:
@ohif/app: <w> - D:\OHIF_MP\Viewers_v2\node_modules\webpack\lib\serialization\ObjectMiddleware.js
@ohif/app: <w> - D:\OHIF_MP\Viewers_v2\node_modules\webpack\lib\util\serialization.js
@ohif/app: <w> - D:\OHIF_MP\Viewers_v2\node_modules\webpack\lib\util\makeSerializable.js
@ohif/app: <w> - D:\OHIF_MP\Viewers_v2\node_modules\webpack\lib\dependencies\EntryDependency.js
@ohif/app: <w> - D:\OHIF_MP\Viewers_v2\node_modules\webpack\lib\EntryPlugin.js
@ohif/app: <w> - D:\OHIF_MP\Viewers_v2\node_modules\webpack\lib\index.js
@ohif/app: <w> - D:\OHIF_MP\Viewers_v2\node_modules\webpack-cli\lib\webpack-cli.js
@ohif/app: <w> - D:\OHIF_MP\Viewers_v2\node_modules\webpack-cli\lib\bootstrap.js
@ohif/app: <w> - D:\OHIF_MP\Viewers_v2\node_modules\webpack-cli\bin\cli.js
@ohif/app: <w> - D:\OHIF_MP\Viewers_v2\node_modules\webpack\bin\webpack.js
@ohif/app: <w> (during deserialization of Array)
@ohif/app: <w> (during deserialization of webpack/lib/NormalModule)
@ohif/app: <w> (during deserialization of Map)
@ohif/app: <w> (during deserialization of webpack/lib/cache/PackFileCacheStrategy PackContentItems)
@ohif/app: <w> [webpack.cache.PackFileCacheStrategy] Restoring failed for ResolverCachePlugin|normal|default|dependencyType=|commonjs|path=|D:\OHIF_MP\Viewers_v2\node_modules\moment\locale|request=|./ms-my.js from pack: Error: Cannot find module 'D:\OHIF_MP\Viewers_v2\node_modules\mini-css-extract-plugin\dist\CssDependency'
@ohif/app: <w> Require stack:
@ohif/app: <w> - D:\OHIF_MP\Viewers_v2\node_modules\webpack\lib\serialization\ObjectMiddleware.js
@ohif/app: <w> - D:\OHIF_MP\Viewers_v2\node_modules\webpack\lib\util\serialization.js
@ohif/app: <w> - D:\OHIF_MP\Viewers_v2\node_modules\webpack\lib\util\makeSerializable.js
@ohif/app: <w> - D:\OHIF_MP\Viewers_v2\node_modules\webpack\lib\dependencies\EntryDependency.js
@ohif/app: <w> - D:\OHIF_MP\Viewers_v2\node_modules\webpack\lib\EntryPlugin.js
@ohif/app: <w> - D:\OHIF_MP\Viewers_v2\node_modules\webpack\lib\index.js
@ohif/app: <w> - D:\OHIF_MP\Viewers_v2\node_modules\webpack-cli\lib\webpack-cli.js
@ohif/app: <w> - D:\OHIF_MP\Viewers_v2\node_modules\webpack-cli\lib\bootstrap.js
@ohif/app: <w> - D:\OHIF_MP\Viewers_v2\node_modules\webpack-cli\bin\cli.js
@ohif/app: <w> - D:\OHIF_MP\Viewers_v2\node_modules\webpack\bin\webpack.js
@ohif/app: <w> (during deserialization of Array)
@ohif/app: <w> (during deserialization of webpack/lib/NormalModule)
@ohif/app: <w> (during deserialization of Map)
@ohif/app: <w> (during deserialization of webpack/lib/cache/PackFileCacheStrategy PackContentItems)
@ohif/app: <w> [webpack.cache.PackFileCacheStrategy] Restoring failed for ResolverCachePlugin|normal|default|dependencyType=|commonjs|path=|D:\OHIF_MP\Viewers_v2\node_modules\moment\locale|request=|./ms.js from pack: Error: Cannot find module 'D:\OHIF_MP\Viewers_v2\node_modules\mini-css-extract-plugin\dist\CssDependency'
@ohif/app: <w> Require stack:
@ohif/app: <w> - D:\OHIF_MP\Viewers_v2\node_modules\webpack\lib\serialization\ObjectMiddleware.js
@ohif/app: <w> - D:\OHIF_MP\Viewers_v2\node_modules\webpack\lib\util\serialization.js
@ohif/app: <w> - D:\OHIF_MP\Viewers_v2\node_modules\webpack\lib\util\makeSerializable.js
@ohif/app: <w> - D:\OHIF_MP\Viewers_v2\node_modules\webpack\lib\dependencies\EntryDependency.js
@ohif/app: <w> - D:\OHIF_MP\Viewers_v2\node_modules\webpack\lib\EntryPlugin.js
@ohif/app: <w> - D:\OHIF_MP\Viewers_v2\node_modules\webpack\lib\index.js
@ohif/app: <w> - D:\OHIF_MP\Viewers_v2\node_modules\webpack-cli\lib\webpack-cli.js
@ohif/app: <w> - D:\OHIF_MP\Viewers_v2\node_modules\webpack-cli\lib\bootstrap.js
@ohif/app: <w> - D:\OHIF_MP\Viewers_v2\node_modules\webpack-cli\bin\cli.js
@ohif/app: <w> - D:\OHIF_MP\Viewers_v2\node_modules\webpack\bin\webpack.js
@ohif/app: <w> (during deserialization of Array)
@ohif/app: <w> (during deserialization of webpack/lib/NormalModule)
@ohif/app: <w> (during deserialization of Map)
@ohif/app: <w> (during deserialization of webpack/lib/cache/PackFileCacheStrategy PackContentItems)
@ohif/app: <w> [webpack.cache.PackFileCacheStrategy] Restoring failed for ResolverCachePlugin|normal|default|dependencyType=|commonjs|path=|D:\OHIF_MP\Viewers_v2\node_modules\moment\locale|request=|./mt from pack: Error: Cannot find module 'D:\OHIF_MP\Viewers_v2\node_modules\mini-css-extract-plugin\dist\CssDependency'
@ohif/app: <w> Require stack:
@ohif/app: <w> - D:\OHIF_MP\Viewers_v2\node_modules\webpack\lib\serialization\ObjectMiddleware.js
@ohif/app: <w> - D:\OHIF_MP\Viewers_v2\node_modules\webpack\lib\util\serialization.js
@ohif/app: <w> - D:\OHIF_MP\Viewers_v2\node_modules\webpack\lib\util\makeSerializable.js
@ohif/app: <w> - D:\OHIF_MP\Viewers_v2\node_modules\webpack\lib\dependencies\EntryDependency.js
@ohif/app: <w> - D:\OHIF_MP\Viewers_v2\node_modules\webpack\lib\EntryPlugin.js
@ohif/app: <w> - D:\OHIF_MP\Viewers_v2\node_modules\webpack\lib\index.js
@ohif/app: <w> - D:\OHIF_MP\Viewers_v2\node_modules\webpack-cli\lib\webpack-cli.js
@ohif/app: <w> - D:\OHIF_MP\Viewers_v2\node_modules\webpack-cli\lib\bootstrap.js
@ohif/app: <w> - D:\OHIF_MP\Viewers_v2\node_modules\webpack-cli\bin\cli.js
@ohif/app: <w> - D:\OHIF_MP\Viewers_v2\node_modules\webpack\bin\webpack.js
@ohif/app: <w> (during deserialization of Array)
@ohif/app: <w> (during deserialization of webpack/lib/NormalModule)
@ohif/app: <w> (during deserialization of Map)
@ohif/app: <w> (during deserialization of webpack/lib/cache/PackFileCacheStrategy PackContentItems)
@ohif/app: <w> [webpack.cache.PackFileCacheStrategy] Restoring failed for ResolverCachePlugin|normal|default|dependencyType=|commonjs|path=|D:\OHIF_MP\Viewers_v2\node_modules\moment\locale|request=|./mt.js from pack: Error: Cannot find module 'D:\OHIF_MP\Viewers_v2\node_modules\mini-css-extract-plugin\dist\CssDependency'
@ohif/app: <w> Require stack:
@ohif/app: <w> - D:\OHIF_MP\Viewers_v2\node_modules\webpack\lib\serialization\ObjectMiddleware.js
@ohif/app: <w> - D:\OHIF_MP\Viewers_v2\node_modules\webpack\lib\util\serialization.js
@ohif/app: <w> - D:\OHIF_MP\Viewers_v2\node_modules\webpack\lib\util\makeSerializable.js
@ohif/app: <w> - D:\OHIF_MP\Viewers_v2\node_modules\webpack\lib\dependencies\EntryDependency.js
@ohif/app: <w> - D:\OHIF_MP\Viewers_v2\node_modules\webpack\lib\EntryPlugin.js
@ohif/app: <w> - D:\OHIF_MP\Viewers_v2\node_modules\webpack\lib\index.js
@ohif/app: <w> - D:\OHIF_MP\Viewers_v2\node_modules\webpack-cli\lib\webpack-cli.js
@ohif/app: <w> - D:\OHIF_MP\Viewers_v2\node_modules\webpack-cli\lib\bootstrap.js
@ohif/app: <w> - D:\OHIF_MP\Viewers_v2\node_modules\webpack-cli\bin\cli.js
@ohif/app: <w> - D:\OHIF_MP\Viewers_v2\node_modules\webpack\bin\webpack.js
@ohif/app: <w> (during deserialization of Array)
@ohif/app: <w> (during deserialization of webpack/lib/NormalModule)
@ohif/app: <w> (during deserialization of Map)
@ohif/app: <w> (during deserialization of webpack/lib/cache/PackFileCacheStrategy PackContentItems)
@ohif/app: <w> [webpack.cache.PackFileCacheStrategy] Restoring failed for ResolverCachePlugin|normal|default|dependencyType=|commonjs|path=|D:\OHIF_MP\Viewers_v2\node_modules\moment\locale|request=|./my from pack: Error: Cannot find module 'D:\OHIF_MP\Viewers_v2\node_modules\mini-css-extract-plugin\dist\CssDependency'
@ohif/app: <w> Require stack:
@ohif/app: <w> - D:\OHIF_MP\Viewers_v2\node_modules\webpack\lib\serialization\ObjectMiddleware.js
@ohif/app: <w> - D:\OHIF_MP\Viewers_v2\node_modules\webpack\lib\util\serialization.js
@ohif/app: <w> - D:\OHIF_MP\Viewers_v2\node_modules\webpack\lib\util\makeSerializable.js
@ohif/app: <w> - D:\OHIF_MP\Viewers_v2\node_modules\webpack\lib\dependencies\EntryDependency.js
@ohif/app: <w> - D:\OHIF_MP\Viewers_v2\node_modules\webpack\lib\EntryPlugin.js
@ohif/app: <w> - D:\OHIF_MP\Viewers_v2\node_modules\webpack\lib\index.js
@ohif/app: <w> - D:\OHIF_MP\Viewers_v2\node_modules\webpack-cli\lib\webpack-cli.js
@ohif/app: <w> - D:\OHIF_MP\Viewers_v2\node_modules\webpack-cli\lib\bootstrap.js
@ohif/app: <w> - D:\OHIF_MP\Viewers_v2\node_modules\webpack-cli\bin\cli.js
@ohif/app: <w> - D:\OHIF_MP\Viewers_v2\node_modules\webpack\bin\webpack.js
@ohif/app: <w> (during deserialization of Array)
@ohif/app: <w> (during deserialization of webpack/lib/NormalModule)
@ohif/app: <w> (during deserialization of Map)
@ohif/app: <w> (during deserialization of webpack/lib/cache/PackFileCacheStrategy PackContentItems)
@ohif/app: <w> [webpack.cache.PackFileCacheStrategy] Restoring failed for ResolverCachePlugin|normal|default|dependencyType=|commonjs|path=|D:\OHIF_MP\Viewers_v2\node_modules\moment\locale|request=|./my.js from pack: Error: Cannot find module 'D:\OHIF_MP\Viewers_v2\node_modules\mini-css-extract-plugin\dist\CssDependency'
@ohif/app: <w> Require stack:
@ohif/app: <w> - D:\OHIF_MP\Viewers_v2\node_modules\webpack\lib\serialization\ObjectMiddleware.js
@ohif/app: <w> - D:\OHIF_MP\Viewers_v2\node_modules\webpack\lib\util\serialization.js
@ohif/app: <w> - D:\OHIF_MP\Viewers_v2\node_modules\webpack\lib\util\makeSerializable.js
@ohif/app: <w> - D:\OHIF_MP\Viewers_v2\node_modules\webpack\lib\dependencies\EntryDependency.js
@ohif/app: <w> - D:\OHIF_MP\Viewers_v2\node_modules\webpack\lib\EntryPlugin.js
@ohif/app: <w> - D:\OHIF_MP\Viewers_v2\node_modules\webpack\lib\index.js
@ohif/app: <w> - D:\OHIF_MP\Viewers_v2\node_modules\webpack-cli\lib\webpack-cli.js
@ohif/app: <w> - D:\OHIF_MP\Viewers_v2\node_modules\webpack-cli\lib\bootstrap.js
@ohif/app: <w> - D:\OHIF_MP\Viewers_v2\node_modules\webpack-cli\bin\cli.js
@ohif/app: <w> - D:\OHIF_MP\Viewers_v2\node_modules\webpack\bin\webpack.js
@ohif/app: <w> (during deserialization of Array)
@ohif/app: <w> (during deserialization of webpack/lib/NormalModule)
@ohif/app: <w> (during deserialization of Map)
@ohif/app: <w> (during deserialization of webpack/lib/cache/PackFileCacheStrategy PackContentItems)
@ohif/app: <w> [webpack.cache.PackFileCacheStrategy] Restoring failed for ResolverCachePlugin|normal|default|dependencyType=|commonjs|path=|D:\OHIF_MP\Viewers_v2\node_modules\moment\locale|request=|./nb from pack: Error: Cannot find module 'D:\OHIF_MP\Viewers_v2\node_modules\mini-css-extract-plugin\dist\CssDependency'
@ohif/app: <w> Require stack:
@ohif/app: <w> - D:\OHIF_MP\Viewers_v2\node_modules\webpack\lib\serialization\ObjectMiddleware.js
@ohif/app: <w> - D:\OHIF_MP\Viewers_v2\node_modules\webpack\lib\util\serialization.js
@ohif/app: <w> - D:\OHIF_MP\Viewers_v2\node_modules\webpack\lib\util\makeSerializable.js
@ohif/app: <w> - D:\OHIF_MP\Viewers_v2\node_modules\webpack\lib\dependencies\EntryDependency.js
@ohif/app: <w> - D:\OHIF_MP\Viewers_v2\node_modules\webpack\lib\EntryPlugin.js
@ohif/app: <w> - D:\OHIF_MP\Viewers_v2\node_modules\webpack\lib\index.js
@ohif/app: <w> - D:\OHIF_MP\Viewers_v2\node_modules\webpack-cli\lib\webpack-cli.js
@ohif/app: <w> - D:\OHIF_MP\Viewers_v2\node_modules\webpack-cli\lib\bootstrap.js
@ohif/app: <w> - D:\OHIF_MP\Viewers_v2\node_modules\webpack-cli\bin\cli.js
@ohif/app: <w> - D:\OHIF_MP\Viewers_v2\node_modules\webpack\bin\webpack.js
@ohif/app: <w> (during deserialization of Array)
@ohif/app: <w> (during deserialization of webpack/lib/NormalModule)
@ohif/app: <w> (during deserialization of Map)
@ohif/app: <w> (during deserialization of webpack/lib/cache/PackFileCacheStrategy PackContentItems)
@ohif/app: <w> [webpack.cache.PackFileCacheStrategy] Restoring failed for ResolverCachePlugin|normal|default|dependencyType=|commonjs|path=|D:\OHIF_MP\Viewers_v2\node_modules\moment\locale|request=|./nb.js from pack: Error: Cannot find module 'D:\OHIF_MP\Viewers_v2\node_modules\mini-css-extract-plugin\dist\CssDependency'
@ohif/app: <w> Require stack:
@ohif/app: <w> - D:\OHIF_MP\Viewers_v2\node_modules\webpack\lib\serialization\ObjectMiddleware.js
@ohif/app: <w> - D:\OHIF_MP\Viewers_v2\node_modules\webpack\lib\util\serialization.js
@ohif/app: <w> - D:\OHIF_MP\Viewers_v2\node_modules\webpack\lib\util\makeSerializable.js
@ohif/app: <w> - D:\OHIF_MP\Viewers_v2\node_modules\webpack\lib\dependencies\EntryDependency.js
@ohif/app: <w> - D:\OHIF_MP\Viewers_v2\node_modules\webpack\lib\EntryPlugin.js
@ohif/app: <w> - D:\OHIF_MP\Viewers_v2\node_modules\webpack\lib\index.js
@ohif/app: <w> - D:\OHIF_MP\Viewers_v2\node_modules\webpack-cli\lib\webpack-cli.js
@ohif/app: <w> - D:\OHIF_MP\Viewers_v2\node_modules\webpack-cli\lib\bootstrap.js
@ohif/app: <w> - D:\OHIF_MP\Viewers_v2\node_modules\webpack-cli\bin\cli.js
@ohif/app: <w> - D:\OHIF_MP\Viewers_v2\node_modules\webpack\bin\webpack.js
@ohif/app: <w> (during deserialization of Array)
@ohif/app: <w> (during deserialization of webpack/lib/NormalModule)
@ohif/app: <w> (during deserialization of Map)
@ohif/app: <w> (during deserialization of webpack/lib/cache/PackFileCacheStrategy PackContentItems)
@ohif/app: <w> [webpack.cache.PackFileCacheStrategy] Restoring failed for ResolverCachePlugin|normal|default|dependencyType=|commonjs|path=|D:\OHIF_MP\Viewers_v2\node_modules\moment\locale|request=|./ne from pack: Error: Cannot find module 'D:\OHIF_MP\Viewers_v2\node_modules\mini-css-extract-plugin\dist\CssDependency'
@ohif/app: <w> Require stack:
@ohif/app: <w> - D:\OHIF_MP\Viewers_v2\node_modules\webpack\lib\serialization\ObjectMiddleware.js
@ohif/app: <w> - D:\OHIF_MP\Viewers_v2\node_modules\webpack\lib\util\serialization.js
@ohif/app: <w> - D:\OHIF_MP\Viewers_v2\node_modules\webpack\lib\util\makeSerializable.js
@ohif/app: <w> - D:\OHIF_MP\Viewers_v2\node_modules\webpack\lib\dependencies\EntryDependency.js
@ohif/app: <w> - D:\OHIF_MP\Viewers_v2\node_modules\webpack\lib\EntryPlugin.js
@ohif/app: <w> - D:\OHIF_MP\Viewers_v2\node_modules\webpack\lib\index.js
@ohif/app: <w> - D:\OHIF_MP\Viewers_v2\node_modules\webpack-cli\lib\webpack-cli.js
@ohif/app: <w> - D:\OHIF_MP\Viewers_v2\node_modules\webpack-cli\lib\bootstrap.js
@ohif/app: <w> - D:\OHIF_MP\Viewers_v2\node_modules\webpack-cli\bin\cli.js
@ohif/app: <w> - D:\OHIF_MP\Viewers_v2\node_modules\webpack\bin\webpack.js
@ohif/app: <w> (during deserialization of Array)
@ohif/app: <w> (during deserialization of webpack/lib/NormalModule)
@ohif/app: <w> (during deserialization of Map)
@ohif/app: <w> (during deserialization of webpack/lib/cache/PackFileCacheStrategy PackContentItems)
@ohif/app: <w> [webpack.cache.PackFileCacheStrategy] Restoring failed for ResolverCachePlugin|normal|default|dependencyType=|commonjs|path=|D:\OHIF_MP\Viewers_v2\node_modules\moment\locale|request=|./ne.js from pack: Error: Cannot find module 'D:\OHIF_MP\Viewers_v2\node_modules\mini-css-extract-plugin\dist\CssDependency'
@ohif/app: <w> Require stack:
@ohif/app: <w> - D:\OHIF_MP\Viewers_v2\node_modules\webpack\lib\serialization\ObjectMiddleware.js
@ohif/app: <w> - D:\OHIF_MP\Viewers_v2\node_modules\webpack\lib\util\serialization.js
@ohif/app: <w> - D:\OHIF_MP\Viewers_v2\node_modules\webpack\lib\util\makeSerializable.js
@ohif/app: <w> - D:\OHIF_MP\Viewers_v2\node_modules\webpack\lib\dependencies\EntryDependency.js
@ohif/app: <w> - D:\OHIF_MP\Viewers_v2\node_modules\webpack\lib\EntryPlugin.js
@ohif/app: <w> - D:\OHIF_MP\Viewers_v2\node_modules\webpack\lib\index.js
@ohif/app: <w> - D:\OHIF_MP\Viewers_v2\node_modules\webpack-cli\lib\webpack-cli.js
@ohif/app: <w> - D:\OHIF_MP\Viewers_v2\node_modules\webpack-cli\lib\bootstrap.js
@ohif/app: <w> - D:\OHIF_MP\Viewers_v2\node_modules\webpack-cli\bin\cli.js
@ohif/app: <w> - D:\OHIF_MP\Viewers_v2\node_modules\webpack\bin\webpack.js
@ohif/app: <w> (during deserialization of Array)
@ohif/app: <w> (during deserialization of webpack/lib/NormalModule)
@ohif/app: <w> (during deserialization of Map)
@ohif/app: <w> (during deserialization of webpack/lib/cache/PackFileCacheStrategy PackContentItems)
@ohif/app: <w> [webpack.cache.PackFileCacheStrategy] Restoring failed for ResolverCachePlugin|normal|default|dependencyType=|commonjs|path=|D:\OHIF_MP\Viewers_v2\node_modules\moment\locale|request=|./nl from pack: Error: Cannot find module 'D:\OHIF_MP\Viewers_v2\node_modules\mini-css-extract-plugin\dist\CssDependency'
@ohif/app: <w> Require stack:
@ohif/app: <w> - D:\OHIF_MP\Viewers_v2\node_modules\webpack\lib\serialization\ObjectMiddleware.js
@ohif/app: <w> - D:\OHIF_MP\Viewers_v2\node_modules\webpack\lib\util\serialization.js
@ohif/app: <w> - D:\OHIF_MP\Viewers_v2\node_modules\webpack\lib\util\makeSerializable.js
@ohif/app: <w> - D:\OHIF_MP\Viewers_v2\node_modules\webpack\lib\dependencies\EntryDependency.js
@ohif/app: <w> - D:\OHIF_MP\Viewers_v2\node_modules\webpack\lib\EntryPlugin.js
@ohif/app: <w> - D:\OHIF_MP\Viewers_v2\node_modules\webpack\lib\index.js
@ohif/app: <w> - D:\OHIF_MP\Viewers_v2\node_modules\webpack-cli\lib\webpack-cli.js
@ohif/app: <w> - D:\OHIF_MP\Viewers_v2\node_modules\webpack-cli\lib\bootstrap.js
@ohif/app: <w> - D:\OHIF_MP\Viewers_v2\node_modules\webpack-cli\bin\cli.js
@ohif/app: <w> - D:\OHIF_MP\Viewers_v2\node_modules\webpack\bin\webpack.js
@ohif/app: <w> (during deserialization of Array)
@ohif/app: <w> (during deserialization of webpack/lib/NormalModule)
@ohif/app: <w> (during deserialization of Map)
@ohif/app: <w> (during deserialization of webpack/lib/cache/PackFileCacheStrategy PackContentItems)
@ohif/app: <w> [webpack.cache.PackFileCacheStrategy] Restoring failed for ResolverCachePlugin|normal|default|dependencyType=|commonjs|path=|D:\OHIF_MP\Viewers_v2\node_modules\moment\locale|request=|./nl-be from pack: Error: Cannot find module 'D:\OHIF_MP\Viewers_v2\node_modules\mini-css-extract-plugin\dist\CssDependency'
@ohif/app: <w> Require stack:
@ohif/app: <w> - D:\OHIF_MP\Viewers_v2\node_modules\webpack\lib\serialization\ObjectMiddleware.js
@ohif/app: <w> - D:\OHIF_MP\Viewers_v2\node_modules\webpack\lib\util\serialization.js
@ohif/app: <w> - D:\OHIF_MP\Viewers_v2\node_modules\webpack\lib\util\makeSerializable.js
@ohif/app: <w> - D:\OHIF_MP\Viewers_v2\node_modules\webpack\lib\dependencies\EntryDependency.js
@ohif/app: <w> - D:\OHIF_MP\Viewers_v2\node_modules\webpack\lib\EntryPlugin.js
@ohif/app: <w> - D:\OHIF_MP\Viewers_v2\node_modules\webpack\lib\index.js
@ohif/app: <w> - D:\OHIF_MP\Viewers_v2\node_modules\webpack-cli\lib\webpack-cli.js
@ohif/app: <w> - D:\OHIF_MP\Viewers_v2\node_modules\webpack-cli\lib\bootstrap.js
@ohif/app: <w> - D:\OHIF_MP\Viewers_v2\node_modules\webpack-cli\bin\cli.js
@ohif/app: <w> - D:\OHIF_MP\Viewers_v2\node_modules\webpack\bin\webpack.js
@ohif/app: <w> (during deserialization of Array)
@ohif/app: <w> (during deserialization of webpack/lib/NormalModule)
@ohif/app: <w> (during deserialization of Map)
@ohif/app: <w> (during deserialization of webpack/lib/cache/PackFileCacheStrategy PackContentItems)
@ohif/app: <w> [webpack.cache.PackFileCacheStrategy] Restoring failed for ResolverCachePlugin|normal|default|dependencyType=|commonjs|path=|D:\OHIF_MP\Viewers_v2\node_modules\moment\locale|request=|./nl-be.js from pack: Error: Cannot find module 'D:\OHIF_MP\Viewers_v2\node_modules\mini-css-extract-plugin\dist\CssDependency'
@ohif/app: <w> Require stack:
@ohif/app: <w> - D:\OHIF_MP\Viewers_v2\node_modules\webpack\lib\serialization\ObjectMiddleware.js
@ohif/app: <w> - D:\OHIF_MP\Viewers_v2\node_modules\webpack\lib\util\serialization.js
@ohif/app: <w> - D:\OHIF_MP\Viewers_v2\node_modules\webpack\lib\util\makeSerializable.js
@ohif/app: <w> - D:\OHIF_MP\Viewers_v2\node_modules\webpack\lib\dependencies\EntryDependency.js
@ohif/app: <w> - D:\OHIF_MP\Viewers_v2\node_modules\webpack\lib\EntryPlugin.js
@ohif/app: <w> - D:\OHIF_MP\Viewers_v2\node_modules\webpack\lib\index.js
@ohif/app: <w> - D:\OHIF_MP\Viewers_v2\node_modules\webpack-cli\lib\webpack-cli.js
@ohif/app: <w> - D:\OHIF_MP\Viewers_v2\node_modules\webpack-cli\lib\bootstrap.js
@ohif/app: <w> - D:\OHIF_MP\Viewers_v2\node_modules\webpack-cli\bin\cli.js
@ohif/app: <w> - D:\OHIF_MP\Viewers_v2\node_modules\webpack\bin\webpack.js
@ohif/app: <w> (during deserialization of Array)
@ohif/app: <w> (during deserialization of webpack/lib/NormalModule)
@ohif/app: <w> (during deserialization of Map)
@ohif/app: <w> (during deserialization of webpack/lib/cache/PackFileCacheStrategy PackContentItems)
@ohif/app: <w> [webpack.cache.PackFileCacheStrategy] Restoring failed for ResolverCachePlugin|normal|default|dependencyType=|commonjs|path=|D:\OHIF_MP\Viewers_v2\node_modules\moment\locale|request=|./nl.js from pack: Error: Cannot find module 'D:\OHIF_MP\Viewers_v2\node_modules\mini-css-extract-plugin\dist\CssDependency'
@ohif/app: <w> Require stack:
@ohif/app: <w> - D:\OHIF_MP\Viewers_v2\node_modules\webpack\lib\serialization\ObjectMiddleware.js
@ohif/app: <w> - D:\OHIF_MP\Viewers_v2\node_modules\webpack\lib\util\serialization.js
@ohif/app: <w> - D:\OHIF_MP\Viewers_v2\node_modules\webpack\lib\util\makeSerializable.js
@ohif/app: <w> - D:\OHIF_MP\Viewers_v2\node_modules\webpack\lib\dependencies\EntryDependency.js
@ohif/app: <w> - D:\OHIF_MP\Viewers_v2\node_modules\webpack\lib\EntryPlugin.js
@ohif/app: <w> - D:\OHIF_MP\Viewers_v2\node_modules\webpack\lib\index.js
@ohif/app: <w> - D:\OHIF_MP\Viewers_v2\node_modules\webpack-cli\lib\webpack-cli.js
@ohif/app: <w> - D:\OHIF_MP\Viewers_v2\node_modules\webpack-cli\lib\bootstrap.js
@ohif/app: <w> - D:\OHIF_MP\Viewers_v2\node_modules\webpack-cli\bin\cli.js
@ohif/app: <w> - D:\OHIF_MP\Viewers_v2\node_modules\webpack\bin\webpack.js
@ohif/app: <w> (during deserialization of Array)
@ohif/app: <w> (during deserialization of webpack/lib/NormalModule)
@ohif/app: <w> (during deserialization of Map)
@ohif/app: <w> (during deserialization of webpack/lib/cache/PackFileCacheStrategy PackContentItems)
@ohif/app: <w> [webpack.cache.PackFileCacheStrategy] Restoring failed for ResolverCachePlugin|normal|default|dependencyType=|commonjs|path=|D:\OHIF_MP\Viewers_v2\node_modules\moment\locale|request=|./nn from pack: Error: Cannot find module 'D:\OHIF_MP\Viewers_v2\node_modules\mini-css-extract-plugin\dist\CssDependency'
@ohif/app: <w> Require stack:
@ohif/app: <w> - D:\OHIF_MP\Viewers_v2\node_modules\webpack\lib\serialization\ObjectMiddleware.js
@ohif/app: <w> - D:\OHIF_MP\Viewers_v2\node_modules\webpack\lib\util\serialization.js
@ohif/app: <w> - D:\OHIF_MP\Viewers_v2\node_modules\webpack\lib\util\makeSerializable.js
@ohif/app: <w> - D:\OHIF_MP\Viewers_v2\node_modules\webpack\lib\dependencies\EntryDependency.js
@ohif/app: <w> - D:\OHIF_MP\Viewers_v2\node_modules\webpack\lib\EntryPlugin.js
@ohif/app: <w> - D:\OHIF_MP\Viewers_v2\node_modules\webpack\lib\index.js
@ohif/app: <w> - D:\OHIF_MP\Viewers_v2\node_modules\webpack-cli\lib\webpack-cli.js
@ohif/app: <w> - D:\OHIF_MP\Viewers_v2\node_modules\webpack-cli\lib\bootstrap.js
@ohif/app: <w> - D:\OHIF_MP\Viewers_v2\node_modules\webpack-cli\bin\cli.js
@ohif/app: <w> - D:\OHIF_MP\Viewers_v2\node_modules\webpack\bin\webpack.js
@ohif/app: <w> (during deserialization of Array)
@ohif/app: <w> (during deserialization of webpack/lib/NormalModule)
@ohif/app: <w> (during deserialization of Map)
@ohif/app: <w> (during deserialization of webpack/lib/cache/PackFileCacheStrategy PackContentItems)
@ohif/app: <w> [webpack.cache.PackFileCacheStrategy] Restoring failed for ResolverCachePlugin|normal|default|dependencyType=|commonjs|path=|D:\OHIF_MP\Viewers_v2\node_modules\moment\locale|request=|./nn.js from pack: Error: Cannot find module 'D:\OHIF_MP\Viewers_v2\node_modules\mini-css-extract-plugin\dist\CssDependency'
@ohif/app: <w> Require stack:
@ohif/app: <w> - D:\OHIF_MP\Viewers_v2\node_modules\webpack\lib\serialization\ObjectMiddleware.js
@ohif/app: <w> - D:\OHIF_MP\Viewers_v2\node_modules\webpack\lib\util\serialization.js
@ohif/app: <w> - D:\OHIF_MP\Viewers_v2\node_modules\webpack\lib\util\makeSerializable.js
@ohif/app: <w> - D:\OHIF_MP\Viewers_v2\node_modules\webpack\lib\dependencies\EntryDependency.js
@ohif/app: <w> - D:\OHIF_MP\Viewers_v2\node_modules\webpack\lib\EntryPlugin.js
@ohif/app: <w> - D:\OHIF_MP\Viewers_v2\node_modules\webpack\lib\index.js
@ohif/app: <w> - D:\OHIF_MP\Viewers_v2\node_modules\webpack-cli\lib\webpack-cli.js
@ohif/app: <w> - D:\OHIF_MP\Viewers_v2\node_modules\webpack-cli\lib\bootstrap.js
@ohif/app: <w> - D:\OHIF_MP\Viewers_v2\node_modules\webpack-cli\bin\cli.js
@ohif/app: <w> - D:\OHIF_MP\Viewers_v2\node_modules\webpack\bin\webpack.js
@ohif/app: <w> (during deserialization of Array)
@ohif/app: <w> (during deserialization of webpack/lib/NormalModule)
@ohif/app: <w> (during deserialization of Map)
@ohif/app: <w> (during deserialization of webpack/lib/cache/PackFileCacheStrategy PackContentItems)
@ohif/app: <w> [webpack.cache.PackFileCacheStrategy] Restoring failed for ResolverCachePlugin|normal|default|dependencyType=|commonjs|path=|D:\OHIF_MP\Viewers_v2\node_modules\moment\locale|request=|./oc-lnc from pack: Error: Cannot find module 'D:\OHIF_MP\Viewers_v2\node_modules\mini-css-extract-plugin\dist\CssDependency'
@ohif/app: <w> Require stack:
@ohif/app: <w> - D:\OHIF_MP\Viewers_v2\node_modules\webpack\lib\serialization\ObjectMiddleware.js
@ohif/app: <w> - D:\OHIF_MP\Viewers_v2\node_modules\webpack\lib\util\serialization.js
@ohif/app: <w> - D:\OHIF_MP\Viewers_v2\node_modules\webpack\lib\util\makeSerializable.js
@ohif/app: <w> - D:\OHIF_MP\Viewers_v2\node_modules\webpack\lib\dependencies\EntryDependency.js
@ohif/app: <w> - D:\OHIF_MP\Viewers_v2\node_modules\webpack\lib\EntryPlugin.js
@ohif/app: <w> - D:\OHIF_MP\Viewers_v2\node_modules\webpack\lib\index.js
@ohif/app: <w> - D:\OHIF_MP\Viewers_v2\node_modules\webpack-cli\lib\webpack-cli.js
@ohif/app: <w> - D:\OHIF_MP\Viewers_v2\node_modules\webpack-cli\lib\bootstrap.js
@ohif/app: <w> - D:\OHIF_MP\Viewers_v2\node_modules\webpack-cli\bin\cli.js
@ohif/app: <w> - D:\OHIF_MP\Viewers_v2\node_modules\webpack\bin\webpack.js
@ohif/app: <w> (during deserialization of Array)
@ohif/app: <w> (during deserialization of webpack/lib/NormalModule)
@ohif/app: <w> (during deserialization of Map)
@ohif/app: <w> (during deserialization of webpack/lib/cache/PackFileCacheStrategy PackContentItems)
@ohif/app: <w> [webpack.cache.PackFileCacheStrategy] Restoring failed for ResolverCachePlugin|normal|default|dependencyType=|commonjs|path=|D:\OHIF_MP\Viewers_v2\node_modules\moment\locale|request=|./oc-lnc.js from pack: Error: Cannot find module 'D:\OHIF_MP\Viewers_v2\node_modules\mini-css-extract-plugin\dist\CssDependency'
@ohif/app: <w> Require stack:
@ohif/app: <w> - D:\OHIF_MP\Viewers_v2\node_modules\webpack\lib\serialization\ObjectMiddleware.js
@ohif/app: <w> - D:\OHIF_MP\Viewers_v2\node_modules\webpack\lib\util\serialization.js
@ohif/app: <w> - D:\OHIF_MP\Viewers_v2\node_modules\webpack\lib\util\makeSerializable.js
@ohif/app: <w> - D:\OHIF_MP\Viewers_v2\node_modules\webpack\lib\dependencies\EntryDependency.js
@ohif/app: <w> - D:\OHIF_MP\Viewers_v2\node_modules\webpack\lib\EntryPlugin.js
@ohif/app: <w> - D:\OHIF_MP\Viewers_v2\node_modules\webpack\lib\index.js
@ohif/app: <w> - D:\OHIF_MP\Viewers_v2\node_modules\webpack-cli\lib\webpack-cli.js
@ohif/app: <w> - D:\OHIF_MP\Viewers_v2\node_modules\webpack-cli\lib\bootstrap.js
@ohif/app: <w> - D:\OHIF_MP\Viewers_v2\node_modules\webpack-cli\bin\cli.js
@ohif/app: <w> - D:\OHIF_MP\Viewers_v2\node_modules\webpack\bin\webpack.js
@ohif/app: <w> (during deserialization of Array)
@ohif/app: <w> (during deserialization of webpack/lib/NormalModule)
@ohif/app: <w> (during deserialization of Map)
@ohif/app: <w> (during deserialization of webpack/lib/cache/PackFileCacheStrategy PackContentItems)
@ohif/app: <w> [webpack.cache.PackFileCacheStrategy] Restoring failed for ResolverCachePlugin|normal|default|dependencyType=|commonjs|path=|D:\OHIF_MP\Viewers_v2\node_modules\moment\locale|request=|./pa-in from pack: Error: Cannot find module 'D:\OHIF_MP\Viewers_v2\node_modules\mini-css-extract-plugin\dist\CssDependency'
@ohif/app: <w> Require stack:
@ohif/app: <w> - D:\OHIF_MP\Viewers_v2\node_modules\webpack\lib\serialization\ObjectMiddleware.js
@ohif/app: <w> - D:\OHIF_MP\Viewers_v2\node_modules\webpack\lib\util\serialization.js
@ohif/app: <w> - D:\OHIF_MP\Viewers_v2\node_modules\webpack\lib\util\makeSerializable.js
@ohif/app: <w> - D:\OHIF_MP\Viewers_v2\node_modules\webpack\lib\dependencies\EntryDependency.js
@ohif/app: <w> - D:\OHIF_MP\Viewers_v2\node_modules\webpack\lib\EntryPlugin.js
@ohif/app: <w> - D:\OHIF_MP\Viewers_v2\node_modules\webpack\lib\index.js
@ohif/app: <w> - D:\OHIF_MP\Viewers_v2\node_modules\webpack-cli\lib\webpack-cli.js
@ohif/app: <w> - D:\OHIF_MP\Viewers_v2\node_modules\webpack-cli\lib\bootstrap.js
@ohif/app: <w> - D:\OHIF_MP\Viewers_v2\node_modules\webpack-cli\bin\cli.js
@ohif/app: <w> - D:\OHIF_MP\Viewers_v2\node_modules\webpack\bin\webpack.js
@ohif/app: <w> (during deserialization of Array)
@ohif/app: <w> (during deserialization of webpack/lib/NormalModule)
@ohif/app: <w> (during deserialization of Map)
@ohif/app: <w> (during deserialization of webpack/lib/cache/PackFileCacheStrategy PackContentItems)
@ohif/app: <w> [webpack.cache.PackFileCacheStrategy] Restoring failed for ResolverCachePlugin|normal|default|dependencyType=|commonjs|path=|D:\OHIF_MP\Viewers_v2\node_modules\moment\locale|request=|./pa-in.js from pack: Error: Cannot find module 'D:\OHIF_MP\Viewers_v2\node_modules\mini-css-extract-plugin\dist\CssDependency'
@ohif/app: <w> Require stack:
@ohif/app: <w> - D:\OHIF_MP\Viewers_v2\node_modules\webpack\lib\serialization\ObjectMiddleware.js
@ohif/app: <w> - D:\OHIF_MP\Viewers_v2\node_modules\webpack\lib\util\serialization.js
@ohif/app: <w> - D:\OHIF_MP\Viewers_v2\node_modules\webpack\lib\util\makeSerializable.js
@ohif/app: <w> - D:\OHIF_MP\Viewers_v2\node_modules\webpack\lib\dependencies\EntryDependency.js
@ohif/app: <w> - D:\OHIF_MP\Viewers_v2\node_modules\webpack\lib\EntryPlugin.js
@ohif/app: <w> - D:\OHIF_MP\Viewers_v2\node_modules\webpack\lib\index.js
@ohif/app: <w> - D:\OHIF_MP\Viewers_v2\node_modules\webpack-cli\lib\webpack-cli.js
@ohif/app: <w> - D:\OHIF_MP\Viewers_v2\node_modules\webpack-cli\lib\bootstrap.js
@ohif/app: <w> - D:\OHIF_MP\Viewers_v2\node_modules\webpack-cli\bin\cli.js
@ohif/app: <w> - D:\OHIF_MP\Viewers_v2\node_modules\webpack\bin\webpack.js
@ohif/app: <w> (during deserialization of Array)
@ohif/app: <w> (during deserialization of webpack/lib/NormalModule)
@ohif/app: <w> (during deserialization of Map)
@ohif/app: <w> (during deserialization of webpack/lib/cache/PackFileCacheStrategy PackContentItems)
@ohif/app: <w> [webpack.cache.PackFileCacheStrategy] Restoring failed for ResolverCachePlugin|normal|default|dependencyType=|commonjs|path=|D:\OHIF_MP\Viewers_v2\node_modules\moment\locale|request=|./pl from pack: Error: Cannot find module 'D:\OHIF_MP\Viewers_v2\node_modules\mini-css-extract-plugin\dist\CssDependency'
@ohif/app: <w> Require stack:
@ohif/app: <w> - D:\OHIF_MP\Viewers_v2\node_modules\webpack\lib\serialization\ObjectMiddleware.js
@ohif/app: <w> - D:\OHIF_MP\Viewers_v2\node_modules\webpack\lib\util\serialization.js
@ohif/app: <w> - D:\OHIF_MP\Viewers_v2\node_modules\webpack\lib\util\makeSerializable.js
@ohif/app: <w> - D:\OHIF_MP\Viewers_v2\node_modules\webpack\lib\dependencies\EntryDependency.js
@ohif/app: <w> - D:\OHIF_MP\Viewers_v2\node_modules\webpack\lib\EntryPlugin.js
@ohif/app: <w> - D:\OHIF_MP\Viewers_v2\node_modules\webpack\lib\index.js
@ohif/app: <w> - D:\OHIF_MP\Viewers_v2\node_modules\webpack-cli\lib\webpack-cli.js
@ohif/app: <w> - D:\OHIF_MP\Viewers_v2\node_modules\webpack-cli\lib\bootstrap.js
@ohif/app: <w> - D:\OHIF_MP\Viewers_v2\node_modules\webpack-cli\bin\cli.js
@ohif/app: <w> - D:\OHIF_MP\Viewers_v2\node_modules\webpack\bin\webpack.js
@ohif/app: <w> (during deserialization of Array)
@ohif/app: <w> (during deserialization of webpack/lib/NormalModule)
@ohif/app: <w> (during deserialization of Map)
@ohif/app: <w> (during deserialization of webpack/lib/cache/PackFileCacheStrategy PackContentItems)
@ohif/app: <w> [webpack.cache.PackFileCacheStrategy] Restoring failed for ResolverCachePlugin|normal|default|dependencyType=|commonjs|path=|D:\OHIF_MP\Viewers_v2\node_modules\moment\locale|request=|./pl.js from pack: Error: Cannot find module 'D:\OHIF_MP\Viewers_v2\node_modules\mini-css-extract-plugin\dist\CssDependency'
@ohif/app: <w> Require stack:
@ohif/app: <w> - D:\OHIF_MP\Viewers_v2\node_modules\webpack\lib\serialization\ObjectMiddleware.js
@ohif/app: <w> - D:\OHIF_MP\Viewers_v2\node_modules\webpack\lib\util\serialization.js
@ohif/app: <w> - D:\OHIF_MP\Viewers_v2\node_modules\webpack\lib\util\makeSerializable.js
@ohif/app: <w> - D:\OHIF_MP\Viewers_v2\node_modules\webpack\lib\dependencies\EntryDependency.js
@ohif/app: <w> - D:\OHIF_MP\Viewers_v2\node_modules\webpack\lib\EntryPlugin.js
@ohif/app: <w> - D:\OHIF_MP\Viewers_v2\node_modules\webpack\lib\index.js
@ohif/app: <w> - D:\OHIF_MP\Viewers_v2\node_modules\webpack-cli\lib\webpack-cli.js
@ohif/app: <w> - D:\OHIF_MP\Viewers_v2\node_modules\webpack-cli\lib\bootstrap.js
@ohif/app: <w> - D:\OHIF_MP\Viewers_v2\node_modules\webpack-cli\bin\cli.js
@ohif/app: <w> - D:\OHIF_MP\Viewers_v2\node_modules\webpack\bin\webpack.js
@ohif/app: <w> (during deserialization of Array)
@ohif/app: <w> (during deserialization of webpack/lib/NormalModule)
@ohif/app: <w> (during deserialization of Map)
@ohif/app: <w> (during deserialization of webpack/lib/cache/PackFileCacheStrategy PackContentItems)
@ohif/app: <w> [webpack.cache.PackFileCacheStrategy] Restoring failed for ResolverCachePlugin|normal|default|dependencyType=|commonjs|path=|D:\OHIF_MP\Viewers_v2\node_modules\moment\locale|request=|./pt from pack: Error: Cannot find module 'D:\OHIF_MP\Viewers_v2\node_modules\mini-css-extract-plugin\dist\CssDependency'
@ohif/app: <w> Require stack:
@ohif/app: <w> - D:\OHIF_MP\Viewers_v2\node_modules\webpack\lib\serialization\ObjectMiddleware.js
@ohif/app: <w> - D:\OHIF_MP\Viewers_v2\node_modules\webpack\lib\util\serialization.js
@ohif/app: <w> - D:\OHIF_MP\Viewers_v2\node_modules\webpack\lib\util\makeSerializable.js
@ohif/app: <w> - D:\OHIF_MP\Viewers_v2\node_modules\webpack\lib\dependencies\EntryDependency.js
@ohif/app: <w> - D:\OHIF_MP\Viewers_v2\node_modules\webpack\lib\EntryPlugin.js
@ohif/app: <w> - D:\OHIF_MP\Viewers_v2\node_modules\webpack\lib\index.js
@ohif/app: <w> - D:\OHIF_MP\Viewers_v2\node_modules\webpack-cli\lib\webpack-cli.js
@ohif/app: <w> - D:\OHIF_MP\Viewers_v2\node_modules\webpack-cli\lib\bootstrap.js
@ohif/app: <w> - D:\OHIF_MP\Viewers_v2\node_modules\webpack-cli\bin\cli.js
@ohif/app: <w> - D:\OHIF_MP\Viewers_v2\node_modules\webpack\bin\webpack.js
@ohif/app: <w> (during deserialization of Array)
@ohif/app: <w> (during deserialization of webpack/lib/NormalModule)
@ohif/app: <w> (during deserialization of Map)
@ohif/app: <w> (during deserialization of webpack/lib/cache/PackFileCacheStrategy PackContentItems)
@ohif/app: <w> [webpack.cache.PackFileCacheStrategy] Restoring failed for ResolverCachePlugin|normal|default|dependencyType=|commonjs|path=|D:\OHIF_MP\Viewers_v2\node_modules\moment\locale|request=|./pt-br from pack: Error: Cannot find module 'D:\OHIF_MP\Viewers_v2\node_modules\mini-css-extract-plugin\dist\CssDependency'
@ohif/app: <w> Require stack:
@ohif/app: <w> - D:\OHIF_MP\Viewers_v2\node_modules\webpack\lib\serialization\ObjectMiddleware.js
@ohif/app: <w> - D:\OHIF_MP\Viewers_v2\node_modules\webpack\lib\util\serialization.js
@ohif/app: <w> - D:\OHIF_MP\Viewers_v2\node_modules\webpack\lib\util\makeSerializable.js
@ohif/app: <w> - D:\OHIF_MP\Viewers_v2\node_modules\webpack\lib\dependencies\EntryDependency.js
@ohif/app: <w> - D:\OHIF_MP\Viewers_v2\node_modules\webpack\lib\EntryPlugin.js
@ohif/app: <w> - D:\OHIF_MP\Viewers_v2\node_modules\webpack\lib\index.js
@ohif/app: <w> - D:\OHIF_MP\Viewers_v2\node_modules\webpack-cli\lib\webpack-cli.js
@ohif/app: <w> - D:\OHIF_MP\Viewers_v2\node_modules\webpack-cli\lib\bootstrap.js
@ohif/app: <w> - D:\OHIF_MP\Viewers_v2\node_modules\webpack-cli\bin\cli.js
@ohif/app: <w> - D:\OHIF_MP\Viewers_v2\node_modules\webpack\bin\webpack.js
@ohif/app: <w> (during deserialization of Array)
@ohif/app: <w> (during deserialization of webpack/lib/NormalModule)
@ohif/app: <w> (during deserialization of Map)
@ohif/app: <w> (during deserialization of webpack/lib/cache/PackFileCacheStrategy PackContentItems)
@ohif/app: <w> [webpack.cache.PackFileCacheStrategy] Restoring failed for ResolverCachePlugin|normal|default|dependencyType=|commonjs|path=|D:\OHIF_MP\Viewers_v2\node_modules\moment\locale|request=|./pt-br.js from pack: Error: Cannot find module 'D:\OHIF_MP\Viewers_v2\node_modules\mini-css-extract-plugin\dist\CssDependency'
@ohif/app: <w> Require stack:
@ohif/app: <w> - D:\OHIF_MP\Viewers_v2\node_modules\webpack\lib\serialization\ObjectMiddleware.js
@ohif/app: <w> - D:\OHIF_MP\Viewers_v2\node_modules\webpack\lib\util\serialization.js
@ohif/app: <w> - D:\OHIF_MP\Viewers_v2\node_modules\webpack\lib\util\makeSerializable.js
@ohif/app: <w> - D:\OHIF_MP\Viewers_v2\node_modules\webpack\lib\dependencies\EntryDependency.js
@ohif/app: <w> - D:\OHIF_MP\Viewers_v2\node_modules\webpack\lib\EntryPlugin.js
@ohif/app: <w> - D:\OHIF_MP\Viewers_v2\node_modules\webpack\lib\index.js
@ohif/app: <w> - D:\OHIF_MP\Viewers_v2\node_modules\webpack-cli\lib\webpack-cli.js
@ohif/app: <w> - D:\OHIF_MP\Viewers_v2\node_modules\webpack-cli\lib\bootstrap.js
@ohif/app: <w> - D:\OHIF_MP\Viewers_v2\node_modules\webpack-cli\bin\cli.js
@ohif/app: <w> - D:\OHIF_MP\Viewers_v2\node_modules\webpack\bin\webpack.js
@ohif/app: <w> (during deserialization of Array)
@ohif/app: <w> (during deserialization of webpack/lib/NormalModule)
@ohif/app: <w> (during deserialization of Map)
@ohif/app: <w> (during deserialization of webpack/lib/cache/PackFileCacheStrategy PackContentItems)
@ohif/app: <w> [webpack.cache.PackFileCacheStrategy] Restoring failed for ResolverCachePlugin|normal|default|dependencyType=|commonjs|path=|D:\OHIF_MP\Viewers_v2\node_modules\moment\locale|request=|./pt.js from pack: Error: Cannot find module 'D:\OHIF_MP\Viewers_v2\node_modules\mini-css-extract-plugin\dist\CssDependency'
@ohif/app: <w> Require stack:
@ohif/app: <w> - D:\OHIF_MP\Viewers_v2\node_modules\webpack\lib\serialization\ObjectMiddleware.js
@ohif/app: <w> - D:\OHIF_MP\Viewers_v2\node_modules\webpack\lib\util\serialization.js
@ohif/app: <w> - D:\OHIF_MP\Viewers_v2\node_modules\webpack\lib\util\makeSerializable.js
@ohif/app: <w> - D:\OHIF_MP\Viewers_v2\node_modules\webpack\lib\dependencies\EntryDependency.js
@ohif/app: <w> - D:\OHIF_MP\Viewers_v2\node_modules\webpack\lib\EntryPlugin.js
@ohif/app: <w> - D:\OHIF_MP\Viewers_v2\node_modules\webpack\lib\index.js
@ohif/app: <w> - D:\OHIF_MP\Viewers_v2\node_modules\webpack-cli\lib\webpack-cli.js
@ohif/app: <w> - D:\OHIF_MP\Viewers_v2\node_modules\webpack-cli\lib\bootstrap.js
@ohif/app: <w> - D:\OHIF_MP\Viewers_v2\node_modules\webpack-cli\bin\cli.js
@ohif/app: <w> - D:\OHIF_MP\Viewers_v2\node_modules\webpack\bin\webpack.js
@ohif/app: <w> (during deserialization of Array)
@ohif/app: <w> (during deserialization of webpack/lib/NormalModule)
@ohif/app: <w> (during deserialization of Map)
@ohif/app: <w> (during deserialization of webpack/lib/cache/PackFileCacheStrategy PackContentItems)
@ohif/app: <w> [webpack.cache.PackFileCacheStrategy] Restoring failed for ResolverCachePlugin|normal|default|dependencyType=|commonjs|path=|D:\OHIF_MP\Viewers_v2\node_modules\moment\locale|request=|./ro from pack: Error: Cannot find module 'D:\OHIF_MP\Viewers_v2\node_modules\mini-css-extract-plugin\dist\CssDependency'
@ohif/app: <w> Require stack:
@ohif/app: <w> - D:\OHIF_MP\Viewers_v2\node_modules\webpack\lib\serialization\ObjectMiddleware.js
@ohif/app: <w> - D:\OHIF_MP\Viewers_v2\node_modules\webpack\lib\util\serialization.js
@ohif/app: <w> - D:\OHIF_MP\Viewers_v2\node_modules\webpack\lib\util\makeSerializable.js
@ohif/app: <w> - D:\OHIF_MP\Viewers_v2\node_modules\webpack\lib\dependencies\EntryDependency.js
@ohif/app: <w> - D:\OHIF_MP\Viewers_v2\node_modules\webpack\lib\EntryPlugin.js
@ohif/app: <w> - D:\OHIF_MP\Viewers_v2\node_modules\webpack\lib\index.js
@ohif/app: <w> - D:\OHIF_MP\Viewers_v2\node_modules\webpack-cli\lib\webpack-cli.js
@ohif/app: <w> - D:\OHIF_MP\Viewers_v2\node_modules\webpack-cli\lib\bootstrap.js
@ohif/app: <w> - D:\OHIF_MP\Viewers_v2\node_modules\webpack-cli\bin\cli.js
@ohif/app: <w> - D:\OHIF_MP\Viewers_v2\node_modules\webpack\bin\webpack.js
@ohif/app: <w> (during deserialization of Array)
@ohif/app: <w> (during deserialization of webpack/lib/NormalModule)
@ohif/app: <w> (during deserialization of Map)
@ohif/app: <w> (during deserialization of webpack/lib/cache/PackFileCacheStrategy PackContentItems)
@ohif/app: <w> [webpack.cache.PackFileCacheStrategy] Restoring failed for ResolverCachePlugin|normal|default|dependencyType=|commonjs|path=|D:\OHIF_MP\Viewers_v2\node_modules\moment\locale|request=|./ro.js from pack: Error: Cannot find module 'D:\OHIF_MP\Viewers_v2\node_modules\mini-css-extract-plugin\dist\CssDependency'
@ohif/app: <w> Require stack:
@ohif/app: <w> - D:\OHIF_MP\Viewers_v2\node_modules\webpack\lib\serialization\ObjectMiddleware.js
@ohif/app: <w> - D:\OHIF_MP\Viewers_v2\node_modules\webpack\lib\util\serialization.js
@ohif/app: <w> - D:\OHIF_MP\Viewers_v2\node_modules\webpack\lib\util\makeSerializable.js
@ohif/app: <w> - D:\OHIF_MP\Viewers_v2\node_modules\webpack\lib\dependencies\EntryDependency.js
@ohif/app: <w> - D:\OHIF_MP\Viewers_v2\node_modules\webpack\lib\EntryPlugin.js
@ohif/app: <w> - D:\OHIF_MP\Viewers_v2\node_modules\webpack\lib\index.js
@ohif/app: <w> - D:\OHIF_MP\Viewers_v2\node_modules\webpack-cli\lib\webpack-cli.js
@ohif/app: <w> - D:\OHIF_MP\Viewers_v2\node_modules\webpack-cli\lib\bootstrap.js
@ohif/app: <w> - D:\OHIF_MP\Viewers_v2\node_modules\webpack-cli\bin\cli.js
@ohif/app: <w> - D:\OHIF_MP\Viewers_v2\node_modules\webpack\bin\webpack.js
@ohif/app: <w> (during deserialization of Array)
@ohif/app: <w> (during deserialization of webpack/lib/NormalModule)
@ohif/app: <w> (during deserialization of Map)
@ohif/app: <w> (during deserialization of webpack/lib/cache/PackFileCacheStrategy PackContentItems)
@ohif/app: <w> [webpack.cache.PackFileCacheStrategy] Restoring failed for ResolverCachePlugin|normal|default|dependencyType=|commonjs|path=|D:\OHIF_MP\Viewers_v2\node_modules\moment\locale|request=|./ru from pack: Error: Cannot find module 'D:\OHIF_MP\Viewers_v2\node_modules\mini-css-extract-plugin\dist\CssDependency'
@ohif/app: <w> Require stack:
@ohif/app: <w> - D:\OHIF_MP\Viewers_v2\node_modules\webpack\lib\serialization\ObjectMiddleware.js
@ohif/app: <w> - D:\OHIF_MP\Viewers_v2\node_modules\webpack\lib\util\serialization.js
@ohif/app: <w> - D:\OHIF_MP\Viewers_v2\node_modules\webpack\lib\util\makeSerializable.js
@ohif/app: <w> - D:\OHIF_MP\Viewers_v2\node_modules\webpack\lib\dependencies\EntryDependency.js
@ohif/app: <w> - D:\OHIF_MP\Viewers_v2\node_modules\webpack\lib\EntryPlugin.js
@ohif/app: <w> - D:\OHIF_MP\Viewers_v2\node_modules\webpack\lib\index.js
@ohif/app: <w> - D:\OHIF_MP\Viewers_v2\node_modules\webpack-cli\lib\webpack-cli.js
@ohif/app: <w> - D:\OHIF_MP\Viewers_v2\node_modules\webpack-cli\lib\bootstrap.js
@ohif/app: <w> - D:\OHIF_MP\Viewers_v2\node_modules\webpack-cli\bin\cli.js
@ohif/app: <w> - D:\OHIF_MP\Viewers_v2\node_modules\webpack\bin\webpack.js
@ohif/app: <w> (during deserialization of Array)
@ohif/app: <w> (during deserialization of webpack/lib/NormalModule)
@ohif/app: <w> (during deserialization of Map)
@ohif/app: <w> (during deserialization of webpack/lib/cache/PackFileCacheStrategy PackContentItems)
@ohif/app: <w> [webpack.cache.PackFileCacheStrategy] Restoring failed for ResolverCachePlugin|normal|default|dependencyType=|commonjs|path=|D:\OHIF_MP\Viewers_v2\node_modules\moment\locale|request=|./ru.js from pack: Error: Cannot find module 'D:\OHIF_MP\Viewers_v2\node_modules\mini-css-extract-plugin\dist\CssDependency'
@ohif/app: <w> Require stack:
@ohif/app: <w> - D:\OHIF_MP\Viewers_v2\node_modules\webpack\lib\serialization\ObjectMiddleware.js
@ohif/app: <w> - D:\OHIF_MP\Viewers_v2\node_modules\webpack\lib\util\serialization.js
@ohif/app: <w> - D:\OHIF_MP\Viewers_v2\node_modules\webpack\lib\util\makeSerializable.js
@ohif/app: <w> - D:\OHIF_MP\Viewers_v2\node_modules\webpack\lib\dependencies\EntryDependency.js
@ohif/app: <w> - D:\OHIF_MP\Viewers_v2\node_modules\webpack\lib\EntryPlugin.js
@ohif/app: <w> - D:\OHIF_MP\Viewers_v2\node_modules\webpack\lib\index.js
@ohif/app: <w> - D:\OHIF_MP\Viewers_v2\node_modules\webpack-cli\lib\webpack-cli.js
@ohif/app: <w> - D:\OHIF_MP\Viewers_v2\node_modules\webpack-cli\lib\bootstrap.js
@ohif/app: <w> - D:\OHIF_MP\Viewers_v2\node_modules\webpack-cli\bin\cli.js
@ohif/app: <w> - D:\OHIF_MP\Viewers_v2\node_modules\webpack\bin\webpack.js
@ohif/app: <w> (during deserialization of Array)
@ohif/app: <w> (during deserialization of webpack/lib/NormalModule)
@ohif/app: <w> (during deserialization of Map)
@ohif/app: <w> (during deserialization of webpack/lib/cache/PackFileCacheStrategy PackContentItems)
@ohif/app: <w> [webpack.cache.PackFileCacheStrategy] Restoring failed for ResolverCachePlugin|normal|default|dependencyType=|commonjs|path=|D:\OHIF_MP\Viewers_v2\node_modules\moment\locale|request=|./sd from pack: Error: Cannot find module 'D:\OHIF_MP\Viewers_v2\node_modules\mini-css-extract-plugin\dist\CssDependency'
@ohif/app: <w> Require stack:
@ohif/app: <w> - D:\OHIF_MP\Viewers_v2\node_modules\webpack\lib\serialization\ObjectMiddleware.js
@ohif/app: <w> - D:\OHIF_MP\Viewers_v2\node_modules\webpack\lib\util\serialization.js
@ohif/app: <w> - D:\OHIF_MP\Viewers_v2\node_modules\webpack\lib\util\makeSerializable.js
@ohif/app: <w> - D:\OHIF_MP\Viewers_v2\node_modules\webpack\lib\dependencies\EntryDependency.js
@ohif/app: <w> - D:\OHIF_MP\Viewers_v2\node_modules\webpack\lib\EntryPlugin.js
@ohif/app: <w> - D:\OHIF_MP\Viewers_v2\node_modules\webpack\lib\index.js
@ohif/app: <w> - D:\OHIF_MP\Viewers_v2\node_modules\webpack-cli\lib\webpack-cli.js
@ohif/app: <w> - D:\OHIF_MP\Viewers_v2\node_modules\webpack-cli\lib\bootstrap.js
@ohif/app: <w> - D:\OHIF_MP\Viewers_v2\node_modules\webpack-cli\bin\cli.js
@ohif/app: <w> - D:\OHIF_MP\Viewers_v2\node_modules\webpack\bin\webpack.js
@ohif/app: <w> (during deserialization of Array)
@ohif/app: <w> (during deserialization of webpack/lib/NormalModule)
@ohif/app: <w> (during deserialization of Map)
@ohif/app: <w> (during deserialization of webpack/lib/cache/PackFileCacheStrategy PackContentItems)
@ohif/app: <w> [webpack.cache.PackFileCacheStrategy] Restoring failed for ResolverCachePlugin|normal|default|dependencyType=|commonjs|path=|D:\OHIF_MP\Viewers_v2\node_modules\moment\locale|request=|./sd.js from pack: Error: Cannot find module 'D:\OHIF_MP\Viewers_v2\node_modules\mini-css-extract-plugin\dist\CssDependency'
@ohif/app: <w> Require stack:
@ohif/app: <w> - D:\OHIF_MP\Viewers_v2\node_modules\webpack\lib\serialization\ObjectMiddleware.js
@ohif/app: <w> - D:\OHIF_MP\Viewers_v2\node_modules\webpack\lib\util\serialization.js
@ohif/app: <w> - D:\OHIF_MP\Viewers_v2\node_modules\webpack\lib\util\makeSerializable.js
@ohif/app: <w> - D:\OHIF_MP\Viewers_v2\node_modules\webpack\lib\dependencies\EntryDependency.js
@ohif/app: <w> - D:\OHIF_MP\Viewers_v2\node_modules\webpack\lib\EntryPlugin.js
@ohif/app: <w> - D:\OHIF_MP\Viewers_v2\node_modules\webpack\lib\index.js
@ohif/app: <w> - D:\OHIF_MP\Viewers_v2\node_modules\webpack-cli\lib\webpack-cli.js
@ohif/app: <w> - D:\OHIF_MP\Viewers_v2\node_modules\webpack-cli\lib\bootstrap.js
@ohif/app: <w> - D:\OHIF_MP\Viewers_v2\node_modules\webpack-cli\bin\cli.js
@ohif/app: <w> - D:\OHIF_MP\Viewers_v2\node_modules\webpack\bin\webpack.js
@ohif/app: <w> (during deserialization of Array)
@ohif/app: <w> (during deserialization of webpack/lib/NormalModule)
@ohif/app: <w> (during deserialization of Map)
@ohif/app: <w> (during deserialization of webpack/lib/cache/PackFileCacheStrategy PackContentItems)
@ohif/app: <w> [webpack.cache.PackFileCacheStrategy] Restoring failed for ResolverCachePlugin|normal|default|dependencyType=|commonjs|path=|D:\OHIF_MP\Viewers_v2\node_modules\moment\locale|request=|./se from pack: Error: Cannot find module 'D:\OHIF_MP\Viewers_v2\node_modules\mini-css-extract-plugin\dist\CssDependency'
@ohif/app: <w> Require stack:
@ohif/app: <w> - D:\OHIF_MP\Viewers_v2\node_modules\webpack\lib\serialization\ObjectMiddleware.js
@ohif/app: <w> - D:\OHIF_MP\Viewers_v2\node_modules\webpack\lib\util\serialization.js
@ohif/app: <w> - D:\OHIF_MP\Viewers_v2\node_modules\webpack\lib\util\makeSerializable.js
@ohif/app: <w> - D:\OHIF_MP\Viewers_v2\node_modules\webpack\lib\dependencies\EntryDependency.js
@ohif/app: <w> - D:\OHIF_MP\Viewers_v2\node_modules\webpack\lib\EntryPlugin.js
@ohif/app: <w> - D:\OHIF_MP\Viewers_v2\node_modules\webpack\lib\index.js
@ohif/app: <w> - D:\OHIF_MP\Viewers_v2\node_modules\webpack-cli\lib\webpack-cli.js
@ohif/app: <w> - D:\OHIF_MP\Viewers_v2\node_modules\webpack-cli\lib\bootstrap.js
@ohif/app: <w> - D:\OHIF_MP\Viewers_v2\node_modules\webpack-cli\bin\cli.js
@ohif/app: <w> - D:\OHIF_MP\Viewers_v2\node_modules\webpack\bin\webpack.js
@ohif/app: <w> (during deserialization of Array)
@ohif/app: <w> (during deserialization of webpack/lib/NormalModule)
@ohif/app: <w> (during deserialization of Map)
@ohif/app: <w> (during deserialization of webpack/lib/cache/PackFileCacheStrategy PackContentItems)
@ohif/app: <w> [webpack.cache.PackFileCacheStrategy] Restoring failed for ResolverCachePlugin|normal|default|dependencyType=|commonjs|path=|D:\OHIF_MP\Viewers_v2\node_modules\moment\locale|request=|./se.js from pack: Error: Cannot find module 'D:\OHIF_MP\Viewers_v2\node_modules\mini-css-extract-plugin\dist\CssDependency'
@ohif/app: <w> Require stack:
@ohif/app: <w> - D:\OHIF_MP\Viewers_v2\node_modules\webpack\lib\serialization\ObjectMiddleware.js
@ohif/app: <w> - D:\OHIF_MP\Viewers_v2\node_modules\webpack\lib\util\serialization.js
@ohif/app: <w> - D:\OHIF_MP\Viewers_v2\node_modules\webpack\lib\util\makeSerializable.js
@ohif/app: <w> - D:\OHIF_MP\Viewers_v2\node_modules\webpack\lib\dependencies\EntryDependency.js
@ohif/app: <w> - D:\OHIF_MP\Viewers_v2\node_modules\webpack\lib\EntryPlugin.js
@ohif/app: <w> - D:\OHIF_MP\Viewers_v2\node_modules\webpack\lib\index.js
@ohif/app: <w> - D:\OHIF_MP\Viewers_v2\node_modules\webpack-cli\lib\webpack-cli.js
@ohif/app: <w> - D:\OHIF_MP\Viewers_v2\node_modules\webpack-cli\lib\bootstrap.js
@ohif/app: <w> - D:\OHIF_MP\Viewers_v2\node_modules\webpack-cli\bin\cli.js
@ohif/app: <w> - D:\OHIF_MP\Viewers_v2\node_modules\webpack\bin\webpack.js
@ohif/app: <w> (during deserialization of Array)
@ohif/app: <w> (during deserialization of webpack/lib/NormalModule)
@ohif/app: <w> (during deserialization of Map)
@ohif/app: <w> (during deserialization of webpack/lib/cache/PackFileCacheStrategy PackContentItems)
@ohif/app: <w> [webpack.cache.PackFileCacheStrategy] Restoring failed for ResolverCachePlugin|normal|default|dependencyType=|commonjs|path=|D:\OHIF_MP\Viewers_v2\node_modules\moment\locale|request=|./si from pack: Error: Cannot find module 'D:\OHIF_MP\Viewers_v2\node_modules\mini-css-extract-plugin\dist\CssDependency'
@ohif/app: <w> Require stack:
@ohif/app: <w> - D:\OHIF_MP\Viewers_v2\node_modules\webpack\lib\serialization\ObjectMiddleware.js
@ohif/app: <w> - D:\OHIF_MP\Viewers_v2\node_modules\webpack\lib\util\serialization.js
@ohif/app: <w> - D:\OHIF_MP\Viewers_v2\node_modules\webpack\lib\util\makeSerializable.js
@ohif/app: <w> - D:\OHIF_MP\Viewers_v2\node_modules\webpack\lib\dependencies\EntryDependency.js
@ohif/app: <w> - D:\OHIF_MP\Viewers_v2\node_modules\webpack\lib\EntryPlugin.js
@ohif/app: <w> - D:\OHIF_MP\Viewers_v2\node_modules\webpack\lib\index.js
@ohif/app: <w> - D:\OHIF_MP\Viewers_v2\node_modules\webpack-cli\lib\webpack-cli.js
@ohif/app: <w> - D:\OHIF_MP\Viewers_v2\node_modules\webpack-cli\lib\bootstrap.js
@ohif/app: <w> - D:\OHIF_MP\Viewers_v2\node_modules\webpack-cli\bin\cli.js
@ohif/app: <w> - D:\OHIF_MP\Viewers_v2\node_modules\webpack\bin\webpack.js
@ohif/app: <w> (during deserialization of Array)
@ohif/app: <w> (during deserialization of webpack/lib/NormalModule)
@ohif/app: <w> (during deserialization of Map)
@ohif/app: <w> (during deserialization of webpack/lib/cache/PackFileCacheStrategy PackContentItems)
@ohif/app: <w> [webpack.cache.PackFileCacheStrategy] Restoring failed for ResolverCachePlugin|normal|default|dependencyType=|commonjs|path=|D:\OHIF_MP\Viewers_v2\node_modules\moment\locale|request=|./si.js from pack: Error: Cannot find module 'D:\OHIF_MP\Viewers_v2\node_modules\mini-css-extract-plugin\dist\CssDependency'
@ohif/app: <w> Require stack:
@ohif/app: <w> - D:\OHIF_MP\Viewers_v2\node_modules\webpack\lib\serialization\ObjectMiddleware.js
@ohif/app: <w> - D:\OHIF_MP\Viewers_v2\node_modules\webpack\lib\util\serialization.js
@ohif/app: <w> - D:\OHIF_MP\Viewers_v2\node_modules\webpack\lib\util\makeSerializable.js
@ohif/app: <w> - D:\OHIF_MP\Viewers_v2\node_modules\webpack\lib\dependencies\EntryDependency.js
@ohif/app: <w> - D:\OHIF_MP\Viewers_v2\node_modules\webpack\lib\EntryPlugin.js
@ohif/app: <w> - D:\OHIF_MP\Viewers_v2\node_modules\webpack\lib\index.js
@ohif/app: <w> - D:\OHIF_MP\Viewers_v2\node_modules\webpack-cli\lib\webpack-cli.js
@ohif/app: <w> - D:\OHIF_MP\Viewers_v2\node_modules\webpack-cli\lib\bootstrap.js
@ohif/app: <w> - D:\OHIF_MP\Viewers_v2\node_modules\webpack-cli\bin\cli.js
@ohif/app: <w> - D:\OHIF_MP\Viewers_v2\node_modules\webpack\bin\webpack.js
@ohif/app: <w> (during deserialization of Array)
@ohif/app: <w> (during deserialization of webpack/lib/NormalModule)
@ohif/app: <w> (during deserialization of Map)
@ohif/app: <w> (during deserialization of webpack/lib/cache/PackFileCacheStrategy PackContentItems)
@ohif/app: <w> [webpack.cache.PackFileCacheStrategy] Restoring failed for ResolverCachePlugin|normal|default|dependencyType=|commonjs|path=|D:\OHIF_MP\Viewers_v2\node_modules\moment\locale|request=|./sk from pack: Error: Cannot find module 'D:\OHIF_MP\Viewers_v2\node_modules\mini-css-extract-plugin\dist\CssDependency'
@ohif/app: <w> Require stack:
@ohif/app: <w> - D:\OHIF_MP\Viewers_v2\node_modules\webpack\lib\serialization\ObjectMiddleware.js
@ohif/app: <w> - D:\OHIF_MP\Viewers_v2\node_modules\webpack\lib\util\serialization.js
@ohif/app: <w> - D:\OHIF_MP\Viewers_v2\node_modules\webpack\lib\util\makeSerializable.js
@ohif/app: <w> - D:\OHIF_MP\Viewers_v2\node_modules\webpack\lib\dependencies\EntryDependency.js
@ohif/app: <w> - D:\OHIF_MP\Viewers_v2\node_modules\webpack\lib\EntryPlugin.js
@ohif/app: <w> - D:\OHIF_MP\Viewers_v2\node_modules\webpack\lib\index.js
@ohif/app: <w> - D:\OHIF_MP\Viewers_v2\node_modules\webpack-cli\lib\webpack-cli.js
@ohif/app: <w> - D:\OHIF_MP\Viewers_v2\node_modules\webpack-cli\lib\bootstrap.js
@ohif/app: <w> - D:\OHIF_MP\Viewers_v2\node_modules\webpack-cli\bin\cli.js
@ohif/app: <w> - D:\OHIF_MP\Viewers_v2\node_modules\webpack\bin\webpack.js
@ohif/app: <w> (during deserialization of Array)
@ohif/app: <w> (during deserialization of webpack/lib/NormalModule)
@ohif/app: <w> (during deserialization of Map)
@ohif/app: <w> (during deserialization of webpack/lib/cache/PackFileCacheStrategy PackContentItems)
@ohif/app: <w> [webpack.cache.PackFileCacheStrategy] Restoring failed for ResolverCachePlugin|normal|default|dependencyType=|commonjs|path=|D:\OHIF_MP\Viewers_v2\node_modules\moment\locale|request=|./sk.js from pack: Error: Cannot find module 'D:\OHIF_MP\Viewers_v2\node_modules\mini-css-extract-plugin\dist\CssDependency'
@ohif/app: <w> Require stack:
@ohif/app: <w> - D:\OHIF_MP\Viewers_v2\node_modules\webpack\lib\serialization\ObjectMiddleware.js
@ohif/app: <w> - D:\OHIF_MP\Viewers_v2\node_modules\webpack\lib\util\serialization.js
@ohif/app: <w> - D:\OHIF_MP\Viewers_v2\node_modules\webpack\lib\util\makeSerializable.js
@ohif/app: <w> - D:\OHIF_MP\Viewers_v2\node_modules\webpack\lib\dependencies\EntryDependency.js
@ohif/app: <w> - D:\OHIF_MP\Viewers_v2\node_modules\webpack\lib\EntryPlugin.js
@ohif/app: <w> - D:\OHIF_MP\Viewers_v2\node_modules\webpack\lib\index.js
@ohif/app: <w> - D:\OHIF_MP\Viewers_v2\node_modules\webpack-cli\lib\webpack-cli.js
@ohif/app: <w> - D:\OHIF_MP\Viewers_v2\node_modules\webpack-cli\lib\bootstrap.js
@ohif/app: <w> - D:\OHIF_MP\Viewers_v2\node_modules\webpack-cli\bin\cli.js
@ohif/app: <w> - D:\OHIF_MP\Viewers_v2\node_modules\webpack\bin\webpack.js
@ohif/app: <w> (during deserialization of Array)
@ohif/app: <w> (during deserialization of webpack/lib/NormalModule)
@ohif/app: <w> (during deserialization of Map)
@ohif/app: <w> (during deserialization of webpack/lib/cache/PackFileCacheStrategy PackContentItems)
@ohif/app: <w> [webpack.cache.PackFileCacheStrategy] Restoring failed for ResolverCachePlugin|normal|default|dependencyType=|commonjs|path=|D:\OHIF_MP\Viewers_v2\node_modules\moment\locale|request=|./sl from pack: Error: Cannot find module 'D:\OHIF_MP\Viewers_v2\node_modules\mini-css-extract-plugin\dist\CssDependency'
@ohif/app: <w> Require stack:
@ohif/app: <w> - D:\OHIF_MP\Viewers_v2\node_modules\webpack\lib\serialization\ObjectMiddleware.js
@ohif/app: <w> - D:\OHIF_MP\Viewers_v2\node_modules\webpack\lib\util\serialization.js
@ohif/app: <w> - D:\OHIF_MP\Viewers_v2\node_modules\webpack\lib\util\makeSerializable.js
@ohif/app: <w> - D:\OHIF_MP\Viewers_v2\node_modules\webpack\lib\dependencies\EntryDependency.js
@ohif/app: <w> - D:\OHIF_MP\Viewers_v2\node_modules\webpack\lib\EntryPlugin.js
@ohif/app: <w> - D:\OHIF_MP\Viewers_v2\node_modules\webpack\lib\index.js
@ohif/app: <w> - D:\OHIF_MP\Viewers_v2\node_modules\webpack-cli\lib\webpack-cli.js
@ohif/app: <w> - D:\OHIF_MP\Viewers_v2\node_modules\webpack-cli\lib\bootstrap.js
@ohif/app: <w> - D:\OHIF_MP\Viewers_v2\node_modules\webpack-cli\bin\cli.js
@ohif/app: <w> - D:\OHIF_MP\Viewers_v2\node_modules\webpack\bin\webpack.js
@ohif/app: <w> (during deserialization of Array)
@ohif/app: <w> (during deserialization of webpack/lib/NormalModule)
@ohif/app: <w> (during deserialization of Map)
@ohif/app: <w> (during deserialization of webpack/lib/cache/PackFileCacheStrategy PackContentItems)
@ohif/app: <w> [webpack.cache.PackFileCacheStrategy] Restoring failed for ResolverCachePlugin|normal|default|dependencyType=|commonjs|path=|D:\OHIF_MP\Viewers_v2\node_modules\moment\locale|request=|./sl.js from pack: Error: Cannot find module 'D:\OHIF_MP\Viewers_v2\node_modules\mini-css-extract-plugin\dist\CssDependency'
@ohif/app: <w> Require stack:
@ohif/app: <w> - D:\OHIF_MP\Viewers_v2\node_modules\webpack\lib\serialization\ObjectMiddleware.js
@ohif/app: <w> - D:\OHIF_MP\Viewers_v2\node_modules\webpack\lib\util\serialization.js
@ohif/app: <w> - D:\OHIF_MP\Viewers_v2\node_modules\webpack\lib\util\makeSerializable.js
@ohif/app: <w> - D:\OHIF_MP\Viewers_v2\node_modules\webpack\lib\dependencies\EntryDependency.js
@ohif/app: <w> - D:\OHIF_MP\Viewers_v2\node_modules\webpack\lib\EntryPlugin.js
@ohif/app: <w> - D:\OHIF_MP\Viewers_v2\node_modules\webpack\lib\index.js
@ohif/app: <w> - D:\OHIF_MP\Viewers_v2\node_modules\webpack-cli\lib\webpack-cli.js
@ohif/app: <w> - D:\OHIF_MP\Viewers_v2\node_modules\webpack-cli\lib\bootstrap.js
@ohif/app: <w> - D:\OHIF_MP\Viewers_v2\node_modules\webpack-cli\bin\cli.js
@ohif/app: <w> - D:\OHIF_MP\Viewers_v2\node_modules\webpack\bin\webpack.js
@ohif/app: <w> (during deserialization of Array)
@ohif/app: <w> (during deserialization of webpack/lib/NormalModule)
@ohif/app: <w> (during deserialization of Map)
@ohif/app: <w> (during deserialization of webpack/lib/cache/PackFileCacheStrategy PackContentItems)
@ohif/app: <w> [webpack.cache.PackFileCacheStrategy] Restoring failed for ResolverCachePlugin|normal|default|dependencyType=|commonjs|path=|D:\OHIF_MP\Viewers_v2\node_modules\moment\locale|request=|./sq from pack: Error: Cannot find module 'D:\OHIF_MP\Viewers_v2\node_modules\mini-css-extract-plugin\dist\CssDependency'
@ohif/app: <w> Require stack:
@ohif/app: <w> - D:\OHIF_MP\Viewers_v2\node_modules\webpack\lib\serialization\ObjectMiddleware.js
@ohif/app: <w> - D:\OHIF_MP\Viewers_v2\node_modules\webpack\lib\util\serialization.js
@ohif/app: <w> - D:\OHIF_MP\Viewers_v2\node_modules\webpack\lib\util\makeSerializable.js
@ohif/app: <w> - D:\OHIF_MP\Viewers_v2\node_modules\webpack\lib\dependencies\EntryDependency.js
@ohif/app: <w> - D:\OHIF_MP\Viewers_v2\node_modules\webpack\lib\EntryPlugin.js
@ohif/app: <w> - D:\OHIF_MP\Viewers_v2\node_modules\webpack\lib\index.js
@ohif/app: <w> - D:\OHIF_MP\Viewers_v2\node_modules\webpack-cli\lib\webpack-cli.js
@ohif/app: <w> - D:\OHIF_MP\Viewers_v2\node_modules\webpack-cli\lib\bootstrap.js
@ohif/app: <w> - D:\OHIF_MP\Viewers_v2\node_modules\webpack-cli\bin\cli.js
@ohif/app: <w> - D:\OHIF_MP\Viewers_v2\node_modules\webpack\bin\webpack.js
@ohif/app: <w> (during deserialization of Array)
@ohif/app: <w> (during deserialization of webpack/lib/NormalModule)
@ohif/app: <w> (during deserialization of Map)
@ohif/app: <w> (during deserialization of webpack/lib/cache/PackFileCacheStrategy PackContentItems)
@ohif/app: <w> [webpack.cache.PackFileCacheStrategy] Restoring failed for ResolverCachePlugin|normal|default|dependencyType=|commonjs|path=|D:\OHIF_MP\Viewers_v2\node_modules\moment\locale|request=|./sq.js from pack: Error: Cannot find module 'D:\OHIF_MP\Viewers_v2\node_modules\mini-css-extract-plugin\dist\CssDependency'
@ohif/app: <w> Require stack:
@ohif/app: <w> - D:\OHIF_MP\Viewers_v2\node_modules\webpack\lib\serialization\ObjectMiddleware.js
@ohif/app: <w> - D:\OHIF_MP\Viewers_v2\node_modules\webpack\lib\util\serialization.js
@ohif/app: <w> - D:\OHIF_MP\Viewers_v2\node_modules\webpack\lib\util\makeSerializable.js
@ohif/app: <w> - D:\OHIF_MP\Viewers_v2\node_modules\webpack\lib\dependencies\EntryDependency.js
@ohif/app: <w> - D:\OHIF_MP\Viewers_v2\node_modules\webpack\lib\EntryPlugin.js
@ohif/app: <w> - D:\OHIF_MP\Viewers_v2\node_modules\webpack\lib\index.js
@ohif/app: <w> - D:\OHIF_MP\Viewers_v2\node_modules\webpack-cli\lib\webpack-cli.js
@ohif/app: <w> - D:\OHIF_MP\Viewers_v2\node_modules\webpack-cli\lib\bootstrap.js
@ohif/app: <w> - D:\OHIF_MP\Viewers_v2\node_modules\webpack-cli\bin\cli.js
@ohif/app: <w> - D:\OHIF_MP\Viewers_v2\node_modules\webpack\bin\webpack.js
@ohif/app: <w> (during deserialization of Array)
@ohif/app: <w> (during deserialization of webpack/lib/NormalModule)
@ohif/app: <w> (during deserialization of Map)
@ohif/app: <w> (during deserialization of webpack/lib/cache/PackFileCacheStrategy PackContentItems)
@ohif/app: <w> [webpack.cache.PackFileCacheStrategy] Restoring failed for ResolverCachePlugin|normal|default|dependencyType=|commonjs|path=|D:\OHIF_MP\Viewers_v2\node_modules\moment\locale|request=|./sr from pack: Error: Cannot find module 'D:\OHIF_MP\Viewers_v2\node_modules\mini-css-extract-plugin\dist\CssDependency'
@ohif/app: <w> Require stack:
@ohif/app: <w> - D:\OHIF_MP\Viewers_v2\node_modules\webpack\lib\serialization\ObjectMiddleware.js
@ohif/app: <w> - D:\OHIF_MP\Viewers_v2\node_modules\webpack\lib\util\serialization.js
@ohif/app: <w> - D:\OHIF_MP\Viewers_v2\node_modules\webpack\lib\util\makeSerializable.js
@ohif/app: <w> - D:\OHIF_MP\Viewers_v2\node_modules\webpack\lib\dependencies\EntryDependency.js
@ohif/app: <w> - D:\OHIF_MP\Viewers_v2\node_modules\webpack\lib\EntryPlugin.js
@ohif/app: <w> - D:\OHIF_MP\Viewers_v2\node_modules\webpack\lib\index.js
@ohif/app: <w> - D:\OHIF_MP\Viewers_v2\node_modules\webpack-cli\lib\webpack-cli.js
@ohif/app: <w> - D:\OHIF_MP\Viewers_v2\node_modules\webpack-cli\lib\bootstrap.js
@ohif/app: <w> - D:\OHIF_MP\Viewers_v2\node_modules\webpack-cli\bin\cli.js
@ohif/app: <w> - D:\OHIF_MP\Viewers_v2\node_modules\webpack\bin\webpack.js
@ohif/app: <w> (during deserialization of Array)
@ohif/app: <w> (during deserialization of webpack/lib/NormalModule)
@ohif/app: <w> (during deserialization of Map)
@ohif/app: <w> (during deserialization of webpack/lib/cache/PackFileCacheStrategy PackContentItems)
@ohif/app: <w> [webpack.cache.PackFileCacheStrategy] Restoring failed for ResolverCachePlugin|normal|default|dependencyType=|commonjs|path=|D:\OHIF_MP\Viewers_v2\node_modules\moment\locale|request=|./sr-cyrl from pack: Error: Cannot find module 'D:\OHIF_MP\Viewers_v2\node_modules\mini-css-extract-plugin\dist\CssDependency'
@ohif/app: <w> Require stack:
@ohif/app: <w> - D:\OHIF_MP\Viewers_v2\node_modules\webpack\lib\serialization\ObjectMiddleware.js
@ohif/app: <w> - D:\OHIF_MP\Viewers_v2\node_modules\webpack\lib\util\serialization.js
@ohif/app: <w> - D:\OHIF_MP\Viewers_v2\node_modules\webpack\lib\util\makeSerializable.js
@ohif/app: <w> - D:\OHIF_MP\Viewers_v2\node_modules\webpack\lib\dependencies\EntryDependency.js
@ohif/app: <w> - D:\OHIF_MP\Viewers_v2\node_modules\webpack\lib\EntryPlugin.js
@ohif/app: <w> - D:\OHIF_MP\Viewers_v2\node_modules\webpack\lib\index.js
@ohif/app: <w> - D:\OHIF_MP\Viewers_v2\node_modules\webpack-cli\lib\webpack-cli.js
@ohif/app: <w> - D:\OHIF_MP\Viewers_v2\node_modules\webpack-cli\lib\bootstrap.js
@ohif/app: <w> - D:\OHIF_MP\Viewers_v2\node_modules\webpack-cli\bin\cli.js
@ohif/app: <w> - D:\OHIF_MP\Viewers_v2\node_modules\webpack\bin\webpack.js
@ohif/app: <w> (during deserialization of Array)
@ohif/app: <w> (during deserialization of webpack/lib/NormalModule)
@ohif/app: <w> (during deserialization of Map)
@ohif/app: <w> (during deserialization of webpack/lib/cache/PackFileCacheStrategy PackContentItems)
@ohif/app: <w> [webpack.cache.PackFileCacheStrategy] Restoring failed for ResolverCachePlugin|normal|default|dependencyType=|commonjs|path=|D:\OHIF_MP\Viewers_v2\node_modules\moment\locale|request=|./sr-cyrl.js from pack: Error: Cannot find module 'D:\OHIF_MP\Viewers_v2\node_modules\mini-css-extract-plugin\dist\CssDependency'
@ohif/app: <w> Require stack:
@ohif/app: <w> - D:\OHIF_MP\Viewers_v2\node_modules\webpack\lib\serialization\ObjectMiddleware.js
@ohif/app: <w> - D:\OHIF_MP\Viewers_v2\node_modules\webpack\lib\util\serialization.js
@ohif/app: <w> - D:\OHIF_MP\Viewers_v2\node_modules\webpack\lib\util\makeSerializable.js
@ohif/app: <w> - D:\OHIF_MP\Viewers_v2\node_modules\webpack\lib\dependencies\EntryDependency.js
@ohif/app: <w> - D:\OHIF_MP\Viewers_v2\node_modules\webpack\lib\EntryPlugin.js
@ohif/app: <w> - D:\OHIF_MP\Viewers_v2\node_modules\webpack\lib\index.js
@ohif/app: <w> - D:\OHIF_MP\Viewers_v2\node_modules\webpack-cli\lib\webpack-cli.js
@ohif/app: <w> - D:\OHIF_MP\Viewers_v2\node_modules\webpack-cli\lib\bootstrap.js
@ohif/app: <w> - D:\OHIF_MP\Viewers_v2\node_modules\webpack-cli\bin\cli.js
@ohif/app: <w> - D:\OHIF_MP\Viewers_v2\node_modules\webpack\bin\webpack.js
@ohif/app: <w> (during deserialization of Array)
@ohif/app: <w> (during deserialization of webpack/lib/NormalModule)
@ohif/app: <w> (during deserialization of Map)
@ohif/app: <w> (during deserialization of webpack/lib/cache/PackFileCacheStrategy PackContentItems)
@ohif/app: <w> [webpack.cache.PackFileCacheStrategy] Restoring failed for ResolverCachePlugin|normal|default|dependencyType=|commonjs|path=|D:\OHIF_MP\Viewers_v2\node_modules\moment\locale|request=|./sr.js from pack: Error: Cannot find module 'D:\OHIF_MP\Viewers_v2\node_modules\mini-css-extract-plugin\dist\CssDependency'
@ohif/app: <w> Require stack:
@ohif/app: <w> - D:\OHIF_MP\Viewers_v2\node_modules\webpack\lib\serialization\ObjectMiddleware.js
@ohif/app: <w> - D:\OHIF_MP\Viewers_v2\node_modules\webpack\lib\util\serialization.js
@ohif/app: <w> - D:\OHIF_MP\Viewers_v2\node_modules\webpack\lib\util\makeSerializable.js
@ohif/app: <w> - D:\OHIF_MP\Viewers_v2\node_modules\webpack\lib\dependencies\EntryDependency.js
@ohif/app: <w> - D:\OHIF_MP\Viewers_v2\node_modules\webpack\lib\EntryPlugin.js
@ohif/app: <w> - D:\OHIF_MP\Viewers_v2\node_modules\webpack\lib\index.js
@ohif/app: <w> - D:\OHIF_MP\Viewers_v2\node_modules\webpack-cli\lib\webpack-cli.js
@ohif/app: <w> - D:\OHIF_MP\Viewers_v2\node_modules\webpack-cli\lib\bootstrap.js
@ohif/app: <w> - D:\OHIF_MP\Viewers_v2\node_modules\webpack-cli\bin\cli.js
@ohif/app: <w> - D:\OHIF_MP\Viewers_v2\node_modules\webpack\bin\webpack.js
@ohif/app: <w> (during deserialization of Array)
@ohif/app: <w> (during deserialization of webpack/lib/NormalModule)
@ohif/app: <w> (during deserialization of Map)
@ohif/app: <w> (during deserialization of webpack/lib/cache/PackFileCacheStrategy PackContentItems)
@ohif/app: <w> [webpack.cache.PackFileCacheStrategy] Restoring failed for ResolverCachePlugin|normal|default|dependencyType=|commonjs|path=|D:\OHIF_MP\Viewers_v2\node_modules\moment\locale|request=|./ss from pack: Error: Cannot find module 'D:\OHIF_MP\Viewers_v2\node_modules\mini-css-extract-plugin\dist\CssDependency'
@ohif/app: <w> Require stack:
@ohif/app: <w> - D:\OHIF_MP\Viewers_v2\node_modules\webpack\lib\serialization\ObjectMiddleware.js
@ohif/app: <w> - D:\OHIF_MP\Viewers_v2\node_modules\webpack\lib\util\serialization.js
@ohif/app: <w> - D:\OHIF_MP\Viewers_v2\node_modules\webpack\lib\util\makeSerializable.js
@ohif/app: <w> - D:\OHIF_MP\Viewers_v2\node_modules\webpack\lib\dependencies\EntryDependency.js
@ohif/app: <w> - D:\OHIF_MP\Viewers_v2\node_modules\webpack\lib\EntryPlugin.js
@ohif/app: <w> - D:\OHIF_MP\Viewers_v2\node_modules\webpack\lib\index.js
@ohif/app: <w> - D:\OHIF_MP\Viewers_v2\node_modules\webpack-cli\lib\webpack-cli.js
@ohif/app: <w> - D:\OHIF_MP\Viewers_v2\node_modules\webpack-cli\lib\bootstrap.js
@ohif/app: <w> - D:\OHIF_MP\Viewers_v2\node_modules\webpack-cli\bin\cli.js
@ohif/app: <w> - D:\OHIF_MP\Viewers_v2\node_modules\webpack\bin\webpack.js
@ohif/app: <w> (during deserialization of Array)
@ohif/app: <w> (during deserialization of webpack/lib/NormalModule)
@ohif/app: <w> (during deserialization of Map)
@ohif/app: <w> (during deserialization of webpack/lib/cache/PackFileCacheStrategy PackContentItems)
@ohif/app: <w> [webpack.cache.PackFileCacheStrategy] Restoring failed for ResolverCachePlugin|normal|default|dependencyType=|commonjs|path=|D:\OHIF_MP\Viewers_v2\node_modules\moment\locale|request=|./ss.js from pack: Error: Cannot find module 'D:\OHIF_MP\Viewers_v2\node_modules\mini-css-extract-plugin\dist\CssDependency'
@ohif/app: <w> Require stack:
@ohif/app: <w> - D:\OHIF_MP\Viewers_v2\node_modules\webpack\lib\serialization\ObjectMiddleware.js
@ohif/app: <w> - D:\OHIF_MP\Viewers_v2\node_modules\webpack\lib\util\serialization.js
@ohif/app: <w> - D:\OHIF_MP\Viewers_v2\node_modules\webpack\lib\util\makeSerializable.js
@ohif/app: <w> - D:\OHIF_MP\Viewers_v2\node_modules\webpack\lib\dependencies\EntryDependency.js
@ohif/app: <w> - D:\OHIF_MP\Viewers_v2\node_modules\webpack\lib\EntryPlugin.js
@ohif/app: <w> - D:\OHIF_MP\Viewers_v2\node_modules\webpack\lib\index.js
@ohif/app: <w> - D:\OHIF_MP\Viewers_v2\node_modules\webpack-cli\lib\webpack-cli.js
@ohif/app: <w> - D:\OHIF_MP\Viewers_v2\node_modules\webpack-cli\lib\bootstrap.js
@ohif/app: <w> - D:\OHIF_MP\Viewers_v2\node_modules\webpack-cli\bin\cli.js
@ohif/app: <w> - D:\OHIF_MP\Viewers_v2\node_modules\webpack\bin\webpack.js
@ohif/app: <w> (during deserialization of Array)
@ohif/app: <w> (during deserialization of webpack/lib/NormalModule)
@ohif/app: <w> (during deserialization of Map)
@ohif/app: <w> (during deserialization of webpack/lib/cache/PackFileCacheStrategy PackContentItems)
@ohif/app: <w> [webpack.cache.PackFileCacheStrategy] Restoring failed for ResolverCachePlugin|normal|default|dependencyType=|commonjs|path=|D:\OHIF_MP\Viewers_v2\node_modules\moment\locale|request=|./sv from pack: Error: Cannot find module 'D:\OHIF_MP\Viewers_v2\node_modules\mini-css-extract-plugin\dist\CssDependency'
@ohif/app: <w> Require stack:
@ohif/app: <w> - D:\OHIF_MP\Viewers_v2\node_modules\webpack\lib\serialization\ObjectMiddleware.js
@ohif/app: <w> - D:\OHIF_MP\Viewers_v2\node_modules\webpack\lib\util\serialization.js
@ohif/app: <w> - D:\OHIF_MP\Viewers_v2\node_modules\webpack\lib\util\makeSerializable.js
@ohif/app: <w> - D:\OHIF_MP\Viewers_v2\node_modules\webpack\lib\dependencies\EntryDependency.js
@ohif/app: <w> - D:\OHIF_MP\Viewers_v2\node_modules\webpack\lib\EntryPlugin.js
@ohif/app: <w> - D:\OHIF_MP\Viewers_v2\node_modules\webpack\lib\index.js
@ohif/app: <w> - D:\OHIF_MP\Viewers_v2\node_modules\webpack-cli\lib\webpack-cli.js
@ohif/app: <w> - D:\OHIF_MP\Viewers_v2\node_modules\webpack-cli\lib\bootstrap.js
@ohif/app: <w> - D:\OHIF_MP\Viewers_v2\node_modules\webpack-cli\bin\cli.js
@ohif/app: <w> - D:\OHIF_MP\Viewers_v2\node_modules\webpack\bin\webpack.js
@ohif/app: <w> (during deserialization of Array)
@ohif/app: <w> (during deserialization of webpack/lib/NormalModule)
@ohif/app: <w> (during deserialization of Map)
@ohif/app: <w> (during deserialization of webpack/lib/cache/PackFileCacheStrategy PackContentItems)
@ohif/app: <w> [webpack.cache.PackFileCacheStrategy] Restoring failed for ResolverCachePlugin|normal|default|dependencyType=|commonjs|path=|D:\OHIF_MP\Viewers_v2\node_modules\moment\locale|request=|./sv.js from pack: Error: Cannot find module 'D:\OHIF_MP\Viewers_v2\node_modules\mini-css-extract-plugin\dist\CssDependency'
@ohif/app: <w> Require stack:
@ohif/app: <w> - D:\OHIF_MP\Viewers_v2\node_modules\webpack\lib\serialization\ObjectMiddleware.js
@ohif/app: <w> - D:\OHIF_MP\Viewers_v2\node_modules\webpack\lib\util\serialization.js
@ohif/app: <w> - D:\OHIF_MP\Viewers_v2\node_modules\webpack\lib\util\makeSerializable.js
@ohif/app: <w> - D:\OHIF_MP\Viewers_v2\node_modules\webpack\lib\dependencies\EntryDependency.js
@ohif/app: <w> - D:\OHIF_MP\Viewers_v2\node_modules\webpack\lib\EntryPlugin.js
@ohif/app: <w> - D:\OHIF_MP\Viewers_v2\node_modules\webpack\lib\index.js
@ohif/app: <w> - D:\OHIF_MP\Viewers_v2\node_modules\webpack-cli\lib\webpack-cli.js
@ohif/app: <w> - D:\OHIF_MP\Viewers_v2\node_modules\webpack-cli\lib\bootstrap.js
@ohif/app: <w> - D:\OHIF_MP\Viewers_v2\node_modules\webpack-cli\bin\cli.js
@ohif/app: <w> - D:\OHIF_MP\Viewers_v2\node_modules\webpack\bin\webpack.js
@ohif/app: <w> (during deserialization of Array)
@ohif/app: <w> (during deserialization of webpack/lib/NormalModule)
@ohif/app: <w> (during deserialization of Map)
@ohif/app: <w> (during deserialization of webpack/lib/cache/PackFileCacheStrategy PackContentItems)
@ohif/app: <w> [webpack.cache.PackFileCacheStrategy] Restoring failed for ResolverCachePlugin|normal|default|dependencyType=|commonjs|path=|D:\OHIF_MP\Viewers_v2\node_modules\moment\locale|request=|./sw from pack: Error: Cannot find module 'D:\OHIF_MP\Viewers_v2\node_modules\mini-css-extract-plugin\dist\CssDependency'
@ohif/app: <w> Require stack:
@ohif/app: <w> - D:\OHIF_MP\Viewers_v2\node_modules\webpack\lib\serialization\ObjectMiddleware.js
@ohif/app: <w> - D:\OHIF_MP\Viewers_v2\node_modules\webpack\lib\util\serialization.js
@ohif/app: <w> - D:\OHIF_MP\Viewers_v2\node_modules\webpack\lib\util\makeSerializable.js
@ohif/app: <w> - D:\OHIF_MP\Viewers_v2\node_modules\webpack\lib\dependencies\EntryDependency.js
@ohif/app: <w> - D:\OHIF_MP\Viewers_v2\node_modules\webpack\lib\EntryPlugin.js
@ohif/app: <w> - D:\OHIF_MP\Viewers_v2\node_modules\webpack\lib\index.js
@ohif/app: <w> - D:\OHIF_MP\Viewers_v2\node_modules\webpack-cli\lib\webpack-cli.js
@ohif/app: <w> - D:\OHIF_MP\Viewers_v2\node_modules\webpack-cli\lib\bootstrap.js
@ohif/app: <w> - D:\OHIF_MP\Viewers_v2\node_modules\webpack-cli\bin\cli.js
@ohif/app: <w> - D:\OHIF_MP\Viewers_v2\node_modules\webpack\bin\webpack.js
@ohif/app: <w> (during deserialization of Array)
@ohif/app: <w> (during deserialization of webpack/lib/NormalModule)
@ohif/app: <w> (during deserialization of Map)
@ohif/app: <w> (during deserialization of webpack/lib/cache/PackFileCacheStrategy PackContentItems)
@ohif/app: <w> [webpack.cache.PackFileCacheStrategy] Restoring failed for ResolverCachePlugin|normal|default|dependencyType=|commonjs|path=|D:\OHIF_MP\Viewers_v2\node_modules\moment\locale|request=|./sw.js from pack: Error: Cannot find module 'D:\OHIF_MP\Viewers_v2\node_modules\mini-css-extract-plugin\dist\CssDependency'
@ohif/app: <w> Require stack:
@ohif/app: <w> - D:\OHIF_MP\Viewers_v2\node_modules\webpack\lib\serialization\ObjectMiddleware.js
@ohif/app: <w> - D:\OHIF_MP\Viewers_v2\node_modules\webpack\lib\util\serialization.js
@ohif/app: <w> - D:\OHIF_MP\Viewers_v2\node_modules\webpack\lib\util\makeSerializable.js
@ohif/app: <w> - D:\OHIF_MP\Viewers_v2\node_modules\webpack\lib\dependencies\EntryDependency.js
@ohif/app: <w> - D:\OHIF_MP\Viewers_v2\node_modules\webpack\lib\EntryPlugin.js
@ohif/app: <w> - D:\OHIF_MP\Viewers_v2\node_modules\webpack\lib\index.js
@ohif/app: <w> - D:\OHIF_MP\Viewers_v2\node_modules\webpack-cli\lib\webpack-cli.js
@ohif/app: <w> - D:\OHIF_MP\Viewers_v2\node_modules\webpack-cli\lib\bootstrap.js
@ohif/app: <w> - D:\OHIF_MP\Viewers_v2\node_modules\webpack-cli\bin\cli.js
@ohif/app: <w> - D:\OHIF_MP\Viewers_v2\node_modules\webpack\bin\webpack.js
@ohif/app: <w> (during deserialization of Array)
@ohif/app: <w> (during deserialization of webpack/lib/NormalModule)
@ohif/app: <w> (during deserialization of Map)
@ohif/app: <w> (during deserialization of webpack/lib/cache/PackFileCacheStrategy PackContentItems)
@ohif/app: <w> [webpack.cache.PackFileCacheStrategy] Restoring failed for ResolverCachePlugin|normal|default|dependencyType=|commonjs|path=|D:\OHIF_MP\Viewers_v2\node_modules\moment\locale|request=|./ta from pack: Error: Cannot find module 'D:\OHIF_MP\Viewers_v2\node_modules\mini-css-extract-plugin\dist\CssDependency'
@ohif/app: <w> Require stack:
@ohif/app: <w> - D:\OHIF_MP\Viewers_v2\node_modules\webpack\lib\serialization\ObjectMiddleware.js
@ohif/app: <w> - D:\OHIF_MP\Viewers_v2\node_modules\webpack\lib\util\serialization.js
@ohif/app: <w> - D:\OHIF_MP\Viewers_v2\node_modules\webpack\lib\util\makeSerializable.js
@ohif/app: <w> - D:\OHIF_MP\Viewers_v2\node_modules\webpack\lib\dependencies\EntryDependency.js
@ohif/app: <w> - D:\OHIF_MP\Viewers_v2\node_modules\webpack\lib\EntryPlugin.js
@ohif/app: <w> - D:\OHIF_MP\Viewers_v2\node_modules\webpack\lib\index.js
@ohif/app: <w> - D:\OHIF_MP\Viewers_v2\node_modules\webpack-cli\lib\webpack-cli.js
@ohif/app: <w> - D:\OHIF_MP\Viewers_v2\node_modules\webpack-cli\lib\bootstrap.js
@ohif/app: <w> - D:\OHIF_MP\Viewers_v2\node_modules\webpack-cli\bin\cli.js
@ohif/app: <w> - D:\OHIF_MP\Viewers_v2\node_modules\webpack\bin\webpack.js
@ohif/app: <w> (during deserialization of Array)
@ohif/app: <w> (during deserialization of webpack/lib/NormalModule)
@ohif/app: <w> (during deserialization of Map)
@ohif/app: <w> (during deserialization of webpack/lib/cache/PackFileCacheStrategy PackContentItems)
@ohif/app: <w> [webpack.cache.PackFileCacheStrategy] Restoring failed for ResolverCachePlugin|normal|default|dependencyType=|commonjs|path=|D:\OHIF_MP\Viewers_v2\node_modules\moment\locale|request=|./ta.js from pack: Error: Cannot find module 'D:\OHIF_MP\Viewers_v2\node_modules\mini-css-extract-plugin\dist\CssDependency'
@ohif/app: <w> Require stack:
@ohif/app: <w> - D:\OHIF_MP\Viewers_v2\node_modules\webpack\lib\serialization\ObjectMiddleware.js
@ohif/app: <w> - D:\OHIF_MP\Viewers_v2\node_modules\webpack\lib\util\serialization.js
@ohif/app: <w> - D:\OHIF_MP\Viewers_v2\node_modules\webpack\lib\util\makeSerializable.js
@ohif/app: <w> - D:\OHIF_MP\Viewers_v2\node_modules\webpack\lib\dependencies\EntryDependency.js
@ohif/app: <w> - D:\OHIF_MP\Viewers_v2\node_modules\webpack\lib\EntryPlugin.js
@ohif/app: <w> - D:\OHIF_MP\Viewers_v2\node_modules\webpack\lib\index.js
@ohif/app: <w> - D:\OHIF_MP\Viewers_v2\node_modules\webpack-cli\lib\webpack-cli.js
@ohif/app: <w> - D:\OHIF_MP\Viewers_v2\node_modules\webpack-cli\lib\bootstrap.js
@ohif/app: <w> - D:\OHIF_MP\Viewers_v2\node_modules\webpack-cli\bin\cli.js
@ohif/app: <w> - D:\OHIF_MP\Viewers_v2\node_modules\webpack\bin\webpack.js
@ohif/app: <w> (during deserialization of Array)
@ohif/app: <w> (during deserialization of webpack/lib/NormalModule)
@ohif/app: <w> (during deserialization of Map)
@ohif/app: <w> (during deserialization of webpack/lib/cache/PackFileCacheStrategy PackContentItems)
@ohif/app: <w> [webpack.cache.PackFileCacheStrategy] Restoring failed for ResolverCachePlugin|normal|default|dependencyType=|commonjs|path=|D:\OHIF_MP\Viewers_v2\node_modules\moment\locale|request=|./te from pack: Error: Cannot find module 'D:\OHIF_MP\Viewers_v2\node_modules\mini-css-extract-plugin\dist\CssDependency'
@ohif/app: <w> Require stack:
@ohif/app: <w> - D:\OHIF_MP\Viewers_v2\node_modules\webpack\lib\serialization\ObjectMiddleware.js
@ohif/app: <w> - D:\OHIF_MP\Viewers_v2\node_modules\webpack\lib\util\serialization.js
@ohif/app: <w> - D:\OHIF_MP\Viewers_v2\node_modules\webpack\lib\util\makeSerializable.js
@ohif/app: <w> - D:\OHIF_MP\Viewers_v2\node_modules\webpack\lib\dependencies\EntryDependency.js
@ohif/app: <w> - D:\OHIF_MP\Viewers_v2\node_modules\webpack\lib\EntryPlugin.js
@ohif/app: <w> - D:\OHIF_MP\Viewers_v2\node_modules\webpack\lib\index.js
@ohif/app: <w> - D:\OHIF_MP\Viewers_v2\node_modules\webpack-cli\lib\webpack-cli.js
@ohif/app: <w> - D:\OHIF_MP\Viewers_v2\node_modules\webpack-cli\lib\bootstrap.js
@ohif/app: <w> - D:\OHIF_MP\Viewers_v2\node_modules\webpack-cli\bin\cli.js
@ohif/app: <w> - D:\OHIF_MP\Viewers_v2\node_modules\webpack\bin\webpack.js
@ohif/app: <w> (during deserialization of Array)
@ohif/app: <w> (during deserialization of webpack/lib/NormalModule)
@ohif/app: <w> (during deserialization of Map)
@ohif/app: <w> (during deserialization of webpack/lib/cache/PackFileCacheStrategy PackContentItems)
@ohif/app: <w> [webpack.cache.PackFileCacheStrategy] Restoring failed for ResolverCachePlugin|normal|default|dependencyType=|commonjs|path=|D:\OHIF_MP\Viewers_v2\node_modules\moment\locale|request=|./te.js from pack: Error: Cannot find module 'D:\OHIF_MP\Viewers_v2\node_modules\mini-css-extract-plugin\dist\CssDependency'
@ohif/app: <w> Require stack:
@ohif/app: <w> - D:\OHIF_MP\Viewers_v2\node_modules\webpack\lib\serialization\ObjectMiddleware.js
@ohif/app: <w> - D:\OHIF_MP\Viewers_v2\node_modules\webpack\lib\util\serialization.js
@ohif/app: <w> - D:\OHIF_MP\Viewers_v2\node_modules\webpack\lib\util\makeSerializable.js
@ohif/app: <w> - D:\OHIF_MP\Viewers_v2\node_modules\webpack\lib\dependencies\EntryDependency.js
@ohif/app: <w> - D:\OHIF_MP\Viewers_v2\node_modules\webpack\lib\EntryPlugin.js
@ohif/app: <w> - D:\OHIF_MP\Viewers_v2\node_modules\webpack\lib\index.js
@ohif/app: <w> - D:\OHIF_MP\Viewers_v2\node_modules\webpack-cli\lib\webpack-cli.js
@ohif/app: <w> - D:\OHIF_MP\Viewers_v2\node_modules\webpack-cli\lib\bootstrap.js
@ohif/app: <w> - D:\OHIF_MP\Viewers_v2\node_modules\webpack-cli\bin\cli.js
@ohif/app: <w> - D:\OHIF_MP\Viewers_v2\node_modules\webpack\bin\webpack.js
@ohif/app: <w> (during deserialization of Array)
@ohif/app: <w> (during deserialization of webpack/lib/NormalModule)
@ohif/app: <w> (during deserialization of Map)
@ohif/app: <w> (during deserialization of webpack/lib/cache/PackFileCacheStrategy PackContentItems)
@ohif/app: <w> [webpack.cache.PackFileCacheStrategy] Restoring failed for ResolverCachePlugin|normal|default|dependencyType=|commonjs|path=|D:\OHIF_MP\Viewers_v2\node_modules\moment\locale|request=|./tet from pack: Error: Cannot find module 'D:\OHIF_MP\Viewers_v2\node_modules\mini-css-extract-plugin\dist\CssDependency'
@ohif/app: <w> Require stack:
@ohif/app: <w> - D:\OHIF_MP\Viewers_v2\node_modules\webpack\lib\serialization\ObjectMiddleware.js
@ohif/app: <w> - D:\OHIF_MP\Viewers_v2\node_modules\webpack\lib\util\serialization.js
@ohif/app: <w> - D:\OHIF_MP\Viewers_v2\node_modules\webpack\lib\util\makeSerializable.js
@ohif/app: <w> - D:\OHIF_MP\Viewers_v2\node_modules\webpack\lib\dependencies\EntryDependency.js
@ohif/app: <w> - D:\OHIF_MP\Viewers_v2\node_modules\webpack\lib\EntryPlugin.js
@ohif/app: <w> - D:\OHIF_MP\Viewers_v2\node_modules\webpack\lib\index.js
@ohif/app: <w> - D:\OHIF_MP\Viewers_v2\node_modules\webpack-cli\lib\webpack-cli.js
@ohif/app: <w> - D:\OHIF_MP\Viewers_v2\node_modules\webpack-cli\lib\bootstrap.js
@ohif/app: <w> - D:\OHIF_MP\Viewers_v2\node_modules\webpack-cli\bin\cli.js
@ohif/app: <w> - D:\OHIF_MP\Viewers_v2\node_modules\webpack\bin\webpack.js
@ohif/app: <w> (during deserialization of Array)
@ohif/app: <w> (during deserialization of webpack/lib/NormalModule)
@ohif/app: <w> (during deserialization of Map)
@ohif/app: <w> (during deserialization of webpack/lib/cache/PackFileCacheStrategy PackContentItems)
@ohif/app: <w> [webpack.cache.PackFileCacheStrategy] Restoring failed for ResolverCachePlugin|normal|default|dependencyType=|commonjs|path=|D:\OHIF_MP\Viewers_v2\node_modules\moment\locale|request=|./tet.js from pack: Error: Cannot find module 'D:\OHIF_MP\Viewers_v2\node_modules\mini-css-extract-plugin\dist\CssDependency'
@ohif/app: <w> Require stack:
@ohif/app: <w> - D:\OHIF_MP\Viewers_v2\node_modules\webpack\lib\serialization\ObjectMiddleware.js
@ohif/app: <w> - D:\OHIF_MP\Viewers_v2\node_modules\webpack\lib\util\serialization.js
@ohif/app: <w> - D:\OHIF_MP\Viewers_v2\node_modules\webpack\lib\util\makeSerializable.js
@ohif/app: <w> - D:\OHIF_MP\Viewers_v2\node_modules\webpack\lib\dependencies\EntryDependency.js
@ohif/app: <w> - D:\OHIF_MP\Viewers_v2\node_modules\webpack\lib\EntryPlugin.js
@ohif/app: <w> - D:\OHIF_MP\Viewers_v2\node_modules\webpack\lib\index.js
@ohif/app: <w> - D:\OHIF_MP\Viewers_v2\node_modules\webpack-cli\lib\webpack-cli.js
@ohif/app: <w> - D:\OHIF_MP\Viewers_v2\node_modules\webpack-cli\lib\bootstrap.js
@ohif/app: <w> - D:\OHIF_MP\Viewers_v2\node_modules\webpack-cli\bin\cli.js
@ohif/app: <w> - D:\OHIF_MP\Viewers_v2\node_modules\webpack\bin\webpack.js
@ohif/app: <w> (during deserialization of Array)
@ohif/app: <w> (during deserialization of webpack/lib/NormalModule)
@ohif/app: <w> (during deserialization of Map)
@ohif/app: <w> (during deserialization of webpack/lib/cache/PackFileCacheStrategy PackContentItems)
@ohif/app: <w> [webpack.cache.PackFileCacheStrategy] Restoring failed for ResolverCachePlugin|normal|default|dependencyType=|commonjs|path=|D:\OHIF_MP\Viewers_v2\node_modules\moment\locale|request=|./tg from pack: Error: Cannot find module 'D:\OHIF_MP\Viewers_v2\node_modules\mini-css-extract-plugin\dist\CssDependency'
@ohif/app: <w> Require stack:
@ohif/app: <w> - D:\OHIF_MP\Viewers_v2\node_modules\webpack\lib\serialization\ObjectMiddleware.js
@ohif/app: <w> - D:\OHIF_MP\Viewers_v2\node_modules\webpack\lib\util\serialization.js
@ohif/app: <w> - D:\OHIF_MP\Viewers_v2\node_modules\webpack\lib\util\makeSerializable.js
@ohif/app: <w> - D:\OHIF_MP\Viewers_v2\node_modules\webpack\lib\dependencies\EntryDependency.js
@ohif/app: <w> - D:\OHIF_MP\Viewers_v2\node_modules\webpack\lib\EntryPlugin.js
@ohif/app: <w> - D:\OHIF_MP\Viewers_v2\node_modules\webpack\lib\index.js
@ohif/app: <w> - D:\OHIF_MP\Viewers_v2\node_modules\webpack-cli\lib\webpack-cli.js
@ohif/app: <w> - D:\OHIF_MP\Viewers_v2\node_modules\webpack-cli\lib\bootstrap.js
@ohif/app: <w> - D:\OHIF_MP\Viewers_v2\node_modules\webpack-cli\bin\cli.js
@ohif/app: <w> - D:\OHIF_MP\Viewers_v2\node_modules\webpack\bin\webpack.js
@ohif/app: <w> (during deserialization of Array)
@ohif/app: <w> (during deserialization of webpack/lib/NormalModule)
@ohif/app: <w> (during deserialization of Map)
@ohif/app: <w> (during deserialization of webpack/lib/cache/PackFileCacheStrategy PackContentItems)
@ohif/app: <w> [webpack.cache.PackFileCacheStrategy] Restoring failed for ResolverCachePlugin|normal|default|dependencyType=|commonjs|path=|D:\OHIF_MP\Viewers_v2\node_modules\moment\locale|request=|./tg.js from pack: Error: Cannot find module 'D:\OHIF_MP\Viewers_v2\node_modules\mini-css-extract-plugin\dist\CssDependency'
@ohif/app: <w> Require stack:
@ohif/app: <w> - D:\OHIF_MP\Viewers_v2\node_modules\webpack\lib\serialization\ObjectMiddleware.js
@ohif/app: <w> - D:\OHIF_MP\Viewers_v2\node_modules\webpack\lib\util\serialization.js
@ohif/app: <w> - D:\OHIF_MP\Viewers_v2\node_modules\webpack\lib\util\makeSerializable.js
@ohif/app: <w> - D:\OHIF_MP\Viewers_v2\node_modules\webpack\lib\dependencies\EntryDependency.js
@ohif/app: <w> - D:\OHIF_MP\Viewers_v2\node_modules\webpack\lib\EntryPlugin.js
@ohif/app: <w> - D:\OHIF_MP\Viewers_v2\node_modules\webpack\lib\index.js
@ohif/app: <w> - D:\OHIF_MP\Viewers_v2\node_modules\webpack-cli\lib\webpack-cli.js
@ohif/app: <w> - D:\OHIF_MP\Viewers_v2\node_modules\webpack-cli\lib\bootstrap.js
@ohif/app: <w> - D:\OHIF_MP\Viewers_v2\node_modules\webpack-cli\bin\cli.js
@ohif/app: <w> - D:\OHIF_MP\Viewers_v2\node_modules\webpack\bin\webpack.js
@ohif/app: <w> (during deserialization of Array)
@ohif/app: <w> (during deserialization of webpack/lib/NormalModule)
@ohif/app: <w> (during deserialization of Map)
@ohif/app: <w> (during deserialization of webpack/lib/cache/PackFileCacheStrategy PackContentItems)
@ohif/app: <w> [webpack.cache.PackFileCacheStrategy] Restoring failed for ResolverCachePlugin|normal|default|dependencyType=|commonjs|path=|D:\OHIF_MP\Viewers_v2\node_modules\moment\locale|request=|./th from pack: Error: Cannot find module 'D:\OHIF_MP\Viewers_v2\node_modules\mini-css-extract-plugin\dist\CssDependency'
@ohif/app: <w> Require stack:
@ohif/app: <w> - D:\OHIF_MP\Viewers_v2\node_modules\webpack\lib\serialization\ObjectMiddleware.js
@ohif/app: <w> - D:\OHIF_MP\Viewers_v2\node_modules\webpack\lib\util\serialization.js
@ohif/app: <w> - D:\OHIF_MP\Viewers_v2\node_modules\webpack\lib\util\makeSerializable.js
@ohif/app: <w> - D:\OHIF_MP\Viewers_v2\node_modules\webpack\lib\dependencies\EntryDependency.js
@ohif/app: <w> - D:\OHIF_MP\Viewers_v2\node_modules\webpack\lib\EntryPlugin.js
@ohif/app: <w> - D:\OHIF_MP\Viewers_v2\node_modules\webpack\lib\index.js
@ohif/app: <w> - D:\OHIF_MP\Viewers_v2\node_modules\webpack-cli\lib\webpack-cli.js
@ohif/app: <w> - D:\OHIF_MP\Viewers_v2\node_modules\webpack-cli\lib\bootstrap.js
@ohif/app: <w> - D:\OHIF_MP\Viewers_v2\node_modules\webpack-cli\bin\cli.js
@ohif/app: <w> - D:\OHIF_MP\Viewers_v2\node_modules\webpack\bin\webpack.js
@ohif/app: <w> (during deserialization of Array)
@ohif/app: <w> (during deserialization of webpack/lib/NormalModule)
@ohif/app: <w> (during deserialization of Map)
@ohif/app: <w> (during deserialization of webpack/lib/cache/PackFileCacheStrategy PackContentItems)
@ohif/app: <w> [webpack.cache.PackFileCacheStrategy] Restoring failed for ResolverCachePlugin|normal|default|dependencyType=|commonjs|path=|D:\OHIF_MP\Viewers_v2\node_modules\moment\locale|request=|./th.js from pack: Error: Cannot find module 'D:\OHIF_MP\Viewers_v2\node_modules\mini-css-extract-plugin\dist\CssDependency'
@ohif/app: <w> Require stack:
@ohif/app: <w> - D:\OHIF_MP\Viewers_v2\node_modules\webpack\lib\serialization\ObjectMiddleware.js
@ohif/app: <w> - D:\OHIF_MP\Viewers_v2\node_modules\webpack\lib\util\serialization.js
@ohif/app: <w> - D:\OHIF_MP\Viewers_v2\node_modules\webpack\lib\util\makeSerializable.js
@ohif/app: <w> - D:\OHIF_MP\Viewers_v2\node_modules\webpack\lib\dependencies\EntryDependency.js
@ohif/app: <w> - D:\OHIF_MP\Viewers_v2\node_modules\webpack\lib\EntryPlugin.js
@ohif/app: <w> - D:\OHIF_MP\Viewers_v2\node_modules\webpack\lib\index.js
@ohif/app: <w> - D:\OHIF_MP\Viewers_v2\node_modules\webpack-cli\lib\webpack-cli.js
@ohif/app: <w> - D:\OHIF_MP\Viewers_v2\node_modules\webpack-cli\lib\bootstrap.js
@ohif/app: <w> - D:\OHIF_MP\Viewers_v2\node_modules\webpack-cli\bin\cli.js
@ohif/app: <w> - D:\OHIF_MP\Viewers_v2\node_modules\webpack\bin\webpack.js
@ohif/app: <w> (during deserialization of Array)
@ohif/app: <w> (during deserialization of webpack/lib/NormalModule)
@ohif/app: <w> (during deserialization of Map)
@ohif/app: <w> (during deserialization of webpack/lib/cache/PackFileCacheStrategy PackContentItems)
@ohif/app: <w> [webpack.cache.PackFileCacheStrategy] Restoring failed for ResolverCachePlugin|normal|default|dependencyType=|commonjs|path=|D:\OHIF_MP\Viewers_v2\node_modules\moment\locale|request=|./tk from pack: Error: Cannot find module 'D:\OHIF_MP\Viewers_v2\node_modules\mini-css-extract-plugin\dist\CssDependency'
@ohif/app: <w> Require stack:
@ohif/app: <w> - D:\OHIF_MP\Viewers_v2\node_modules\webpack\lib\serialization\ObjectMiddleware.js
@ohif/app: <w> - D:\OHIF_MP\Viewers_v2\node_modules\webpack\lib\util\serialization.js
@ohif/app: <w> - D:\OHIF_MP\Viewers_v2\node_modules\webpack\lib\util\makeSerializable.js
@ohif/app: <w> - D:\OHIF_MP\Viewers_v2\node_modules\webpack\lib\dependencies\EntryDependency.js
@ohif/app: <w> - D:\OHIF_MP\Viewers_v2\node_modules\webpack\lib\EntryPlugin.js
@ohif/app: <w> - D:\OHIF_MP\Viewers_v2\node_modules\webpack\lib\index.js
@ohif/app: <w> - D:\OHIF_MP\Viewers_v2\node_modules\webpack-cli\lib\webpack-cli.js
@ohif/app: <w> - D:\OHIF_MP\Viewers_v2\node_modules\webpack-cli\lib\bootstrap.js
@ohif/app: <w> - D:\OHIF_MP\Viewers_v2\node_modules\webpack-cli\bin\cli.js
@ohif/app: <w> - D:\OHIF_MP\Viewers_v2\node_modules\webpack\bin\webpack.js
@ohif/app: <w> (during deserialization of Array)
@ohif/app: <w> (during deserialization of webpack/lib/NormalModule)
@ohif/app: <w> (during deserialization of Map)
@ohif/app: <w> (during deserialization of webpack/lib/cache/PackFileCacheStrategy PackContentItems)
@ohif/app: <w> [webpack.cache.PackFileCacheStrategy] Restoring failed for ResolverCachePlugin|normal|default|dependencyType=|commonjs|path=|D:\OHIF_MP\Viewers_v2\node_modules\moment\locale|request=|./tk.js from pack: Error: Cannot find module 'D:\OHIF_MP\Viewers_v2\node_modules\mini-css-extract-plugin\dist\CssDependency'
@ohif/app: <w> Require stack:
@ohif/app: <w> - D:\OHIF_MP\Viewers_v2\node_modules\webpack\lib\serialization\ObjectMiddleware.js
@ohif/app: <w> - D:\OHIF_MP\Viewers_v2\node_modules\webpack\lib\util\serialization.js
@ohif/app: <w> - D:\OHIF_MP\Viewers_v2\node_modules\webpack\lib\util\makeSerializable.js
@ohif/app: <w> - D:\OHIF_MP\Viewers_v2\node_modules\webpack\lib\dependencies\EntryDependency.js
@ohif/app: <w> - D:\OHIF_MP\Viewers_v2\node_modules\webpack\lib\EntryPlugin.js
@ohif/app: <w> - D:\OHIF_MP\Viewers_v2\node_modules\webpack\lib\index.js
@ohif/app: <w> - D:\OHIF_MP\Viewers_v2\node_modules\webpack-cli\lib\webpack-cli.js
@ohif/app: <w> - D:\OHIF_MP\Viewers_v2\node_modules\webpack-cli\lib\bootstrap.js
@ohif/app: <w> - D:\OHIF_MP\Viewers_v2\node_modules\webpack-cli\bin\cli.js
@ohif/app: <w> - D:\OHIF_MP\Viewers_v2\node_modules\webpack\bin\webpack.js
@ohif/app: <w> (during deserialization of Array)
@ohif/app: <w> (during deserialization of webpack/lib/NormalModule)
@ohif/app: <w> (during deserialization of Map)
@ohif/app: <w> (during deserialization of webpack/lib/cache/PackFileCacheStrategy PackContentItems)
@ohif/app: <w> [webpack.cache.PackFileCacheStrategy] Restoring failed for ResolverCachePlugin|normal|default|dependencyType=|commonjs|path=|D:\OHIF_MP\Viewers_v2\node_modules\moment\locale|request=|./tl-ph from pack: Error: Cannot find module 'D:\OHIF_MP\Viewers_v2\node_modules\mini-css-extract-plugin\dist\CssDependency'
@ohif/app: <w> Require stack:
@ohif/app: <w> - D:\OHIF_MP\Viewers_v2\node_modules\webpack\lib\serialization\ObjectMiddleware.js
@ohif/app: <w> - D:\OHIF_MP\Viewers_v2\node_modules\webpack\lib\util\serialization.js
@ohif/app: <w> - D:\OHIF_MP\Viewers_v2\node_modules\webpack\lib\util\makeSerializable.js
@ohif/app: <w> - D:\OHIF_MP\Viewers_v2\node_modules\webpack\lib\dependencies\EntryDependency.js
@ohif/app: <w> - D:\OHIF_MP\Viewers_v2\node_modules\webpack\lib\EntryPlugin.js
@ohif/app: <w> - D:\OHIF_MP\Viewers_v2\node_modules\webpack\lib\index.js
@ohif/app: <w> - D:\OHIF_MP\Viewers_v2\node_modules\webpack-cli\lib\webpack-cli.js
@ohif/app: <w> - D:\OHIF_MP\Viewers_v2\node_modules\webpack-cli\lib\bootstrap.js
@ohif/app: <w> - D:\OHIF_MP\Viewers_v2\node_modules\webpack-cli\bin\cli.js
@ohif/app: <w> - D:\OHIF_MP\Viewers_v2\node_modules\webpack\bin\webpack.js
@ohif/app: <w> (during deserialization of Array)
@ohif/app: <w> (during deserialization of webpack/lib/NormalModule)
@ohif/app: <w> (during deserialization of Map)
@ohif/app: <w> (during deserialization of webpack/lib/cache/PackFileCacheStrategy PackContentItems)
@ohif/app: <w> [webpack.cache.PackFileCacheStrategy] Restoring failed for ResolverCachePlugin|normal|default|dependencyType=|commonjs|path=|D:\OHIF_MP\Viewers_v2\node_modules\moment\locale|request=|./tl-ph.js from pack: Error: Cannot find module 'D:\OHIF_MP\Viewers_v2\node_modules\mini-css-extract-plugin\dist\CssDependency'
@ohif/app: <w> Require stack:
@ohif/app: <w> - D:\OHIF_MP\Viewers_v2\node_modules\webpack\lib\serialization\ObjectMiddleware.js
@ohif/app: <w> - D:\OHIF_MP\Viewers_v2\node_modules\webpack\lib\util\serialization.js
@ohif/app: <w> - D:\OHIF_MP\Viewers_v2\node_modules\webpack\lib\util\makeSerializable.js
@ohif/app: <w> - D:\OHIF_MP\Viewers_v2\node_modules\webpack\lib\dependencies\EntryDependency.js
@ohif/app: <w> - D:\OHIF_MP\Viewers_v2\node_modules\webpack\lib\EntryPlugin.js
@ohif/app: <w> - D:\OHIF_MP\Viewers_v2\node_modules\webpack\lib\index.js
@ohif/app: <w> - D:\OHIF_MP\Viewers_v2\node_modules\webpack-cli\lib\webpack-cli.js
@ohif/app: <w> - D:\OHIF_MP\Viewers_v2\node_modules\webpack-cli\lib\bootstrap.js
@ohif/app: <w> - D:\OHIF_MP\Viewers_v2\node_modules\webpack-cli\bin\cli.js
@ohif/app: <w> - D:\OHIF_MP\Viewers_v2\node_modules\webpack\bin\webpack.js
@ohif/app: <w> (during deserialization of Array)
@ohif/app: <w> (during deserialization of webpack/lib/NormalModule)
@ohif/app: <w> (during deserialization of Map)
@ohif/app: <w> (during deserialization of webpack/lib/cache/PackFileCacheStrategy PackContentItems)
@ohif/app: <w> [webpack.cache.PackFileCacheStrategy] Restoring failed for ResolverCachePlugin|normal|default|dependencyType=|commonjs|path=|D:\OHIF_MP\Viewers_v2\node_modules\moment\locale|request=|./tlh from pack: Error: Cannot find module 'D:\OHIF_MP\Viewers_v2\node_modules\mini-css-extract-plugin\dist\CssDependency'
@ohif/app: <w> Require stack:
@ohif/app: <w> - D:\OHIF_MP\Viewers_v2\node_modules\webpack\lib\serialization\ObjectMiddleware.js
@ohif/app: <w> - D:\OHIF_MP\Viewers_v2\node_modules\webpack\lib\util\serialization.js
@ohif/app: <w> - D:\OHIF_MP\Viewers_v2\node_modules\webpack\lib\util\makeSerializable.js
@ohif/app: <w> - D:\OHIF_MP\Viewers_v2\node_modules\webpack\lib\dependencies\EntryDependency.js
@ohif/app: <w> - D:\OHIF_MP\Viewers_v2\node_modules\webpack\lib\EntryPlugin.js
@ohif/app: <w> - D:\OHIF_MP\Viewers_v2\node_modules\webpack\lib\index.js
@ohif/app: <w> - D:\OHIF_MP\Viewers_v2\node_modules\webpack-cli\lib\webpack-cli.js
@ohif/app: <w> - D:\OHIF_MP\Viewers_v2\node_modules\webpack-cli\lib\bootstrap.js
@ohif/app: <w> - D:\OHIF_MP\Viewers_v2\node_modules\webpack-cli\bin\cli.js
@ohif/app: <w> - D:\OHIF_MP\Viewers_v2\node_modules\webpack\bin\webpack.js
@ohif/app: <w> (during deserialization of Array)
@ohif/app: <w> (during deserialization of webpack/lib/NormalModule)
@ohif/app: <w> (during deserialization of Map)
@ohif/app: <w> (during deserialization of webpack/lib/cache/PackFileCacheStrategy PackContentItems)
@ohif/app: <w> [webpack.cache.PackFileCacheStrategy] Restoring failed for ResolverCachePlugin|normal|default|dependencyType=|commonjs|path=|D:\OHIF_MP\Viewers_v2\node_modules\moment\locale|request=|./tlh.js from pack: Error: Cannot find module 'D:\OHIF_MP\Viewers_v2\node_modules\mini-css-extract-plugin\dist\CssDependency'
@ohif/app: <w> Require stack:
@ohif/app: <w> - D:\OHIF_MP\Viewers_v2\node_modules\webpack\lib\serialization\ObjectMiddleware.js
@ohif/app: <w> - D:\OHIF_MP\Viewers_v2\node_modules\webpack\lib\util\serialization.js
@ohif/app: <w> - D:\OHIF_MP\Viewers_v2\node_modules\webpack\lib\util\makeSerializable.js
@ohif/app: <w> - D:\OHIF_MP\Viewers_v2\node_modules\webpack\lib\dependencies\EntryDependency.js
@ohif/app: <w> - D:\OHIF_MP\Viewers_v2\node_modules\webpack\lib\EntryPlugin.js
@ohif/app: <w> - D:\OHIF_MP\Viewers_v2\node_modules\webpack\lib\index.js
@ohif/app: <w> - D:\OHIF_MP\Viewers_v2\node_modules\webpack-cli\lib\webpack-cli.js
@ohif/app: <w> - D:\OHIF_MP\Viewers_v2\node_modules\webpack-cli\lib\bootstrap.js
@ohif/app: <w> - D:\OHIF_MP\Viewers_v2\node_modules\webpack-cli\bin\cli.js
@ohif/app: <w> - D:\OHIF_MP\Viewers_v2\node_modules\webpack\bin\webpack.js
@ohif/app: <w> (during deserialization of Array)
@ohif/app: <w> (during deserialization of webpack/lib/NormalModule)
@ohif/app: <w> (during deserialization of Map)
@ohif/app: <w> (during deserialization of webpack/lib/cache/PackFileCacheStrategy PackContentItems)
@ohif/app: <w> [webpack.cache.PackFileCacheStrategy] Restoring failed for ResolverCachePlugin|normal|default|dependencyType=|commonjs|path=|D:\OHIF_MP\Viewers_v2\node_modules\moment\locale|request=|./tr from pack: Error: Cannot find module 'D:\OHIF_MP\Viewers_v2\node_modules\mini-css-extract-plugin\dist\CssDependency'
@ohif/app: <w> Require stack:
@ohif/app: <w> - D:\OHIF_MP\Viewers_v2\node_modules\webpack\lib\serialization\ObjectMiddleware.js
@ohif/app: <w> - D:\OHIF_MP\Viewers_v2\node_modules\webpack\lib\util\serialization.js
@ohif/app: <w> - D:\OHIF_MP\Viewers_v2\node_modules\webpack\lib\util\makeSerializable.js
@ohif/app: <w> - D:\OHIF_MP\Viewers_v2\node_modules\webpack\lib\dependencies\EntryDependency.js
@ohif/app: <w> - D:\OHIF_MP\Viewers_v2\node_modules\webpack\lib\EntryPlugin.js
@ohif/app: <w> - D:\OHIF_MP\Viewers_v2\node_modules\webpack\lib\index.js
@ohif/app: <w> - D:\OHIF_MP\Viewers_v2\node_modules\webpack-cli\lib\webpack-cli.js
@ohif/app: <w> - D:\OHIF_MP\Viewers_v2\node_modules\webpack-cli\lib\bootstrap.js
@ohif/app: <w> - D:\OHIF_MP\Viewers_v2\node_modules\webpack-cli\bin\cli.js
@ohif/app: <w> - D:\OHIF_MP\Viewers_v2\node_modules\webpack\bin\webpack.js
@ohif/app: <w> (during deserialization of Array)
@ohif/app: <w> (during deserialization of webpack/lib/NormalModule)
@ohif/app: <w> (during deserialization of Map)
@ohif/app: <w> (during deserialization of webpack/lib/cache/PackFileCacheStrategy PackContentItems)
@ohif/app: <w> [webpack.cache.PackFileCacheStrategy] Restoring failed for ResolverCachePlugin|normal|default|dependencyType=|commonjs|path=|D:\OHIF_MP\Viewers_v2\node_modules\moment\locale|request=|./tr.js from pack: Error: Cannot find module 'D:\OHIF_MP\Viewers_v2\node_modules\mini-css-extract-plugin\dist\CssDependency'
@ohif/app: <w> Require stack:
@ohif/app: <w> - D:\OHIF_MP\Viewers_v2\node_modules\webpack\lib\serialization\ObjectMiddleware.js
@ohif/app: <w> - D:\OHIF_MP\Viewers_v2\node_modules\webpack\lib\util\serialization.js
@ohif/app: <w> - D:\OHIF_MP\Viewers_v2\node_modules\webpack\lib\util\makeSerializable.js
@ohif/app: <w> - D:\OHIF_MP\Viewers_v2\node_modules\webpack\lib\dependencies\EntryDependency.js
@ohif/app: <w> - D:\OHIF_MP\Viewers_v2\node_modules\webpack\lib\EntryPlugin.js
@ohif/app: <w> - D:\OHIF_MP\Viewers_v2\node_modules\webpack\lib\index.js
@ohif/app: <w> - D:\OHIF_MP\Viewers_v2\node_modules\webpack-cli\lib\webpack-cli.js
@ohif/app: <w> - D:\OHIF_MP\Viewers_v2\node_modules\webpack-cli\lib\bootstrap.js
@ohif/app: <w> - D:\OHIF_MP\Viewers_v2\node_modules\webpack-cli\bin\cli.js
@ohif/app: <w> - D:\OHIF_MP\Viewers_v2\node_modules\webpack\bin\webpack.js
@ohif/app: <w> (during deserialization of Array)
@ohif/app: <w> (during deserialization of webpack/lib/NormalModule)
@ohif/app: <w> (during deserialization of Map)
@ohif/app: <w> (during deserialization of webpack/lib/cache/PackFileCacheStrategy PackContentItems)
@ohif/app: <w> [webpack.cache.PackFileCacheStrategy] Restoring failed for ResolverCachePlugin|normal|default|dependencyType=|commonjs|path=|D:\OHIF_MP\Viewers_v2\node_modules\moment\locale|request=|./tzl from pack: Error: Cannot find module 'D:\OHIF_MP\Viewers_v2\node_modules\mini-css-extract-plugin\dist\CssDependency'
@ohif/app: <w> Require stack:
@ohif/app: <w> - D:\OHIF_MP\Viewers_v2\node_modules\webpack\lib\serialization\ObjectMiddleware.js
@ohif/app: <w> - D:\OHIF_MP\Viewers_v2\node_modules\webpack\lib\util\serialization.js
@ohif/app: <w> - D:\OHIF_MP\Viewers_v2\node_modules\webpack\lib\util\makeSerializable.js
@ohif/app: <w> - D:\OHIF_MP\Viewers_v2\node_modules\webpack\lib\dependencies\EntryDependency.js
@ohif/app: <w> - D:\OHIF_MP\Viewers_v2\node_modules\webpack\lib\EntryPlugin.js
@ohif/app: <w> - D:\OHIF_MP\Viewers_v2\node_modules\webpack\lib\index.js
@ohif/app: <w> - D:\OHIF_MP\Viewers_v2\node_modules\webpack-cli\lib\webpack-cli.js
@ohif/app: <w> - D:\OHIF_MP\Viewers_v2\node_modules\webpack-cli\lib\bootstrap.js
@ohif/app: <w> - D:\OHIF_MP\Viewers_v2\node_modules\webpack-cli\bin\cli.js
@ohif/app: <w> - D:\OHIF_MP\Viewers_v2\node_modules\webpack\bin\webpack.js
@ohif/app: <w> (during deserialization of Array)
@ohif/app: <w> (during deserialization of webpack/lib/NormalModule)
@ohif/app: <w> (during deserialization of Map)
@ohif/app: <w> (during deserialization of webpack/lib/cache/PackFileCacheStrategy PackContentItems)
@ohif/app: <w> [webpack.cache.PackFileCacheStrategy] Restoring failed for ResolverCachePlugin|normal|default|dependencyType=|commonjs|path=|D:\OHIF_MP\Viewers_v2\node_modules\moment\locale|request=|./tzl.js from pack: Error: Cannot find module 'D:\OHIF_MP\Viewers_v2\node_modules\mini-css-extract-plugin\dist\CssDependency'
@ohif/app: <w> Require stack:
@ohif/app: <w> - D:\OHIF_MP\Viewers_v2\node_modules\webpack\lib\serialization\ObjectMiddleware.js
@ohif/app: <w> - D:\OHIF_MP\Viewers_v2\node_modules\webpack\lib\util\serialization.js
@ohif/app: <w> - D:\OHIF_MP\Viewers_v2\node_modules\webpack\lib\util\makeSerializable.js
@ohif/app: <w> - D:\OHIF_MP\Viewers_v2\node_modules\webpack\lib\dependencies\EntryDependency.js
@ohif/app: <w> - D:\OHIF_MP\Viewers_v2\node_modules\webpack\lib\EntryPlugin.js
@ohif/app: <w> - D:\OHIF_MP\Viewers_v2\node_modules\webpack\lib\index.js
@ohif/app: <w> - D:\OHIF_MP\Viewers_v2\node_modules\webpack-cli\lib\webpack-cli.js
@ohif/app: <w> - D:\OHIF_MP\Viewers_v2\node_modules\webpack-cli\lib\bootstrap.js
@ohif/app: <w> - D:\OHIF_MP\Viewers_v2\node_modules\webpack-cli\bin\cli.js
@ohif/app: <w> - D:\OHIF_MP\Viewers_v2\node_modules\webpack\bin\webpack.js
@ohif/app: <w> (during deserialization of Array)
@ohif/app: <w> (during deserialization of webpack/lib/NormalModule)
@ohif/app: <w> (during deserialization of Map)
@ohif/app: <w> (during deserialization of webpack/lib/cache/PackFileCacheStrategy PackContentItems)
@ohif/app: <w> [webpack.cache.PackFileCacheStrategy] Restoring failed for ResolverCachePlugin|normal|default|dependencyType=|commonjs|path=|D:\OHIF_MP\Viewers_v2\node_modules\moment\locale|request=|./tzm from pack: Error: Cannot find module 'D:\OHIF_MP\Viewers_v2\node_modules\mini-css-extract-plugin\dist\CssDependency'
@ohif/app: <w> Require stack:
@ohif/app: <w> - D:\OHIF_MP\Viewers_v2\node_modules\webpack\lib\serialization\ObjectMiddleware.js
@ohif/app: <w> - D:\OHIF_MP\Viewers_v2\node_modules\webpack\lib\util\serialization.js
@ohif/app: <w> - D:\OHIF_MP\Viewers_v2\node_modules\webpack\lib\util\makeSerializable.js
@ohif/app: <w> - D:\OHIF_MP\Viewers_v2\node_modules\webpack\lib\dependencies\EntryDependency.js
@ohif/app: <w> - D:\OHIF_MP\Viewers_v2\node_modules\webpack\lib\EntryPlugin.js
@ohif/app: <w> - D:\OHIF_MP\Viewers_v2\node_modules\webpack\lib\index.js
@ohif/app: <w> - D:\OHIF_MP\Viewers_v2\node_modules\webpack-cli\lib\webpack-cli.js
@ohif/app: <w> - D:\OHIF_MP\Viewers_v2\node_modules\webpack-cli\lib\bootstrap.js
@ohif/app: <w> - D:\OHIF_MP\Viewers_v2\node_modules\webpack-cli\bin\cli.js
@ohif/app: <w> - D:\OHIF_MP\Viewers_v2\node_modules\webpack\bin\webpack.js
@ohif/app: <w> (during deserialization of Array)
@ohif/app: <w> (during deserialization of webpack/lib/NormalModule)
@ohif/app: <w> (during deserialization of Map)
@ohif/app: <w> (during deserialization of webpack/lib/cache/PackFileCacheStrategy PackContentItems)
@ohif/app: <w> [webpack.cache.PackFileCacheStrategy] Restoring failed for ResolverCachePlugin|normal|default|dependencyType=|commonjs|path=|D:\OHIF_MP\Viewers_v2\node_modules\moment\locale|request=|./tzm-latn from pack: Error: Cannot find module 'D:\OHIF_MP\Viewers_v2\node_modules\mini-css-extract-plugin\dist\CssDependency'
@ohif/app: <w> Require stack:
@ohif/app: <w> - D:\OHIF_MP\Viewers_v2\node_modules\webpack\lib\serialization\ObjectMiddleware.js
@ohif/app: <w> - D:\OHIF_MP\Viewers_v2\node_modules\webpack\lib\util\serialization.js
@ohif/app: <w> - D:\OHIF_MP\Viewers_v2\node_modules\webpack\lib\util\makeSerializable.js
@ohif/app: <w> - D:\OHIF_MP\Viewers_v2\node_modules\webpack\lib\dependencies\EntryDependency.js
@ohif/app: <w> - D:\OHIF_MP\Viewers_v2\node_modules\webpack\lib\EntryPlugin.js
@ohif/app: <w> - D:\OHIF_MP\Viewers_v2\node_modules\webpack\lib\index.js
@ohif/app: <w> - D:\OHIF_MP\Viewers_v2\node_modules\webpack-cli\lib\webpack-cli.js
@ohif/app: <w> - D:\OHIF_MP\Viewers_v2\node_modules\webpack-cli\lib\bootstrap.js
@ohif/app: <w> - D:\OHIF_MP\Viewers_v2\node_modules\webpack-cli\bin\cli.js
@ohif/app: <w> - D:\OHIF_MP\Viewers_v2\node_modules\webpack\bin\webpack.js
@ohif/app: <w> (during deserialization of Array)
@ohif/app: <w> (during deserialization of webpack/lib/NormalModule)
@ohif/app: <w> (during deserialization of Map)
@ohif/app: <w> (during deserialization of webpack/lib/cache/PackFileCacheStrategy PackContentItems)
@ohif/app: <w> [webpack.cache.PackFileCacheStrategy] Restoring failed for ResolverCachePlugin|normal|default|dependencyType=|commonjs|path=|D:\OHIF_MP\Viewers_v2\node_modules\moment\locale|request=|./tzm-latn.js from pack: Error: Cannot find module 'D:\OHIF_MP\Viewers_v2\node_modules\mini-css-extract-plugin\dist\CssDependency'
@ohif/app: <w> Require stack:
@ohif/app: <w> - D:\OHIF_MP\Viewers_v2\node_modules\webpack\lib\serialization\ObjectMiddleware.js
@ohif/app: <w> - D:\OHIF_MP\Viewers_v2\node_modules\webpack\lib\util\serialization.js
@ohif/app: <w> - D:\OHIF_MP\Viewers_v2\node_modules\webpack\lib\util\makeSerializable.js
@ohif/app: <w> - D:\OHIF_MP\Viewers_v2\node_modules\webpack\lib\dependencies\EntryDependency.js
@ohif/app: <w> - D:\OHIF_MP\Viewers_v2\node_modules\webpack\lib\EntryPlugin.js
@ohif/app: <w> - D:\OHIF_MP\Viewers_v2\node_modules\webpack\lib\index.js
@ohif/app: <w> - D:\OHIF_MP\Viewers_v2\node_modules\webpack-cli\lib\webpack-cli.js
@ohif/app: <w> - D:\OHIF_MP\Viewers_v2\node_modules\webpack-cli\lib\bootstrap.js
@ohif/app: <w> - D:\OHIF_MP\Viewers_v2\node_modules\webpack-cli\bin\cli.js
@ohif/app: <w> - D:\OHIF_MP\Viewers_v2\node_modules\webpack\bin\webpack.js
@ohif/app: <w> (during deserialization of Array)
@ohif/app: <w> (during deserialization of webpack/lib/NormalModule)
@ohif/app: <w> (during deserialization of Map)
@ohif/app: <w> (during deserialization of webpack/lib/cache/PackFileCacheStrategy PackContentItems)
@ohif/app: <w> [webpack.cache.PackFileCacheStrategy] Restoring failed for ResolverCachePlugin|normal|default|dependencyType=|commonjs|path=|D:\OHIF_MP\Viewers_v2\node_modules\moment\locale|request=|./tzm.js from pack: Error: Cannot find module 'D:\OHIF_MP\Viewers_v2\node_modules\mini-css-extract-plugin\dist\CssDependency'
@ohif/app: <w> Require stack:
@ohif/app: <w> - D:\OHIF_MP\Viewers_v2\node_modules\webpack\lib\serialization\ObjectMiddleware.js
@ohif/app: <w> - D:\OHIF_MP\Viewers_v2\node_modules\webpack\lib\util\serialization.js
@ohif/app: <w> - D:\OHIF_MP\Viewers_v2\node_modules\webpack\lib\util\makeSerializable.js
@ohif/app: <w> - D:\OHIF_MP\Viewers_v2\node_modules\webpack\lib\dependencies\EntryDependency.js
@ohif/app: <w> - D:\OHIF_MP\Viewers_v2\node_modules\webpack\lib\EntryPlugin.js
@ohif/app: <w> - D:\OHIF_MP\Viewers_v2\node_modules\webpack\lib\index.js
@ohif/app: <w> - D:\OHIF_MP\Viewers_v2\node_modules\webpack-cli\lib\webpack-cli.js
@ohif/app: <w> - D:\OHIF_MP\Viewers_v2\node_modules\webpack-cli\lib\bootstrap.js
@ohif/app: <w> - D:\OHIF_MP\Viewers_v2\node_modules\webpack-cli\bin\cli.js
@ohif/app: <w> - D:\OHIF_MP\Viewers_v2\node_modules\webpack\bin\webpack.js
@ohif/app: <w> (during deserialization of Array)
@ohif/app: <w> (during deserialization of webpack/lib/NormalModule)
@ohif/app: <w> (during deserialization of Map)
@ohif/app: <w> (during deserialization of webpack/lib/cache/PackFileCacheStrategy PackContentItems)
@ohif/app: <w> [webpack.cache.PackFileCacheStrategy] Restoring failed for ResolverCachePlugin|normal|default|dependencyType=|commonjs|path=|D:\OHIF_MP\Viewers_v2\node_modules\moment\locale|request=|./ug-cn from pack: Error: Cannot find module 'D:\OHIF_MP\Viewers_v2\node_modules\mini-css-extract-plugin\dist\CssDependency'
@ohif/app: <w> Require stack:
@ohif/app: <w> - D:\OHIF_MP\Viewers_v2\node_modules\webpack\lib\serialization\ObjectMiddleware.js
@ohif/app: <w> - D:\OHIF_MP\Viewers_v2\node_modules\webpack\lib\util\serialization.js
@ohif/app: <w> - D:\OHIF_MP\Viewers_v2\node_modules\webpack\lib\util\makeSerializable.js
@ohif/app: <w> - D:\OHIF_MP\Viewers_v2\node_modules\webpack\lib\dependencies\EntryDependency.js
@ohif/app: <w> - D:\OHIF_MP\Viewers_v2\node_modules\webpack\lib\EntryPlugin.js
@ohif/app: <w> - D:\OHIF_MP\Viewers_v2\node_modules\webpack\lib\index.js
@ohif/app: <w> - D:\OHIF_MP\Viewers_v2\node_modules\webpack-cli\lib\webpack-cli.js
@ohif/app: <w> - D:\OHIF_MP\Viewers_v2\node_modules\webpack-cli\lib\bootstrap.js
@ohif/app: <w> - D:\OHIF_MP\Viewers_v2\node_modules\webpack-cli\bin\cli.js
@ohif/app: <w> - D:\OHIF_MP\Viewers_v2\node_modules\webpack\bin\webpack.js
@ohif/app: <w> (during deserialization of Array)
@ohif/app: <w> (during deserialization of webpack/lib/NormalModule)
@ohif/app: <w> (during deserialization of Map)
@ohif/app: <w> (during deserialization of webpack/lib/cache/PackFileCacheStrategy PackContentItems)
@ohif/app: <w> [webpack.cache.PackFileCacheStrategy] Restoring failed for ResolverCachePlugin|normal|default|dependencyType=|commonjs|path=|D:\OHIF_MP\Viewers_v2\node_modules\moment\locale|request=|./ug-cn.js from pack: Error: Cannot find module 'D:\OHIF_MP\Viewers_v2\node_modules\mini-css-extract-plugin\dist\CssDependency'
@ohif/app: <w> Require stack:
@ohif/app: <w> - D:\OHIF_MP\Viewers_v2\node_modules\webpack\lib\serialization\ObjectMiddleware.js
@ohif/app: <w> - D:\OHIF_MP\Viewers_v2\node_modules\webpack\lib\util\serialization.js
@ohif/app: <w> - D:\OHIF_MP\Viewers_v2\node_modules\webpack\lib\util\makeSerializable.js
@ohif/app: <w> - D:\OHIF_MP\Viewers_v2\node_modules\webpack\lib\dependencies\EntryDependency.js
@ohif/app: <w> - D:\OHIF_MP\Viewers_v2\node_modules\webpack\lib\EntryPlugin.js
@ohif/app: <w> - D:\OHIF_MP\Viewers_v2\node_modules\webpack\lib\index.js
@ohif/app: <w> - D:\OHIF_MP\Viewers_v2\node_modules\webpack-cli\lib\webpack-cli.js
@ohif/app: <w> - D:\OHIF_MP\Viewers_v2\node_modules\webpack-cli\lib\bootstrap.js
@ohif/app: <w> - D:\OHIF_MP\Viewers_v2\node_modules\webpack-cli\bin\cli.js
@ohif/app: <w> - D:\OHIF_MP\Viewers_v2\node_modules\webpack\bin\webpack.js
@ohif/app: <w> (during deserialization of Array)
@ohif/app: <w> (during deserialization of webpack/lib/NormalModule)
@ohif/app: <w> (during deserialization of Map)
@ohif/app: <w> (during deserialization of webpack/lib/cache/PackFileCacheStrategy PackContentItems)
@ohif/app: <w> [webpack.cache.PackFileCacheStrategy] Restoring failed for ResolverCachePlugin|normal|default|dependencyType=|commonjs|path=|D:\OHIF_MP\Viewers_v2\node_modules\moment\locale|request=|./uk from pack: Error: Cannot find module 'D:\OHIF_MP\Viewers_v2\node_modules\mini-css-extract-plugin\dist\CssDependency'
@ohif/app: <w> Require stack:
@ohif/app: <w> - D:\OHIF_MP\Viewers_v2\node_modules\webpack\lib\serialization\ObjectMiddleware.js
@ohif/app: <w> - D:\OHIF_MP\Viewers_v2\node_modules\webpack\lib\util\serialization.js
@ohif/app: <w> - D:\OHIF_MP\Viewers_v2\node_modules\webpack\lib\util\makeSerializable.js
@ohif/app: <w> - D:\OHIF_MP\Viewers_v2\node_modules\webpack\lib\dependencies\EntryDependency.js
@ohif/app: <w> - D:\OHIF_MP\Viewers_v2\node_modules\webpack\lib\EntryPlugin.js
@ohif/app: <w> - D:\OHIF_MP\Viewers_v2\node_modules\webpack\lib\index.js
@ohif/app: <w> - D:\OHIF_MP\Viewers_v2\node_modules\webpack-cli\lib\webpack-cli.js
@ohif/app: <w> - D:\OHIF_MP\Viewers_v2\node_modules\webpack-cli\lib\bootstrap.js
@ohif/app: <w> - D:\OHIF_MP\Viewers_v2\node_modules\webpack-cli\bin\cli.js
@ohif/app: <w> - D:\OHIF_MP\Viewers_v2\node_modules\webpack\bin\webpack.js
@ohif/app: <w> (during deserialization of Array)
@ohif/app: <w> (during deserialization of webpack/lib/NormalModule)
@ohif/app: <w> (during deserialization of Map)
@ohif/app: <w> (during deserialization of webpack/lib/cache/PackFileCacheStrategy PackContentItems)
@ohif/app: <w> [webpack.cache.PackFileCacheStrategy] Restoring failed for ResolverCachePlugin|normal|default|dependencyType=|commonjs|path=|D:\OHIF_MP\Viewers_v2\node_modules\moment\locale|request=|./uk.js from pack: Error: Cannot find module 'D:\OHIF_MP\Viewers_v2\node_modules\mini-css-extract-plugin\dist\CssDependency'
@ohif/app: <w> Require stack:
@ohif/app: <w> - D:\OHIF_MP\Viewers_v2\node_modules\webpack\lib\serialization\ObjectMiddleware.js
@ohif/app: <w> - D:\OHIF_MP\Viewers_v2\node_modules\webpack\lib\util\serialization.js
@ohif/app: <w> - D:\OHIF_MP\Viewers_v2\node_modules\webpack\lib\util\makeSerializable.js
@ohif/app: <w> - D:\OHIF_MP\Viewers_v2\node_modules\webpack\lib\dependencies\EntryDependency.js
@ohif/app: <w> - D:\OHIF_MP\Viewers_v2\node_modules\webpack\lib\EntryPlugin.js
@ohif/app: <w> - D:\OHIF_MP\Viewers_v2\node_modules\webpack\lib\index.js
@ohif/app: <w> - D:\OHIF_MP\Viewers_v2\node_modules\webpack-cli\lib\webpack-cli.js
@ohif/app: <w> - D:\OHIF_MP\Viewers_v2\node_modules\webpack-cli\lib\bootstrap.js
@ohif/app: <w> - D:\OHIF_MP\Viewers_v2\node_modules\webpack-cli\bin\cli.js
@ohif/app: <w> - D:\OHIF_MP\Viewers_v2\node_modules\webpack\bin\webpack.js
@ohif/app: <w> (during deserialization of Array)
@ohif/app: <w> (during deserialization of webpack/lib/NormalModule)
@ohif/app: <w> (during deserialization of Map)
@ohif/app: <w> (during deserialization of webpack/lib/cache/PackFileCacheStrategy PackContentItems)
@ohif/app: <w> [webpack.cache.PackFileCacheStrategy] Restoring failed for ResolverCachePlugin|normal|default|dependencyType=|commonjs|path=|D:\OHIF_MP\Viewers_v2\node_modules\moment\locale|request=|./ur from pack: Error: Cannot find module 'D:\OHIF_MP\Viewers_v2\node_modules\mini-css-extract-plugin\dist\CssDependency'
@ohif/app: <w> Require stack:
@ohif/app: <w> - D:\OHIF_MP\Viewers_v2\node_modules\webpack\lib\serialization\ObjectMiddleware.js
@ohif/app: <w> - D:\OHIF_MP\Viewers_v2\node_modules\webpack\lib\util\serialization.js
@ohif/app: <w> - D:\OHIF_MP\Viewers_v2\node_modules\webpack\lib\util\makeSerializable.js
@ohif/app: <w> - D:\OHIF_MP\Viewers_v2\node_modules\webpack\lib\dependencies\EntryDependency.js
@ohif/app: <w> - D:\OHIF_MP\Viewers_v2\node_modules\webpack\lib\EntryPlugin.js
@ohif/app: <w> - D:\OHIF_MP\Viewers_v2\node_modules\webpack\lib\index.js
@ohif/app: <w> - D:\OHIF_MP\Viewers_v2\node_modules\webpack-cli\lib\webpack-cli.js
@ohif/app: <w> - D:\OHIF_MP\Viewers_v2\node_modules\webpack-cli\lib\bootstrap.js
@ohif/app: <w> - D:\OHIF_MP\Viewers_v2\node_modules\webpack-cli\bin\cli.js
@ohif/app: <w> - D:\OHIF_MP\Viewers_v2\node_modules\webpack\bin\webpack.js
@ohif/app: <w> (during deserialization of Array)
@ohif/app: <w> (during deserialization of webpack/lib/NormalModule)
@ohif/app: <w> (during deserialization of Map)
@ohif/app: <w> (during deserialization of webpack/lib/cache/PackFileCacheStrategy PackContentItems)
@ohif/app: <w> [webpack.cache.PackFileCacheStrategy] Restoring failed for ResolverCachePlugin|normal|default|dependencyType=|commonjs|path=|D:\OHIF_MP\Viewers_v2\node_modules\moment\locale|request=|./ur.js from pack: Error: Cannot find module 'D:\OHIF_MP\Viewers_v2\node_modules\mini-css-extract-plugin\dist\CssDependency'
@ohif/app: <w> Require stack:
@ohif/app: <w> - D:\OHIF_MP\Viewers_v2\node_modules\webpack\lib\serialization\ObjectMiddleware.js
@ohif/app: <w> - D:\OHIF_MP\Viewers_v2\node_modules\webpack\lib\util\serialization.js
@ohif/app: <w> - D:\OHIF_MP\Viewers_v2\node_modules\webpack\lib\util\makeSerializable.js
@ohif/app: <w> - D:\OHIF_MP\Viewers_v2\node_modules\webpack\lib\dependencies\EntryDependency.js
@ohif/app: <w> - D:\OHIF_MP\Viewers_v2\node_modules\webpack\lib\EntryPlugin.js
@ohif/app: <w> - D:\OHIF_MP\Viewers_v2\node_modules\webpack\lib\index.js
@ohif/app: <w> - D:\OHIF_MP\Viewers_v2\node_modules\webpack-cli\lib\webpack-cli.js
@ohif/app: <w> - D:\OHIF_MP\Viewers_v2\node_modules\webpack-cli\lib\bootstrap.js
@ohif/app: <w> - D:\OHIF_MP\Viewers_v2\node_modules\webpack-cli\bin\cli.js
@ohif/app: <w> - D:\OHIF_MP\Viewers_v2\node_modules\webpack\bin\webpack.js
@ohif/app: <w> (during deserialization of Array)
@ohif/app: <w> (during deserialization of webpack/lib/NormalModule)
@ohif/app: <w> (during deserialization of Map)
@ohif/app: <w> (during deserialization of webpack/lib/cache/PackFileCacheStrategy PackContentItems)
@ohif/app: <w> [webpack.cache.PackFileCacheStrategy] Restoring failed for ResolverCachePlugin|normal|default|dependencyType=|commonjs|path=|D:\OHIF_MP\Viewers_v2\node_modules\moment\locale|request=|./uz from pack: Error: Cannot find module 'D:\OHIF_MP\Viewers_v2\node_modules\mini-css-extract-plugin\dist\CssDependency'
@ohif/app: <w> Require stack:
@ohif/app: <w> - D:\OHIF_MP\Viewers_v2\node_modules\webpack\lib\serialization\ObjectMiddleware.js
@ohif/app: <w> - D:\OHIF_MP\Viewers_v2\node_modules\webpack\lib\util\serialization.js
@ohif/app: <w> - D:\OHIF_MP\Viewers_v2\node_modules\webpack\lib\util\makeSerializable.js
@ohif/app: <w> - D:\OHIF_MP\Viewers_v2\node_modules\webpack\lib\dependencies\EntryDependency.js
@ohif/app: <w> - D:\OHIF_MP\Viewers_v2\node_modules\webpack\lib\EntryPlugin.js
@ohif/app: <w> - D:\OHIF_MP\Viewers_v2\node_modules\webpack\lib\index.js
@ohif/app: <w> - D:\OHIF_MP\Viewers_v2\node_modules\webpack-cli\lib\webpack-cli.js
@ohif/app: <w> - D:\OHIF_MP\Viewers_v2\node_modules\webpack-cli\lib\bootstrap.js
@ohif/app: <w> - D:\OHIF_MP\Viewers_v2\node_modules\webpack-cli\bin\cli.js
@ohif/app: <w> - D:\OHIF_MP\Viewers_v2\node_modules\webpack\bin\webpack.js
@ohif/app: <w> (during deserialization of Array)
@ohif/app: <w> (during deserialization of webpack/lib/NormalModule)
@ohif/app: <w> (during deserialization of Map)
@ohif/app: <w> (during deserialization of webpack/lib/cache/PackFileCacheStrategy PackContentItems)
@ohif/app: <w> [webpack.cache.PackFileCacheStrategy] Restoring failed for ResolverCachePlugin|normal|default|dependencyType=|commonjs|path=|D:\OHIF_MP\Viewers_v2\node_modules\moment\locale|request=|./uz-latn from pack: Error: Cannot find module 'D:\OHIF_MP\Viewers_v2\node_modules\mini-css-extract-plugin\dist\CssDependency'
@ohif/app: <w> Require stack:
@ohif/app: <w> - D:\OHIF_MP\Viewers_v2\node_modules\webpack\lib\serialization\ObjectMiddleware.js
@ohif/app: <w> - D:\OHIF_MP\Viewers_v2\node_modules\webpack\lib\util\serialization.js
@ohif/app: <w> - D:\OHIF_MP\Viewers_v2\node_modules\webpack\lib\util\makeSerializable.js
@ohif/app: <w> - D:\OHIF_MP\Viewers_v2\node_modules\webpack\lib\dependencies\EntryDependency.js
@ohif/app: <w> - D:\OHIF_MP\Viewers_v2\node_modules\webpack\lib\EntryPlugin.js
@ohif/app: <w> - D:\OHIF_MP\Viewers_v2\node_modules\webpack\lib\index.js
@ohif/app: <w> - D:\OHIF_MP\Viewers_v2\node_modules\webpack-cli\lib\webpack-cli.js
@ohif/app: <w> - D:\OHIF_MP\Viewers_v2\node_modules\webpack-cli\lib\bootstrap.js
@ohif/app: <w> - D:\OHIF_MP\Viewers_v2\node_modules\webpack-cli\bin\cli.js
@ohif/app: <w> - D:\OHIF_MP\Viewers_v2\node_modules\webpack\bin\webpack.js
@ohif/app: <w> (during deserialization of Array)
@ohif/app: <w> (during deserialization of webpack/lib/NormalModule)
@ohif/app: <w> (during deserialization of Map)
@ohif/app: <w> (during deserialization of webpack/lib/cache/PackFileCacheStrategy PackContentItems)
@ohif/app: <w> [webpack.cache.PackFileCacheStrategy] Restoring failed for ResolverCachePlugin|normal|default|dependencyType=|commonjs|path=|D:\OHIF_MP\Viewers_v2\node_modules\moment\locale|request=|./uz-latn.js from pack: Error: Cannot find module 'D:\OHIF_MP\Viewers_v2\node_modules\mini-css-extract-plugin\dist\CssDependency'
@ohif/app: <w> Require stack:
@ohif/app: <w> - D:\OHIF_MP\Viewers_v2\node_modules\webpack\lib\serialization\ObjectMiddleware.js
@ohif/app: <w> - D:\OHIF_MP\Viewers_v2\node_modules\webpack\lib\util\serialization.js
@ohif/app: <w> - D:\OHIF_MP\Viewers_v2\node_modules\webpack\lib\util\makeSerializable.js
@ohif/app: <w> - D:\OHIF_MP\Viewers_v2\node_modules\webpack\lib\dependencies\EntryDependency.js
@ohif/app: <w> - D:\OHIF_MP\Viewers_v2\node_modules\webpack\lib\EntryPlugin.js
@ohif/app: <w> - D:\OHIF_MP\Viewers_v2\node_modules\webpack\lib\index.js
@ohif/app: <w> - D:\OHIF_MP\Viewers_v2\node_modules\webpack-cli\lib\webpack-cli.js
@ohif/app: <w> - D:\OHIF_MP\Viewers_v2\node_modules\webpack-cli\lib\bootstrap.js
@ohif/app: <w> - D:\OHIF_MP\Viewers_v2\node_modules\webpack-cli\bin\cli.js
@ohif/app: <w> - D:\OHIF_MP\Viewers_v2\node_modules\webpack\bin\webpack.js
@ohif/app: <w> (during deserialization of Array)
@ohif/app: <w> (during deserialization of webpack/lib/NormalModule)
@ohif/app: <w> (during deserialization of Map)
@ohif/app: <w> (during deserialization of webpack/lib/cache/PackFileCacheStrategy PackContentItems)
@ohif/app: <w> [webpack.cache.PackFileCacheStrategy] Restoring failed for ResolverCachePlugin|normal|default|dependencyType=|commonjs|path=|D:\OHIF_MP\Viewers_v2\node_modules\moment\locale|request=|./uz.js from pack: Error: Cannot find module 'D:\OHIF_MP\Viewers_v2\node_modules\mini-css-extract-plugin\dist\CssDependency'
@ohif/app: <w> Require stack:
@ohif/app: <w> - D:\OHIF_MP\Viewers_v2\node_modules\webpack\lib\serialization\ObjectMiddleware.js
@ohif/app: <w> - D:\OHIF_MP\Viewers_v2\node_modules\webpack\lib\util\serialization.js
@ohif/app: <w> - D:\OHIF_MP\Viewers_v2\node_modules\webpack\lib\util\makeSerializable.js
@ohif/app: <w> - D:\OHIF_MP\Viewers_v2\node_modules\webpack\lib\dependencies\EntryDependency.js
@ohif/app: <w> - D:\OHIF_MP\Viewers_v2\node_modules\webpack\lib\EntryPlugin.js
@ohif/app: <w> - D:\OHIF_MP\Viewers_v2\node_modules\webpack\lib\index.js
@ohif/app: <w> - D:\OHIF_MP\Viewers_v2\node_modules\webpack-cli\lib\webpack-cli.js
@ohif/app: <w> - D:\OHIF_MP\Viewers_v2\node_modules\webpack-cli\lib\bootstrap.js
@ohif/app: <w> - D:\OHIF_MP\Viewers_v2\node_modules\webpack-cli\bin\cli.js
@ohif/app: <w> - D:\OHIF_MP\Viewers_v2\node_modules\webpack\bin\webpack.js
@ohif/app: <w> (during deserialization of Array)
@ohif/app: <w> (during deserialization of webpack/lib/NormalModule)
@ohif/app: <w> (during deserialization of Map)
@ohif/app: <w> (during deserialization of webpack/lib/cache/PackFileCacheStrategy PackContentItems)
@ohif/app: <w> [webpack.cache.PackFileCacheStrategy] Restoring failed for ResolverCachePlugin|normal|default|dependencyType=|commonjs|path=|D:\OHIF_MP\Viewers_v2\node_modules\moment\locale|request=|./vi from pack: Error: Cannot find module 'D:\OHIF_MP\Viewers_v2\node_modules\mini-css-extract-plugin\dist\CssDependency'
@ohif/app: <w> Require stack:
@ohif/app: <w> - D:\OHIF_MP\Viewers_v2\node_modules\webpack\lib\serialization\ObjectMiddleware.js
@ohif/app: <w> - D:\OHIF_MP\Viewers_v2\node_modules\webpack\lib\util\serialization.js
@ohif/app: <w> - D:\OHIF_MP\Viewers_v2\node_modules\webpack\lib\util\makeSerializable.js
@ohif/app: <w> - D:\OHIF_MP\Viewers_v2\node_modules\webpack\lib\dependencies\EntryDependency.js
@ohif/app: <w> - D:\OHIF_MP\Viewers_v2\node_modules\webpack\lib\EntryPlugin.js
@ohif/app: <w> - D:\OHIF_MP\Viewers_v2\node_modules\webpack\lib\index.js
@ohif/app: <w> - D:\OHIF_MP\Viewers_v2\node_modules\webpack-cli\lib\webpack-cli.js
@ohif/app: <w> - D:\OHIF_MP\Viewers_v2\node_modules\webpack-cli\lib\bootstrap.js
@ohif/app: <w> - D:\OHIF_MP\Viewers_v2\node_modules\webpack-cli\bin\cli.js
@ohif/app: <w> - D:\OHIF_MP\Viewers_v2\node_modules\webpack\bin\webpack.js
@ohif/app: <w> (during deserialization of Array)
@ohif/app: <w> (during deserialization of webpack/lib/NormalModule)
@ohif/app: <w> (during deserialization of Map)
@ohif/app: <w> (during deserialization of webpack/lib/cache/PackFileCacheStrategy PackContentItems)
@ohif/app: <w> [webpack.cache.PackFileCacheStrategy] Restoring failed for ResolverCachePlugin|normal|default|dependencyType=|commonjs|path=|D:\OHIF_MP\Viewers_v2\node_modules\moment\locale|request=|./vi.js from pack: Error: Cannot find module 'D:\OHIF_MP\Viewers_v2\node_modules\mini-css-extract-plugin\dist\CssDependency'
@ohif/app: <w> Require stack:
@ohif/app: <w> - D:\OHIF_MP\Viewers_v2\node_modules\webpack\lib\serialization\ObjectMiddleware.js
@ohif/app: <w> - D:\OHIF_MP\Viewers_v2\node_modules\webpack\lib\util\serialization.js
@ohif/app: <w> - D:\OHIF_MP\Viewers_v2\node_modules\webpack\lib\util\makeSerializable.js
@ohif/app: <w> - D:\OHIF_MP\Viewers_v2\node_modules\webpack\lib\dependencies\EntryDependency.js
@ohif/app: <w> - D:\OHIF_MP\Viewers_v2\node_modules\webpack\lib\EntryPlugin.js
@ohif/app: <w> - D:\OHIF_MP\Viewers_v2\node_modules\webpack\lib\index.js
@ohif/app: <w> - D:\OHIF_MP\Viewers_v2\node_modules\webpack-cli\lib\webpack-cli.js
@ohif/app: <w> - D:\OHIF_MP\Viewers_v2\node_modules\webpack-cli\lib\bootstrap.js
@ohif/app: <w> - D:\OHIF_MP\Viewers_v2\node_modules\webpack-cli\bin\cli.js
@ohif/app: <w> - D:\OHIF_MP\Viewers_v2\node_modules\webpack\bin\webpack.js
@ohif/app: <w> (during deserialization of Array)
@ohif/app: <w> (during deserialization of webpack/lib/NormalModule)
@ohif/app: <w> (during deserialization of Map)
@ohif/app: <w> (during deserialization of webpack/lib/cache/PackFileCacheStrategy PackContentItems)
@ohif/app: <w> [webpack.cache.PackFileCacheStrategy] Restoring failed for ResolverCachePlugin|normal|default|dependencyType=|commonjs|path=|D:\OHIF_MP\Viewers_v2\node_modules\moment\locale|request=|./x-pseudo from pack: Error: Cannot find module 'D:\OHIF_MP\Viewers_v2\node_modules\mini-css-extract-plugin\dist\CssDependency'
@ohif/app: <w> Require stack:
@ohif/app: <w> - D:\OHIF_MP\Viewers_v2\node_modules\webpack\lib\serialization\ObjectMiddleware.js
@ohif/app: <w> - D:\OHIF_MP\Viewers_v2\node_modules\webpack\lib\util\serialization.js
@ohif/app: <w> - D:\OHIF_MP\Viewers_v2\node_modules\webpack\lib\util\makeSerializable.js
@ohif/app: <w> - D:\OHIF_MP\Viewers_v2\node_modules\webpack\lib\dependencies\EntryDependency.js
@ohif/app: <w> - D:\OHIF_MP\Viewers_v2\node_modules\webpack\lib\EntryPlugin.js
@ohif/app: <w> - D:\OHIF_MP\Viewers_v2\node_modules\webpack\lib\index.js
@ohif/app: <w> - D:\OHIF_MP\Viewers_v2\node_modules\webpack-cli\lib\webpack-cli.js
@ohif/app: <w> - D:\OHIF_MP\Viewers_v2\node_modules\webpack-cli\lib\bootstrap.js
@ohif/app: <w> - D:\OHIF_MP\Viewers_v2\node_modules\webpack-cli\bin\cli.js
@ohif/app: <w> - D:\OHIF_MP\Viewers_v2\node_modules\webpack\bin\webpack.js
@ohif/app: <w> (during deserialization of Array)
@ohif/app: <w> (during deserialization of webpack/lib/NormalModule)
@ohif/app: <w> (during deserialization of Map)
@ohif/app: <w> (during deserialization of webpack/lib/cache/PackFileCacheStrategy PackContentItems)
@ohif/app: <w> [webpack.cache.PackFileCacheStrategy] Restoring failed for ResolverCachePlugin|normal|default|dependencyType=|commonjs|path=|D:\OHIF_MP\Viewers_v2\node_modules\moment\locale|request=|./x-pseudo.js from pack: Error: Cannot find module 'D:\OHIF_MP\Viewers_v2\node_modules\mini-css-extract-plugin\dist\CssDependency'
@ohif/app: <w> Require stack:
@ohif/app: <w> - D:\OHIF_MP\Viewers_v2\node_modules\webpack\lib\serialization\ObjectMiddleware.js
@ohif/app: <w> - D:\OHIF_MP\Viewers_v2\node_modules\webpack\lib\util\serialization.js
@ohif/app: <w> - D:\OHIF_MP\Viewers_v2\node_modules\webpack\lib\util\makeSerializable.js
@ohif/app: <w> - D:\OHIF_MP\Viewers_v2\node_modules\webpack\lib\dependencies\EntryDependency.js
@ohif/app: <w> - D:\OHIF_MP\Viewers_v2\node_modules\webpack\lib\EntryPlugin.js
@ohif/app: <w> - D:\OHIF_MP\Viewers_v2\node_modules\webpack\lib\index.js
@ohif/app: <w> - D:\OHIF_MP\Viewers_v2\node_modules\webpack-cli\lib\webpack-cli.js
@ohif/app: <w> - D:\OHIF_MP\Viewers_v2\node_modules\webpack-cli\lib\bootstrap.js
@ohif/app: <w> - D:\OHIF_MP\Viewers_v2\node_modules\webpack-cli\bin\cli.js
@ohif/app: <w> - D:\OHIF_MP\Viewers_v2\node_modules\webpack\bin\webpack.js
@ohif/app: <w> (during deserialization of Array)
@ohif/app: <w> (during deserialization of webpack/lib/NormalModule)
@ohif/app: <w> (during deserialization of Map)
@ohif/app: <w> (during deserialization of webpack/lib/cache/PackFileCacheStrategy PackContentItems)
@ohif/app: <w> [webpack.cache.PackFileCacheStrategy] Restoring failed for ResolverCachePlugin|normal|default|dependencyType=|commonjs|path=|D:\OHIF_MP\Viewers_v2\node_modules\moment\locale|request=|./yo from pack: Error: Cannot find module 'D:\OHIF_MP\Viewers_v2\node_modules\mini-css-extract-plugin\dist\CssDependency'
@ohif/app: <w> Require stack:
@ohif/app: <w> - D:\OHIF_MP\Viewers_v2\node_modules\webpack\lib\serialization\ObjectMiddleware.js
@ohif/app: <w> - D:\OHIF_MP\Viewers_v2\node_modules\webpack\lib\util\serialization.js
@ohif/app: <w> - D:\OHIF_MP\Viewers_v2\node_modules\webpack\lib\util\makeSerializable.js
@ohif/app: <w> - D:\OHIF_MP\Viewers_v2\node_modules\webpack\lib\dependencies\EntryDependency.js
@ohif/app: <w> - D:\OHIF_MP\Viewers_v2\node_modules\webpack\lib\EntryPlugin.js
@ohif/app: <w> - D:\OHIF_MP\Viewers_v2\node_modules\webpack\lib\index.js
@ohif/app: <w> - D:\OHIF_MP\Viewers_v2\node_modules\webpack-cli\lib\webpack-cli.js
@ohif/app: <w> - D:\OHIF_MP\Viewers_v2\node_modules\webpack-cli\lib\bootstrap.js
@ohif/app: <w> - D:\OHIF_MP\Viewers_v2\node_modules\webpack-cli\bin\cli.js
@ohif/app: <w> - D:\OHIF_MP\Viewers_v2\node_modules\webpack\bin\webpack.js
@ohif/app: <w> (during deserialization of Array)
@ohif/app: <w> (during deserialization of webpack/lib/NormalModule)
@ohif/app: <w> (during deserialization of Map)
@ohif/app: <w> (during deserialization of webpack/lib/cache/PackFileCacheStrategy PackContentItems)
@ohif/app: <w> [webpack.cache.PackFileCacheStrategy] Restoring failed for ResolverCachePlugin|normal|default|dependencyType=|commonjs|path=|D:\OHIF_MP\Viewers_v2\node_modules\moment\locale|request=|./yo.js from pack: Error: Cannot find module 'D:\OHIF_MP\Viewers_v2\node_modules\mini-css-extract-plugin\dist\CssDependency'
@ohif/app: <w> Require stack:
@ohif/app: <w> - D:\OHIF_MP\Viewers_v2\node_modules\webpack\lib\serialization\ObjectMiddleware.js
@ohif/app: <w> - D:\OHIF_MP\Viewers_v2\node_modules\webpack\lib\util\serialization.js
@ohif/app: <w> - D:\OHIF_MP\Viewers_v2\node_modules\webpack\lib\util\makeSerializable.js
@ohif/app: <w> - D:\OHIF_MP\Viewers_v2\node_modules\webpack\lib\dependencies\EntryDependency.js
@ohif/app: <w> - D:\OHIF_MP\Viewers_v2\node_modules\webpack\lib\EntryPlugin.js
@ohif/app: <w> - D:\OHIF_MP\Viewers_v2\node_modules\webpack\lib\index.js
@ohif/app: <w> - D:\OHIF_MP\Viewers_v2\node_modules\webpack-cli\lib\webpack-cli.js
@ohif/app: <w> - D:\OHIF_MP\Viewers_v2\node_modules\webpack-cli\lib\bootstrap.js
@ohif/app: <w> - D:\OHIF_MP\Viewers_v2\node_modules\webpack-cli\bin\cli.js
@ohif/app: <w> - D:\OHIF_MP\Viewers_v2\node_modules\webpack\bin\webpack.js
@ohif/app: <w> (during deserialization of Array)
@ohif/app: <w> (during deserialization of webpack/lib/NormalModule)
@ohif/app: <w> (during deserialization of Map)
@ohif/app: <w> (during deserialization of webpack/lib/cache/PackFileCacheStrategy PackContentItems)
@ohif/app: <w> [webpack.cache.PackFileCacheStrategy] Restoring failed for ResolverCachePlugin|normal|default|dependencyType=|commonjs|path=|D:\OHIF_MP\Viewers_v2\node_modules\moment\locale|request=|./zh-cn from pack: Error: Cannot find module 'D:\OHIF_MP\Viewers_v2\node_modules\mini-css-extract-plugin\dist\CssDependency'
@ohif/app: <w> Require stack:
@ohif/app: <w> - D:\OHIF_MP\Viewers_v2\node_modules\webpack\lib\serialization\ObjectMiddleware.js
@ohif/app: <w> - D:\OHIF_MP\Viewers_v2\node_modules\webpack\lib\util\serialization.js
@ohif/app: <w> - D:\OHIF_MP\Viewers_v2\node_modules\webpack\lib\util\makeSerializable.js
@ohif/app: <w> - D:\OHIF_MP\Viewers_v2\node_modules\webpack\lib\dependencies\EntryDependency.js
@ohif/app: <w> - D:\OHIF_MP\Viewers_v2\node_modules\webpack\lib\EntryPlugin.js
@ohif/app: <w> - D:\OHIF_MP\Viewers_v2\node_modules\webpack\lib\index.js
@ohif/app: <w> - D:\OHIF_MP\Viewers_v2\node_modules\webpack-cli\lib\webpack-cli.js
@ohif/app: <w> - D:\OHIF_MP\Viewers_v2\node_modules\webpack-cli\lib\bootstrap.js
@ohif/app: <w> - D:\OHIF_MP\Viewers_v2\node_modules\webpack-cli\bin\cli.js
@ohif/app: <w> - D:\OHIF_MP\Viewers_v2\node_modules\webpack\bin\webpack.js
@ohif/app: <w> (during deserialization of Array)
@ohif/app: <w> (during deserialization of webpack/lib/NormalModule)
@ohif/app: <w> (during deserialization of Map)
@ohif/app: <w> (during deserialization of webpack/lib/cache/PackFileCacheStrategy PackContentItems)
@ohif/app: <w> [webpack.cache.PackFileCacheStrategy] Restoring failed for ResolverCachePlugin|normal|default|dependencyType=|commonjs|path=|D:\OHIF_MP\Viewers_v2\node_modules\moment\locale|request=|./zh-cn.js from pack: Error: Cannot find module 'D:\OHIF_MP\Viewers_v2\node_modules\mini-css-extract-plugin\dist\CssDependency'
@ohif/app: <w> Require stack:
@ohif/app: <w> - D:\OHIF_MP\Viewers_v2\node_modules\webpack\lib\serialization\ObjectMiddleware.js
@ohif/app: <w> - D:\OHIF_MP\Viewers_v2\node_modules\webpack\lib\util\serialization.js
@ohif/app: <w> - D:\OHIF_MP\Viewers_v2\node_modules\webpack\lib\util\makeSerializable.js
@ohif/app: <w> - D:\OHIF_MP\Viewers_v2\node_modules\webpack\lib\dependencies\EntryDependency.js
@ohif/app: <w> - D:\OHIF_MP\Viewers_v2\node_modules\webpack\lib\EntryPlugin.js
@ohif/app: <w> - D:\OHIF_MP\Viewers_v2\node_modules\webpack\lib\index.js
@ohif/app: <w> - D:\OHIF_MP\Viewers_v2\node_modules\webpack-cli\lib\webpack-cli.js
@ohif/app: <w> - D:\OHIF_MP\Viewers_v2\node_modules\webpack-cli\lib\bootstrap.js
@ohif/app: <w> - D:\OHIF_MP\Viewers_v2\node_modules\webpack-cli\bin\cli.js
@ohif/app: <w> - D:\OHIF_MP\Viewers_v2\node_modules\webpack\bin\webpack.js
@ohif/app: <w> (during deserialization of Array)
@ohif/app: <w> (during deserialization of webpack/lib/NormalModule)
@ohif/app: <w> (during deserialization of Map)
@ohif/app: <w> (during deserialization of webpack/lib/cache/PackFileCacheStrategy PackContentItems)
@ohif/app: <w> [webpack.cache.PackFileCacheStrategy] Restoring failed for ResolverCachePlugin|normal|default|dependencyType=|commonjs|path=|D:\OHIF_MP\Viewers_v2\node_modules\moment\locale|request=|./zh-hk from pack: Error: Cannot find module 'D:\OHIF_MP\Viewers_v2\node_modules\mini-css-extract-plugin\dist\CssDependency'
@ohif/app: <w> Require stack:
@ohif/app: <w> - D:\OHIF_MP\Viewers_v2\node_modules\webpack\lib\serialization\ObjectMiddleware.js
@ohif/app: <w> - D:\OHIF_MP\Viewers_v2\node_modules\webpack\lib\util\serialization.js
@ohif/app: <w> - D:\OHIF_MP\Viewers_v2\node_modules\webpack\lib\util\makeSerializable.js
@ohif/app: <w> - D:\OHIF_MP\Viewers_v2\node_modules\webpack\lib\dependencies\EntryDependency.js
@ohif/app: <w> - D:\OHIF_MP\Viewers_v2\node_modules\webpack\lib\EntryPlugin.js
@ohif/app: <w> - D:\OHIF_MP\Viewers_v2\node_modules\webpack\lib\index.js
@ohif/app: <w> - D:\OHIF_MP\Viewers_v2\node_modules\webpack-cli\lib\webpack-cli.js
@ohif/app: <w> - D:\OHIF_MP\Viewers_v2\node_modules\webpack-cli\lib\bootstrap.js
@ohif/app: <w> - D:\OHIF_MP\Viewers_v2\node_modules\webpack-cli\bin\cli.js
@ohif/app: <w> - D:\OHIF_MP\Viewers_v2\node_modules\webpack\bin\webpack.js
@ohif/app: <w> (during deserialization of Array)
@ohif/app: <w> (during deserialization of webpack/lib/NormalModule)
@ohif/app: <w> (during deserialization of Map)
@ohif/app: <w> (during deserialization of webpack/lib/cache/PackFileCacheStrategy PackContentItems)
@ohif/app: <w> [webpack.cache.PackFileCacheStrategy] Restoring failed for ResolverCachePlugin|normal|default|dependencyType=|commonjs|path=|D:\OHIF_MP\Viewers_v2\node_modules\moment\locale|request=|./zh-hk.js from pack: Error: Cannot find module 'D:\OHIF_MP\Viewers_v2\node_modules\mini-css-extract-plugin\dist\CssDependency'
@ohif/app: <w> Require stack:
@ohif/app: <w> - D:\OHIF_MP\Viewers_v2\node_modules\webpack\lib\serialization\ObjectMiddleware.js
@ohif/app: <w> - D:\OHIF_MP\Viewers_v2\node_modules\webpack\lib\util\serialization.js
@ohif/app: <w> - D:\OHIF_MP\Viewers_v2\node_modules\webpack\lib\util\makeSerializable.js
@ohif/app: <w> - D:\OHIF_MP\Viewers_v2\node_modules\webpack\lib\dependencies\EntryDependency.js
@ohif/app: <w> - D:\OHIF_MP\Viewers_v2\node_modules\webpack\lib\EntryPlugin.js
@ohif/app: <w> - D:\OHIF_MP\Viewers_v2\node_modules\webpack\lib\index.js
@ohif/app: <w> - D:\OHIF_MP\Viewers_v2\node_modules\webpack-cli\lib\webpack-cli.js
@ohif/app: <w> - D:\OHIF_MP\Viewers_v2\node_modules\webpack-cli\lib\bootstrap.js
@ohif/app: <w> - D:\OHIF_MP\Viewers_v2\node_modules\webpack-cli\bin\cli.js
@ohif/app: <w> - D:\OHIF_MP\Viewers_v2\node_modules\webpack\bin\webpack.js
@ohif/app: <w> (during deserialization of Array)
@ohif/app: <w> (during deserialization of webpack/lib/NormalModule)
@ohif/app: <w> (during deserialization of Map)
@ohif/app: <w> (during deserialization of webpack/lib/cache/PackFileCacheStrategy PackContentItems)
@ohif/app: <w> [webpack.cache.PackFileCacheStrategy] Restoring failed for ResolverCachePlugin|normal|default|dependencyType=|commonjs|path=|D:\OHIF_MP\Viewers_v2\node_modules\moment\locale|request=|./zh-mo from pack: Error: Cannot find module 'D:\OHIF_MP\Viewers_v2\node_modules\mini-css-extract-plugin\dist\CssDependency'
@ohif/app: <w> Require stack:
@ohif/app: <w> - D:\OHIF_MP\Viewers_v2\node_modules\webpack\lib\serialization\ObjectMiddleware.js
@ohif/app: <w> - D:\OHIF_MP\Viewers_v2\node_modules\webpack\lib\util\serialization.js
@ohif/app: <w> - D:\OHIF_MP\Viewers_v2\node_modules\webpack\lib\util\makeSerializable.js
@ohif/app: <w> - D:\OHIF_MP\Viewers_v2\node_modules\webpack\lib\dependencies\EntryDependency.js
@ohif/app: <w> - D:\OHIF_MP\Viewers_v2\node_modules\webpack\lib\EntryPlugin.js
@ohif/app: <w> - D:\OHIF_MP\Viewers_v2\node_modules\webpack\lib\index.js
@ohif/app: <w> - D:\OHIF_MP\Viewers_v2\node_modules\webpack-cli\lib\webpack-cli.js
@ohif/app: <w> - D:\OHIF_MP\Viewers_v2\node_modules\webpack-cli\lib\bootstrap.js
@ohif/app: <w> - D:\OHIF_MP\Viewers_v2\node_modules\webpack-cli\bin\cli.js
@ohif/app: <w> - D:\OHIF_MP\Viewers_v2\node_modules\webpack\bin\webpack.js
@ohif/app: <w> (during deserialization of Array)
@ohif/app: <w> (during deserialization of webpack/lib/NormalModule)
@ohif/app: <w> (during deserialization of Map)
@ohif/app: <w> (during deserialization of webpack/lib/cache/PackFileCacheStrategy PackContentItems)
@ohif/app: <w> [webpack.cache.PackFileCacheStrategy] Restoring failed for ResolverCachePlugin|normal|default|dependencyType=|commonjs|path=|D:\OHIF_MP\Viewers_v2\node_modules\moment\locale|request=|./zh-mo.js from pack: Error: Cannot find module 'D:\OHIF_MP\Viewers_v2\node_modules\mini-css-extract-plugin\dist\CssDependency'
@ohif/app: <w> Require stack:
@ohif/app: <w> - D:\OHIF_MP\Viewers_v2\node_modules\webpack\lib\serialization\ObjectMiddleware.js
@ohif/app: <w> - D:\OHIF_MP\Viewers_v2\node_modules\webpack\lib\util\serialization.js
@ohif/app: <w> - D:\OHIF_MP\Viewers_v2\node_modules\webpack\lib\util\makeSerializable.js
@ohif/app: <w> - D:\OHIF_MP\Viewers_v2\node_modules\webpack\lib\dependencies\EntryDependency.js
@ohif/app: <w> - D:\OHIF_MP\Viewers_v2\node_modules\webpack\lib\EntryPlugin.js
@ohif/app: <w> - D:\OHIF_MP\Viewers_v2\node_modules\webpack\lib\index.js
@ohif/app: <w> - D:\OHIF_MP\Viewers_v2\node_modules\webpack-cli\lib\webpack-cli.js
@ohif/app: <w> - D:\OHIF_MP\Viewers_v2\node_modules\webpack-cli\lib\bootstrap.js
@ohif/app: <w> - D:\OHIF_MP\Viewers_v2\node_modules\webpack-cli\bin\cli.js
@ohif/app: <w> - D:\OHIF_MP\Viewers_v2\node_modules\webpack\bin\webpack.js
@ohif/app: <w> (during deserialization of Array)
@ohif/app: <w> (during deserialization of webpack/lib/NormalModule)
@ohif/app: <w> (during deserialization of Map)
@ohif/app: <w> (during deserialization of webpack/lib/cache/PackFileCacheStrategy PackContentItems)
@ohif/app: <w> [webpack.cache.PackFileCacheStrategy] Restoring failed for ResolverCachePlugin|normal|default|dependencyType=|commonjs|path=|D:\OHIF_MP\Viewers_v2\node_modules\moment\locale|request=|./zh-tw from pack: Error: Cannot find module 'D:\OHIF_MP\Viewers_v2\node_modules\mini-css-extract-plugin\dist\CssDependency'
@ohif/app: <w> Require stack:
@ohif/app: <w> - D:\OHIF_MP\Viewers_v2\node_modules\webpack\lib\serialization\ObjectMiddleware.js
@ohif/app: <w> - D:\OHIF_MP\Viewers_v2\node_modules\webpack\lib\util\serialization.js
@ohif/app: <w> - D:\OHIF_MP\Viewers_v2\node_modules\webpack\lib\util\makeSerializable.js
@ohif/app: <w> - D:\OHIF_MP\Viewers_v2\node_modules\webpack\lib\dependencies\EntryDependency.js
@ohif/app: <w> - D:\OHIF_MP\Viewers_v2\node_modules\webpack\lib\EntryPlugin.js
@ohif/app: <w> - D:\OHIF_MP\Viewers_v2\node_modules\webpack\lib\index.js
@ohif/app: <w> - D:\OHIF_MP\Viewers_v2\node_modules\webpack-cli\lib\webpack-cli.js
@ohif/app: <w> - D:\OHIF_MP\Viewers_v2\node_modules\webpack-cli\lib\bootstrap.js
@ohif/app: <w> - D:\OHIF_MP\Viewers_v2\node_modules\webpack-cli\bin\cli.js
@ohif/app: <w> - D:\OHIF_MP\Viewers_v2\node_modules\webpack\bin\webpack.js
@ohif/app: <w> (during deserialization of Array)
@ohif/app: <w> (during deserialization of webpack/lib/NormalModule)
@ohif/app: <w> (during deserialization of Map)
@ohif/app: <w> (during deserialization of webpack/lib/cache/PackFileCacheStrategy PackContentItems)
@ohif/app: <w> [webpack.cache.PackFileCacheStrategy] Restoring failed for ResolverCachePlugin|normal|default|dependencyType=|commonjs|path=|D:\OHIF_MP\Viewers_v2\node_modules\moment\locale|request=|./zh-tw.js from pack: Error: Cannot find module 'D:\OHIF_MP\Viewers_v2\node_modules\mini-css-extract-plugin\dist\CssDependency'
@ohif/app: <w> Require stack:
@ohif/app: <w> - D:\OHIF_MP\Viewers_v2\node_modules\webpack\lib\serialization\ObjectMiddleware.js
@ohif/app: <w> - D:\OHIF_MP\Viewers_v2\node_modules\webpack\lib\util\serialization.js
@ohif/app: <w> - D:\OHIF_MP\Viewers_v2\node_modules\webpack\lib\util\makeSerializable.js
@ohif/app: <w> - D:\OHIF_MP\Viewers_v2\node_modules\webpack\lib\dependencies\EntryDependency.js
@ohif/app: <w> - D:\OHIF_MP\Viewers_v2\node_modules\webpack\lib\EntryPlugin.js
@ohif/app: <w> - D:\OHIF_MP\Viewers_v2\node_modules\webpack\lib\index.js
@ohif/app: <w> - D:\OHIF_MP\Viewers_v2\node_modules\webpack-cli\lib\webpack-cli.js
@ohif/app: <w> - D:\OHIF_MP\Viewers_v2\node_modules\webpack-cli\lib\bootstrap.js
@ohif/app: <w> - D:\OHIF_MP\Viewers_v2\node_modules\webpack-cli\bin\cli.js
@ohif/app: <w> - D:\OHIF_MP\Viewers_v2\node_modules\webpack\bin\webpack.js
@ohif/app: <w> (during deserialization of Array)
@ohif/app: <w> (during deserialization of webpack/lib/NormalModule)
@ohif/app: <w> (during deserialization of Map)
@ohif/app: <w> (during deserialization of webpack/lib/cache/PackFileCacheStrategy PackContentItems)
@ohif/app: <w> [webpack.cache.PackFileCacheStrategy] Restoring failed for ResolverCachePlugin|normal|default|dependencyType=|esm|path=|D:\OHIF_MP\Viewers_v2\platform\app\src\routes\Mode|request=|../../pluginImports from pack: Error: Cannot find module 'D:\OHIF_MP\Viewers_v2\node_modules\mini-css-extract-plugin\dist\CssDependency'
@ohif/app: <w> Require stack:
@ohif/app: <w> - D:\OHIF_MP\Viewers_v2\node_modules\webpack\lib\serialization\ObjectMiddleware.js
@ohif/app: <w> - D:\OHIF_MP\Viewers_v2\node_modules\webpack\lib\util\serialization.js
@ohif/app: <w> - D:\OHIF_MP\Viewers_v2\node_modules\webpack\lib\util\makeSerializable.js
@ohif/app: <w> - D:\OHIF_MP\Viewers_v2\node_modules\webpack\lib\dependencies\EntryDependency.js
@ohif/app: <w> - D:\OHIF_MP\Viewers_v2\node_modules\webpack\lib\EntryPlugin.js
@ohif/app: <w> - D:\OHIF_MP\Viewers_v2\node_modules\webpack\lib\index.js
@ohif/app: <w> - D:\OHIF_MP\Viewers_v2\node_modules\webpack-cli\lib\webpack-cli.js
@ohif/app: <w> - D:\OHIF_MP\Viewers_v2\node_modules\webpack-cli\lib\bootstrap.js
@ohif/app: <w> - D:\OHIF_MP\Viewers_v2\node_modules\webpack-cli\bin\cli.js
@ohif/app: <w> - D:\OHIF_MP\Viewers_v2\node_modules\webpack\bin\webpack.js
@ohif/app: <w> (during deserialization of Array)
@ohif/app: <w> (during deserialization of webpack/lib/NormalModule)
@ohif/app: <w> (during deserialization of Map)
@ohif/app: <w> (during deserialization of webpack/lib/cache/PackFileCacheStrategy PackContentItems)
@ohif/app: <w> [webpack.cache.PackFileCacheStrategy] Restoring failed for ResolverCachePlugin|normal|default|dependencyType=|esm|path=|D:\OHIF_MP\Viewers_v2\extensions\cornerstone-dicom-sr\src|request=|./getSopClassHandlerModule from pack: Error: Cannot find module 'D:\OHIF_MP\Viewers_v2\node_modules\mini-css-extract-plugin\dist\CssDependency'
@ohif/app: <w> Require stack:
@ohif/app: <w> - D:\OHIF_MP\Viewers_v2\node_modules\webpack\lib\serialization\ObjectMiddleware.js
@ohif/app: <w> - D:\OHIF_MP\Viewers_v2\node_modules\webpack\lib\util\serialization.js
@ohif/app: <w> - D:\OHIF_MP\Viewers_v2\node_modules\webpack\lib\util\makeSerializable.js
@ohif/app: <w> - D:\OHIF_MP\Viewers_v2\node_modules\webpack\lib\dependencies\EntryDependency.js
@ohif/app: <w> - D:\OHIF_MP\Viewers_v2\node_modules\webpack\lib\EntryPlugin.js
@ohif/app: <w> - D:\OHIF_MP\Viewers_v2\node_modules\webpack\lib\index.js
@ohif/app: <w> - D:\OHIF_MP\Viewers_v2\node_modules\webpack-cli\lib\webpack-cli.js
@ohif/app: <w> - D:\OHIF_MP\Viewers_v2\node_modules\webpack-cli\lib\bootstrap.js
@ohif/app: <w> - D:\OHIF_MP\Viewers_v2\node_modules\webpack-cli\bin\cli.js
@ohif/app: <w> - D:\OHIF_MP\Viewers_v2\node_modules\webpack\bin\webpack.js
@ohif/app: <w> (during deserialization of Array)
@ohif/app: <w> (during deserialization of webpack/lib/NormalModule)
@ohif/app: <w> (during deserialization of Map)
@ohif/app: <w> (during deserialization of webpack/lib/cache/PackFileCacheStrategy PackContentItems)
@ohif/app: <w> [webpack.cache.PackFileCacheStrategy] Restoring failed for Compilation/modules|D:\OHIF_MP\Viewers_v2\node_modules\css-loader\dist\cjs.js??ruleSet[1].rules[5].use[1]!D:\OHIF_MP\Viewers_v2\node_modules\postcss-loader\dist\cjs.js??ruleSet[1].rules[5].use[2]!D:\OHIF_MP\Viewers_v2\platform\ui-next\src\tailwind.css from pack: Error: Cannot find module 'D:\OHIF_MP\Viewers_v2\node_modules\mini-css-extract-plugin\dist\CssDependency'
@ohif/app: <w> Require stack:
@ohif/app: <w> - D:\OHIF_MP\Viewers_v2\node_modules\webpack\lib\serialization\ObjectMiddleware.js
@ohif/app: <w> - D:\OHIF_MP\Viewers_v2\node_modules\webpack\lib\util\serialization.js
@ohif/app: <w> - D:\OHIF_MP\Viewers_v2\node_modules\webpack\lib\util\makeSerializable.js
@ohif/app: <w> - D:\OHIF_MP\Viewers_v2\node_modules\webpack\lib\dependencies\EntryDependency.js
@ohif/app: <w> - D:\OHIF_MP\Viewers_v2\node_modules\webpack\lib\EntryPlugin.js
@ohif/app: <w> - D:\OHIF_MP\Viewers_v2\node_modules\webpack\lib\index.js
@ohif/app: <w> - D:\OHIF_MP\Viewers_v2\node_modules\webpack-cli\lib\webpack-cli.js
@ohif/app: <w> - D:\OHIF_MP\Viewers_v2\node_modules\webpack-cli\lib\bootstrap.js
@ohif/app: <w> - D:\OHIF_MP\Viewers_v2\node_modules\webpack-cli\bin\cli.js
@ohif/app: <w> - D:\OHIF_MP\Viewers_v2\node_modules\webpack\bin\webpack.js
@ohif/app: <w> (during deserialization of Array)
@ohif/app: <w> (during deserialization of webpack/lib/NormalModule)
@ohif/app: <w> (during deserialization of Map)
@ohif/app: <w> (during deserialization of webpack/lib/cache/PackFileCacheStrategy PackContentItems)
@ohif/app: <w> [webpack.cache.PackFileCacheStrategy] Restoring failed for Compilation/modules|D:\OHIF_MP\Viewers_v2\node_modules\babel-loader\lib\index.js??ruleSet[1].rules[0]!D:\OHIF_MP\Viewers_v2\node_modules\babel-loader\lib\index.js??ruleSet[1].rules[2]!D:\OHIF_MP\Viewers_v2\extensions\cornerstone-dicom-sr\src\getSopClassHandlerModule.ts from pack: Error: Cannot find module 'D:\OHIF_MP\Viewers_v2\node_modules\mini-css-extract-plugin\dist\CssDependency'
@ohif/app: <w> Require stack:
@ohif/app: <w> - D:\OHIF_MP\Viewers_v2\node_modules\webpack\lib\serialization\ObjectMiddleware.js
@ohif/app: <w> - D:\OHIF_MP\Viewers_v2\node_modules\webpack\lib\util\serialization.js
@ohif/app: <w> - D:\OHIF_MP\Viewers_v2\node_modules\webpack\lib\util\makeSerializable.js
@ohif/app: <w> - D:\OHIF_MP\Viewers_v2\node_modules\webpack\lib\dependencies\EntryDependency.js
@ohif/app: <w> - D:\OHIF_MP\Viewers_v2\node_modules\webpack\lib\EntryPlugin.js
@ohif/app: <w> - D:\OHIF_MP\Viewers_v2\node_modules\webpack\lib\index.js
@ohif/app: <w> - D:\OHIF_MP\Viewers_v2\node_modules\webpack-cli\lib\webpack-cli.js
@ohif/app: <w> - D:\OHIF_MP\Viewers_v2\node_modules\webpack-cli\lib\bootstrap.js
@ohif/app: <w> - D:\OHIF_MP\Viewers_v2\node_modules\webpack-cli\bin\cli.js
@ohif/app: <w> - D:\OHIF_MP\Viewers_v2\node_modules\webpack\bin\webpack.js
@ohif/app: <w> (during deserialization of Array)
@ohif/app: <w> (during deserialization of webpack/lib/NormalModule)
@ohif/app: <w> (during deserialization of Map)
@ohif/app: <w> (during deserialization of webpack/lib/cache/PackFileCacheStrategy PackContentItems)
@ohif/app: assets by path [1m[32massets/[39m[22m 1.4 MiB 75 assets
@ohif/app: assets by path [1m[32m*.js[39m[22m 44.7 MiB 73 assets
@ohif/app: assets by path [1m[32mort/[39m[22m 136 MiB 55 assets
@ohif/app: assets by path [1m[32mdicom-microscopy-viewer/[39m[22m 19.6 MiB 8 assets
@ohif/app: assets by info 7.97 MiB [1m[32m[immutable][39m[22m 6 assets
@ohif/app: assets by path [1m[32m*.html[39m[22m 7.03 KiB 2 assets
@ohif/app: assets by path [1m[32m*.json[39m[22m 1.41 KiB
@ohif/app:   asset [1m[32mmanifest.json[39m[22m 1.34 KiB [1m[32m[emitted][39m[22m [from: ../public/manifest.json] [1m[32m[copied][39m[22m
@ohif/app:   asset [1m[32mserve.json[39m[22m 70 bytes [1m[32m[emitted][39m[22m [from: ../public/serve.json] [1m[32m[copied][39m[22m
@ohif/app: assets by path [1m[32m*.svg[39m[22m 1.82 KiB
@ohif/app:   asset [1m[32mohif-logo-light.svg[39m[22m 932 bytes [1m[32m[emitted][39m[22m [from: ../public/ohif-logo-light.svg] [1m[32m[copied][39m[22m
@ohif/app:   asset [1m[32mohif-logo.svg[39m[22m 932 bytes [1m[32m[emitted][39m[22m [from: ../public/ohif-logo.svg] [1m[32m[copied][39m[22m
@ohif/app: asset [1m[32m_redirects[39m[22m 156 bytes [1m[32m[emitted][39m[22m [from: ../public/_redirects] [1m[32m[copied][39m[22m
@ohif/app: asset [1m[32m_headers[39m[22m 0 bytes [1m[32m[emitted][39m[22m [from: ../public/_headers] [1m[32m[copied][39m[22m
@ohif/app: [1mLOG from InjectManifest[39m[22m
@ohif/app: <i> [1m[32mThe service worker at sw.js will precache[39m[22m
@ohif/app: <i> [1m[32m        291 URLs, totaling 258 MB.[39m[22m
@ohif/app: [1m[33mWARNING[39m[22m in [entry] [initial]
@ohif/app: [1mCircular dependency between chunks with runtime (app, compute, polySeg)
@ohif/app: This prevents using hashes of each other and should be avoided.[39m[22m
@ohif/app: webpack 5.95.0 compiled with [1m[33m1 warning[39m[22m in 7170 ms (fc7af35454a45a827d6e)
@ohif/app: assets by status 186 MiB [1m[32m[cached][39m[22m 217 assets
@ohif/app: assets by status 23.3 MiB [1m[32m[emitted][39m[22m
@ohif/app:   assets by path [1m[32m*.js[39m[22m 23.3 MiB
@ohif/app:     assets by info 4.08 KiB [1m[32m[immutable][39m[22m
@ohif/app:       asset [1m[32minterpolation.fc7af35454a45a827d6e.hot-update.js[39m[22m 1.07 KiB [1m[32m[emitted][39m[22m [1m[32m[immutable][39m[22m [1m[32m[hmr][39m[22m (name: interpolation) 1 related asset
@ohif/app:       asset [1m[32mapp.fc7af35454a45a827d6e.hot-update.js[39m[22m 1.02 KiB [1m[32m[emitted][39m[22m [1m[32m[immutable][39m[22m [1m[32m[hmr][39m[22m (name: app) 1 related asset
@ohif/app:       + 5 assets
@ohif/app:     + 8 assets
@ohif/app:   assets by path [1m[32m*.json[39m[22m 344 bytes
@ohif/app:     asset [1m[32m124812abb2e3257db6d2.fc7af35454a45a827d6e.hot-update.json[39m[22m 107 bytes [1m[32m[emitted][39m[22m [1m[32m[immutable][39m[22m [1m[32m[hmr][39m[22m
@ohif/app:     asset [1m[32mf860d6f2d9afc26ef01e.fc7af35454a45a827d6e.hot-update.json[39m[22m 71 bytes [1m[32m[emitted][39m[22m [1m[32m[immutable][39m[22m [1m[32m[hmr][39m[22m
@ohif/app:     asset [1m[32m5cb25928b5d9e9a3db9c.fc7af35454a45a827d6e.hot-update.json[39m[22m 40 bytes [1m[32m[emitted][39m[22m [1m[32m[immutable][39m[22m [1m[32m[hmr][39m[22m
@ohif/app:     asset [1m[32mc214c7ef7793ad6d669d.fc7af35454a45a827d6e.hot-update.json[39m[22m 37 bytes [1m[32m[emitted][39m[22m [1m[32m[immutable][39m[22m [1m[32m[hmr][39m[22m
@ohif/app:     asset [1m[32md6aaafa183cfdba1a372.fc7af35454a45a827d6e.hot-update.json[39m[22m 31 bytes [1m[32m[emitted][39m[22m [1m[32m[immutable][39m[22m [1m[32m[hmr][39m[22m
@ohif/app:     + 2 assets
@ohif/app: Entrypoint [1mapp[39m[22m 22.9 MiB (23 MiB) = [1m[32mapp.js[39m[22m 22.9 MiB [1m[32mapp.fc7af35454a45a827d6e.hot-update.js[39m[22m 1.02 KiB 34 auxiliary assets
@ohif/app: [1mLOG from InjectManifest[39m[22m
@ohif/app: <i> [1m[32mThe service worker at sw.js will precache[39m[22m
@ohif/app: <i> [1m[32m        311 URLs, totaling 258 MB.[39m[22m
@ohif/app: [1m[33mWARNING[39m[22m in [entry] [initial]
@ohif/app: [1mCircular dependency between chunks with runtime (app, compute, polySeg)
@ohif/app: This prevents using hashes of each other and should be avoided.[39m[22m
@ohif/app: [1m[33mWARNING[39m[22m in [1mInjectManifest has been called multiple times, perhaps due to running webpack in --watch mode. The precache manifest generated after the first call may be inaccurate! Please see https://github.com/GoogleChrome/workbox/issues/1790 for more information.[39m[22m
@ohif/app: webpack 5.95.0 compiled with [1m[33m2 warnings[39m[22m in 2611 ms (a7717a8a05270685500a)
@ohif/app: <w> [webpack.cache.PackFileCacheStrategy] Caching failed for pack: Error: Cannot find module 'D:\OHIF_MP\Viewers_v2\node_modules\mini-css-extract-plugin\dist\CssDependency'
@ohif/app: <w> Require stack:
@ohif/app: <w> - D:\OHIF_MP\Viewers_v2\node_modules\webpack\lib\serialization\ObjectMiddleware.js
@ohif/app: <w> - D:\OHIF_MP\Viewers_v2\node_modules\webpack\lib\util\serialization.js
@ohif/app: <w> - D:\OHIF_MP\Viewers_v2\node_modules\webpack\lib\util\makeSerializable.js
@ohif/app: <w> - D:\OHIF_MP\Viewers_v2\node_modules\webpack\lib\dependencies\EntryDependency.js
@ohif/app: <w> - D:\OHIF_MP\Viewers_v2\node_modules\webpack\lib\EntryPlugin.js
@ohif/app: <w> - D:\OHIF_MP\Viewers_v2\node_modules\webpack\lib\index.js
@ohif/app: <w> - D:\OHIF_MP\Viewers_v2\node_modules\webpack-cli\lib\webpack-cli.js
@ohif/app: <w> - D:\OHIF_MP\Viewers_v2\node_modules\webpack-cli\lib\bootstrap.js
@ohif/app: <w> - D:\OHIF_MP\Viewers_v2\node_modules\webpack-cli\bin\cli.js
@ohif/app: <w> - D:\OHIF_MP\Viewers_v2\node_modules\webpack\bin\webpack.js
@ohif/app: <w> (during deserialization of Array)
@ohif/app: <w> (during deserialization of webpack/lib/NormalModule)
@ohif/app: <w> (during deserialization of Map)
@ohif/app: <w> (during deserialization of webpack/lib/cache/PackFileCacheStrategy PackContentItems)
@ohif/app: assets by status 209 MiB [1m[32m[cached][39m[22m 224 assets
@ohif/app: asset [1m[32msw.js[39m[22m 30.6 KiB [1m[32m[emitted][39m[22m 1 related asset
@ohif/app: [1mLOG from InjectManifest[39m[22m
@ohif/app: <i> [1m[32mThe service worker at sw.js will precache[39m[22m
@ohif/app: <i> [1m[32m        290 URLs, totaling 258 MB.[39m[22m
@ohif/app: [1m[33mWARNING[39m[22m in [entry] [initial]
@ohif/app: [1mCircular dependency between chunks with runtime (app, compute, polySeg)
@ohif/app: This prevents using hashes of each other and should be avoided.[39m[22m
@ohif/app: [1m[33mWARNING[39m[22m in [1mInjectManifest has been called multiple times, perhaps due to running webpack in --watch mode. The precache manifest generated after the first call may be inaccurate! Please see https://github.com/GoogleChrome/workbox/issues/1790 for more information.[39m[22m
@ohif/app: webpack 5.95.0 compiled with [1m[33m2 warnings[39m[22m in 2423 ms (a7717a8a05270685500a)
@ohif/app: <w> [webpack.cache.PackFileCacheStrategy] Caching failed for pack: Error: Cannot find module 'D:\OHIF_MP\Viewers_v2\node_modules\mini-css-extract-plugin\dist\CssDependency'
@ohif/app: <w> Require stack:
@ohif/app: <w> - D:\OHIF_MP\Viewers_v2\node_modules\webpack\lib\serialization\ObjectMiddleware.js
@ohif/app: <w> - D:\OHIF_MP\Viewers_v2\node_modules\webpack\lib\util\serialization.js
@ohif/app: <w> - D:\OHIF_MP\Viewers_v2\node_modules\webpack\lib\util\makeSerializable.js
@ohif/app: <w> - D:\OHIF_MP\Viewers_v2\node_modules\webpack\lib\dependencies\EntryDependency.js
@ohif/app: <w> - D:\OHIF_MP\Viewers_v2\node_modules\webpack\lib\EntryPlugin.js
@ohif/app: <w> - D:\OHIF_MP\Viewers_v2\node_modules\webpack\lib\index.js
@ohif/app: <w> - D:\OHIF_MP\Viewers_v2\node_modules\webpack-cli\lib\webpack-cli.js
@ohif/app: <w> - D:\OHIF_MP\Viewers_v2\node_modules\webpack-cli\lib\bootstrap.js
@ohif/app: <w> - D:\OHIF_MP\Viewers_v2\node_modules\webpack-cli\bin\cli.js
@ohif/app: <w> - D:\OHIF_MP\Viewers_v2\node_modules\webpack\bin\webpack.js
@ohif/app: <w> (during deserialization of Array)
@ohif/app: <w> (during deserialization of webpack/lib/NormalModule)
@ohif/app: <w> (during deserialization of Map)
@ohif/app: <w> (during deserialization of webpack/lib/cache/PackFileCacheStrategy PackContentItems)
@ohif/app: assets by status 209 MiB [1m[32m[cached][39m[22m 224 assets
@ohif/app: asset [1m[32msw.js[39m[22m 30.6 KiB [1m[32m[emitted][39m[22m 1 related asset
@ohif/app: [1mLOG from InjectManifest[39m[22m
@ohif/app: <i> [1m[32mThe service worker at sw.js will precache[39m[22m
@ohif/app: <i> [1m[32m        290 URLs, totaling 258 MB.[39m[22m
@ohif/app: [1m[33mWARNING[39m[22m in [entry] [initial]
@ohif/app: [1mCircular dependency between chunks with runtime (app, compute, polySeg)
@ohif/app: This prevents using hashes of each other and should be avoided.[39m[22m
@ohif/app: [1m[33mWARNING[39m[22m in [1mInjectManifest has been called multiple times, perhaps due to running webpack in --watch mode. The precache manifest generated after the first call may be inaccurate! Please see https://github.com/GoogleChrome/workbox/issues/1790 for more information.[39m[22m
@ohif/app: webpack 5.95.0 compiled with [1m[33m2 warnings[39m[22m in 2186 ms (a7717a8a05270685500a)
@ohif/app: assets by status 186 MiB [1m[32m[cached][39m[22m 216 assets
@ohif/app: assets by status 23.5 MiB [1m[32m[emitted][39m[22m
@ohif/app:   assets by path [1m[32m*.js[39m[22m 23.5 MiB
@ohif/app:     assets by info 42 KiB [1m[32m[immutable][39m[22m
@ohif/app:       asset [1m[32mextensions_cornerstone-dicom-sr_src_index_tsx.a7717a8a05270685500a.hot-update.js[39m[22m 39.3 KiB [1m[32m[emitted][39m[22m [1m[32m[immutable][39m[22m [1m[32m[hmr][39m[22m 1 related asset
@ohif/app:       asset [1m[32mvendors-node_modules_itk-wasm_dist_pipeline_web-workers_itk-wasm-pipeline_worker_js.a7717a8a05270685500a.hot-update.js[39m[22m 509 bytes [1m[32m[emitted][39m[22m [1m[32m[immutable][39m[22m [1m[32m[hmr][39m[22m (id hint: vendors) 1 related asset
@ohif/app:       + 6 assets
@ohif/app:     + 9 assets
@ohif/app:   assets by path [1m[32m*.json[39m[22m 392 bytes
@ohif/app:     asset [1m[32m124812abb2e3257db6d2.a7717a8a05270685500a.hot-update.json[39m[22m 107 bytes [1m[32m[emitted][39m[22m [1m[32m[immutable][39m[22m [1m[32m[hmr][39m[22m
@ohif/app:     asset [1m[32mapp.a7717a8a05270685500a.hot-update.json[39m[22m 75 bytes [1m[32m[emitted][39m[22m [1m[32m[immutable][39m[22m [1m[32m[hmr][39m[22m
@ohif/app:     asset [1m[32mf860d6f2d9afc26ef01e.a7717a8a05270685500a.hot-update.json[39m[22m 71 bytes [1m[32m[emitted][39m[22m [1m[32m[immutable][39m[22m [1m[32m[hmr][39m[22m
@ohif/app:     asset [1m[32m5cb25928b5d9e9a3db9c.a7717a8a05270685500a.hot-update.json[39m[22m 40 bytes [1m[32m[emitted][39m[22m [1m[32m[immutable][39m[22m [1m[32m[hmr][39m[22m
@ohif/app:     asset [1m[32mc214c7ef7793ad6d669d.a7717a8a05270685500a.hot-update.json[39m[22m 37 bytes [1m[32m[emitted][39m[22m [1m[32m[immutable][39m[22m [1m[32m[hmr][39m[22m
@ohif/app:     + 2 assets
@ohif/app: Entrypoint [1mapp[39m[22m 22.9 MiB (23 MiB) = [1m[32mapp.js[39m[22m 22.9 MiB [1m[32mapp.a7717a8a05270685500a.hot-update.js[39m[22m 349 bytes 34 auxiliary assets
@ohif/app: [1mLOG from InjectManifest[39m[22m
@ohif/app: <i> [1m[32mThe service worker at sw.js will precache[39m[22m
@ohif/app: <i> [1m[32m        313 URLs, totaling 258 MB.[39m[22m
@ohif/app: [1m[33mWARNING[39m[22m in [entry] [initial]
@ohif/app: [1mCircular dependency between chunks with runtime (app, compute, polySeg)
@ohif/app: This prevents using hashes of each other and should be avoided.[39m[22m
@ohif/app: [1m[33mWARNING[39m[22m in [1mInjectManifest has been called multiple times, perhaps due to running webpack in --watch mode. The precache manifest generated after the first call may be inaccurate! Please see https://github.com/GoogleChrome/workbox/issues/1790 for more information.[39m[22m
@ohif/app: webpack 5.95.0 compiled with [1m[33m2 warnings[39m[22m in 2969 ms (5c44de0392aa51e5519d)
@ohif/app: <w> [webpack.cache.PackFileCacheStrategy] Caching failed for pack: Error: Cannot find module 'D:\OHIF_MP\Viewers_v2\node_modules\mini-css-extract-plugin\dist\CssDependency'
@ohif/app: <w> Require stack:
@ohif/app: <w> - D:\OHIF_MP\Viewers_v2\node_modules\webpack\lib\serialization\ObjectMiddleware.js
@ohif/app: <w> - D:\OHIF_MP\Viewers_v2\node_modules\webpack\lib\util\serialization.js
@ohif/app: <w> - D:\OHIF_MP\Viewers_v2\node_modules\webpack\lib\util\makeSerializable.js
@ohif/app: <w> - D:\OHIF_MP\Viewers_v2\node_modules\webpack\lib\dependencies\EntryDependency.js
@ohif/app: <w> - D:\OHIF_MP\Viewers_v2\node_modules\webpack\lib\EntryPlugin.js
@ohif/app: <w> - D:\OHIF_MP\Viewers_v2\node_modules\webpack\lib\index.js
@ohif/app: <w> - D:\OHIF_MP\Viewers_v2\node_modules\webpack-cli\lib\webpack-cli.js
@ohif/app: <w> - D:\OHIF_MP\Viewers_v2\node_modules\webpack-cli\lib\bootstrap.js
@ohif/app: <w> - D:\OHIF_MP\Viewers_v2\node_modules\webpack-cli\bin\cli.js
@ohif/app: <w> - D:\OHIF_MP\Viewers_v2\node_modules\webpack\bin\webpack.js
@ohif/app: <w> (during deserialization of Array)
@ohif/app: <w> (during deserialization of webpack/lib/NormalModule)
@ohif/app: <w> (during deserialization of Map)
@ohif/app: <w> (during deserialization of webpack/lib/cache/PackFileCacheStrategy PackContentItems)
